<?xml version="1.0" encoding="UTF-8"?>
<questestinterop xmlns="http://www.imsglobal.org/xsd/ims_qtiasiv1p2" xmlns:xsi="http://www.w3.org/2001/XMLSchema-instance" xsi:schemaLocation="http://www.imsglobal.org/xsd/ims_qtiasiv1p2 http://www.imsglobal.org/xsd/ims_qtiasiv1p2p1.xsd">
  <assessment ident="text2qti_assessment_7c5ca284839675994453ea6e4200ec079a84c26d91031b89f80f40171e1905d5" title="PHP Basics MCQs">
    <qtimetadata>
      <qtimetadatafield>
        <fieldlabel>cc_maxattempts</fieldlabel>
        <fieldentry>1</fieldentry>
      </qtimetadatafield>
    </qtimetadata>
    <section ident="root_section">
      <item ident="text2qti_question_5e8d07a44a438e782cf1e4d0a9c60cfabaf5c285326fdaea160aec66d4782aa1" title="Question">
        <itemmetadata>
          <qtimetadata>
            <qtimetadatafield>
              <fieldlabel>question_type</fieldlabel>
              <fieldentry>multiple_choice_question</fieldentry>
            </qtimetadatafield>
            <qtimetadatafield>
              <fieldlabel>points_possible</fieldlabel>
              <fieldentry>1</fieldentry>
            </qtimetadatafield>
            <qtimetadatafield>
              <fieldlabel>original_answer_ids</fieldlabel>
              <fieldentry>text2qti_choice_eb06fbbb9cd09fe24da8c06dcb2ac57aeab4f98b2351f36194e49a6b452d111d,text2qti_choice_e2827f02953dda47124d18a6ac266ee9f6124c4a7a85f35f12921b5cc6bb97e1,text2qti_choice_1e81b430337706f81f7e83fabf61732a77d35e75f0e32be32c80b67b841a50a8,text2qti_choice_f5b3652e45d12080a273299c5152099d115ca46e797ce68e846a6cd6260fd278</fieldentry>
            </qtimetadatafield>
            <qtimetadatafield>
              <fieldlabel>assessment_question_identifierref</fieldlabel>
              <fieldentry>text2qti_question_ref_5e8d07a44a438e782cf1e4d0a9c60cfabaf5c285326fdaea160aec66d4782aa1</fieldentry>
            </qtimetadatafield>
          </qtimetadata>
        </itemmetadata>
        <presentation>
          <material>
            <mattext texttype="text/html">&lt;p&gt;PHP is an acronym for ____.&lt;/p&gt;</mattext>
          </material>
          <response_lid ident="response1" rcardinality="Single">
            <render_choice>
              <response_label ident="text2qti_choice_eb06fbbb9cd09fe24da8c06dcb2ac57aeab4f98b2351f36194e49a6b452d111d">
                <material>
                  <mattext texttype="text/html">&lt;p&gt;Prefix Hypertext Preprocessor&lt;/p&gt;</mattext>
                </material>
              </response_label>
              <response_label ident="text2qti_choice_e2827f02953dda47124d18a6ac266ee9f6124c4a7a85f35f12921b5cc6bb97e1">
                <material>
                  <mattext texttype="text/html">&lt;p&gt;Prototype Hypertext Preprocessor&lt;/p&gt;</mattext>
                </material>
              </response_label>
              <response_label ident="text2qti_choice_1e81b430337706f81f7e83fabf61732a77d35e75f0e32be32c80b67b841a50a8">
                <material>
                  <mattext texttype="text/html">&lt;p&gt;Hypertext Preprocessor&lt;/p&gt;</mattext>
                </material>
              </response_label>
              <response_label ident="text2qti_choice_f5b3652e45d12080a273299c5152099d115ca46e797ce68e846a6cd6260fd278">
                <material>
                  <mattext texttype="text/html">&lt;p&gt;PHP: Hypertext Preprocessor&lt;/p&gt;</mattext>
                </material>
              </response_label>
            </render_choice>
          </response_lid>
        </presentation>
        <resprocessing>
          <outcomes>
            <decvar maxvalue="100" minvalue="0" varname="SCORE" vartype="Decimal"/>
          </outcomes>
          <respcondition continue="No">
            <conditionvar>
              <varequal respident="response1">text2qti_choice_f5b3652e45d12080a273299c5152099d115ca46e797ce68e846a6cd6260fd278</varequal>
            </conditionvar>
            <setvar action="Set" varname="SCORE">100</setvar>
          </respcondition>
        </resprocessing>
      </item>
      <item ident="text2qti_question_2e8b658579e9ee56270ee0c27ca4f8778968e343db9af87757016332bd5d8851" title="Question">
        <itemmetadata>
          <qtimetadata>
            <qtimetadatafield>
              <fieldlabel>question_type</fieldlabel>
              <fieldentry>multiple_choice_question</fieldentry>
            </qtimetadatafield>
            <qtimetadatafield>
              <fieldlabel>points_possible</fieldlabel>
              <fieldentry>1</fieldentry>
            </qtimetadatafield>
            <qtimetadatafield>
              <fieldlabel>original_answer_ids</fieldlabel>
              <fieldentry>text2qti_choice_c7abc7e62d92628b64d1c7344939f75dad67415fd55c09e7bc4224b7aea107d8,text2qti_choice_368300266dee94f85ea7ede4b75694c9d0158bb4ce554f7c7ef76843197288ff,text2qti_choice_876d70c6385f607b0db73b5a562d71afc0f9bbe8b81467d6ff9e3e889839fe2b,text2qti_choice_1936981a0f0d7529a8d8f66fb16203729b2f6a0a757af43c5c4a5efffb7780b1</fieldentry>
            </qtimetadatafield>
            <qtimetadatafield>
              <fieldlabel>assessment_question_identifierref</fieldlabel>
              <fieldentry>text2qti_question_ref_2e8b658579e9ee56270ee0c27ca4f8778968e343db9af87757016332bd5d8851</fieldentry>
            </qtimetadatafield>
          </qtimetadata>
        </itemmetadata>
        <presentation>
          <material>
            <mattext texttype="text/html">&lt;p&gt;Which is/are statement(s) true about PHP?&lt;/p&gt;</mattext>
          </material>
          <response_lid ident="response1" rcardinality="Single">
            <render_choice>
              <response_label ident="text2qti_choice_c7abc7e62d92628b64d1c7344939f75dad67415fd55c09e7bc4224b7aea107d8">
                <material>
                  <mattext texttype="text/html">&lt;p&gt;It is an open-source scripting language&lt;/p&gt;</mattext>
                </material>
              </response_label>
              <response_label ident="text2qti_choice_368300266dee94f85ea7ede4b75694c9d0158bb4ce554f7c7ef76843197288ff">
                <material>
                  <mattext texttype="text/html">&lt;p&gt;PHP scripts execute on the server&lt;/p&gt;</mattext>
                </material>
              </response_label>
              <response_label ident="text2qti_choice_876d70c6385f607b0db73b5a562d71afc0f9bbe8b81467d6ff9e3e889839fe2b">
                <material>
                  <mattext texttype="text/html">&lt;p&gt;It is used for developing dynamic &amp;amp; interactive websites&lt;/p&gt;</mattext>
                </material>
              </response_label>
              <response_label ident="text2qti_choice_1936981a0f0d7529a8d8f66fb16203729b2f6a0a757af43c5c4a5efffb7780b1">
                <material>
                  <mattext texttype="text/html">&lt;p&gt;All of the above&lt;/p&gt;</mattext>
                </material>
              </response_label>
            </render_choice>
          </response_lid>
        </presentation>
        <resprocessing>
          <outcomes>
            <decvar maxvalue="100" minvalue="0" varname="SCORE" vartype="Decimal"/>
          </outcomes>
          <respcondition continue="No">
            <conditionvar>
              <varequal respident="response1">text2qti_choice_1936981a0f0d7529a8d8f66fb16203729b2f6a0a757af43c5c4a5efffb7780b1</varequal>
            </conditionvar>
            <setvar action="Set" varname="SCORE">100</setvar>
          </respcondition>
        </resprocessing>
      </item>
      <item ident="text2qti_question_35bfb3d1ab983f6b27e541fce5bc3f3c184c4420990ced7ae4c847f4773af2e9" title="Question">
        <itemmetadata>
          <qtimetadata>
            <qtimetadatafield>
              <fieldlabel>question_type</fieldlabel>
              <fieldentry>multiple_choice_question</fieldentry>
            </qtimetadatafield>
            <qtimetadatafield>
              <fieldlabel>points_possible</fieldlabel>
              <fieldentry>1</fieldentry>
            </qtimetadatafield>
            <qtimetadatafield>
              <fieldlabel>original_answer_ids</fieldlabel>
              <fieldentry>text2qti_choice_46b11158a1d987afbc5a3afc67d3109eeb7fca6ecd1e8cdc72c5debce90fcd71,text2qti_choice_f757ec1b724f7525c9fd1ca32a8a3e737fef456dd5a1359fdb022826bca55673,text2qti_choice_0efea3d21ce741f49bde2fcdb7cf0c96be4725f29c867d1b6239a0fd8fe3b5bf,text2qti_choice_a4b3001caeb35733582fc6500bbe4a4a782cf8d3d5b555e75f1f4c3710510bfa</fieldentry>
            </qtimetadatafield>
            <qtimetadatafield>
              <fieldlabel>assessment_question_identifierref</fieldlabel>
              <fieldentry>text2qti_question_ref_35bfb3d1ab983f6b27e541fce5bc3f3c184c4420990ced7ae4c847f4773af2e9</fieldentry>
            </qtimetadatafield>
          </qtimetadata>
        </itemmetadata>
        <presentation>
          <material>
            <mattext texttype="text/html">&lt;p&gt;What is the extension of a PHP file?&lt;/p&gt;</mattext>
          </material>
          <response_lid ident="response1" rcardinality="Single">
            <render_choice>
              <response_label ident="text2qti_choice_46b11158a1d987afbc5a3afc67d3109eeb7fca6ecd1e8cdc72c5debce90fcd71">
                <material>
                  <mattext texttype="text/html">&lt;p&gt;.php&lt;/p&gt;</mattext>
                </material>
              </response_label>
              <response_label ident="text2qti_choice_f757ec1b724f7525c9fd1ca32a8a3e737fef456dd5a1359fdb022826bca55673">
                <material>
                  <mattext texttype="text/html">&lt;p&gt;.ph&lt;/p&gt;</mattext>
                </material>
              </response_label>
              <response_label ident="text2qti_choice_0efea3d21ce741f49bde2fcdb7cf0c96be4725f29c867d1b6239a0fd8fe3b5bf">
                <material>
                  <mattext texttype="text/html">&lt;p&gt;.phpfile&lt;/p&gt;</mattext>
                </material>
              </response_label>
              <response_label ident="text2qti_choice_a4b3001caeb35733582fc6500bbe4a4a782cf8d3d5b555e75f1f4c3710510bfa">
                <material>
                  <mattext texttype="text/html">&lt;p&gt;All of the above&lt;/p&gt;</mattext>
                </material>
              </response_label>
            </render_choice>
          </response_lid>
        </presentation>
        <resprocessing>
          <outcomes>
            <decvar maxvalue="100" minvalue="0" varname="SCORE" vartype="Decimal"/>
          </outcomes>
          <respcondition continue="No">
            <conditionvar>
              <varequal respident="response1">text2qti_choice_46b11158a1d987afbc5a3afc67d3109eeb7fca6ecd1e8cdc72c5debce90fcd71</varequal>
            </conditionvar>
            <setvar action="Set" varname="SCORE">100</setvar>
          </respcondition>
        </resprocessing>
      </item>
      <item ident="text2qti_question_ac62c6d72ee904aa5dc54aa8a073a367241de52cb3c3dfa6d40a60f7456332db" title="Question">
        <itemmetadata>
          <qtimetadata>
            <qtimetadatafield>
              <fieldlabel>question_type</fieldlabel>
              <fieldentry>multiple_choice_question</fieldentry>
            </qtimetadatafield>
            <qtimetadatafield>
              <fieldlabel>points_possible</fieldlabel>
              <fieldentry>1</fieldentry>
            </qtimetadatafield>
            <qtimetadatafield>
              <fieldlabel>original_answer_ids</fieldlabel>
              <fieldentry>text2qti_choice_1fda55fdc97429f3d792cca599ba7a9cde7fd0d19d955d0176234fe5a9a1b804,text2qti_choice_5edfb01ebe9e7256e1472135d062cb8af6880281ee48edbd34d7497019b36791,text2qti_choice_48173de3fb22b68d2a5d26fd1ad6064928f320394a127b24e72eaddfc04548cb,text2qti_choice_125c24cb1a604554ebfbe397e8b97b0eb89026f31de4e0aeced3d224bbcdf1d3</fieldentry>
            </qtimetadatafield>
            <qtimetadatafield>
              <fieldlabel>assessment_question_identifierref</fieldlabel>
              <fieldentry>text2qti_question_ref_ac62c6d72ee904aa5dc54aa8a073a367241de52cb3c3dfa6d40a60f7456332db</fieldentry>
            </qtimetadatafield>
          </qtimetadata>
        </itemmetadata>
        <presentation>
          <material>
            <mattext texttype="text/html">&lt;p&gt;Who developed PHP?&lt;/p&gt;</mattext>
          </material>
          <response_lid ident="response1" rcardinality="Single">
            <render_choice>
              <response_label ident="text2qti_choice_1fda55fdc97429f3d792cca599ba7a9cde7fd0d19d955d0176234fe5a9a1b804">
                <material>
                  <mattext texttype="text/html">&lt;p&gt;Guido van Rossum&lt;/p&gt;</mattext>
                </material>
              </response_label>
              <response_label ident="text2qti_choice_5edfb01ebe9e7256e1472135d062cb8af6880281ee48edbd34d7497019b36791">
                <material>
                  <mattext texttype="text/html">&lt;p&gt;Rasmus Lerdorf&lt;/p&gt;</mattext>
                </material>
              </response_label>
              <response_label ident="text2qti_choice_48173de3fb22b68d2a5d26fd1ad6064928f320394a127b24e72eaddfc04548cb">
                <material>
                  <mattext texttype="text/html">&lt;p&gt;Jesse James Garrett&lt;/p&gt;</mattext>
                </material>
              </response_label>
              <response_label ident="text2qti_choice_125c24cb1a604554ebfbe397e8b97b0eb89026f31de4e0aeced3d224bbcdf1d3">
                <material>
                  <mattext texttype="text/html">&lt;p&gt;Douglas Crockford&lt;/p&gt;</mattext>
                </material>
              </response_label>
            </render_choice>
          </response_lid>
        </presentation>
        <resprocessing>
          <outcomes>
            <decvar maxvalue="100" minvalue="0" varname="SCORE" vartype="Decimal"/>
          </outcomes>
          <respcondition continue="No">
            <conditionvar>
              <varequal respident="response1">text2qti_choice_5edfb01ebe9e7256e1472135d062cb8af6880281ee48edbd34d7497019b36791</varequal>
            </conditionvar>
            <setvar action="Set" varname="SCORE">100</setvar>
          </respcondition>
        </resprocessing>
      </item>
      <item ident="text2qti_question_8c160ba0b6a52ee6138577c07021f541167a848a85c332f9e5128e54f0da87fa" title="Question">
        <itemmetadata>
          <qtimetadata>
            <qtimetadatafield>
              <fieldlabel>question_type</fieldlabel>
              <fieldentry>multiple_choice_question</fieldentry>
            </qtimetadatafield>
            <qtimetadatafield>
              <fieldlabel>points_possible</fieldlabel>
              <fieldentry>1</fieldentry>
            </qtimetadatafield>
            <qtimetadatafield>
              <fieldlabel>original_answer_ids</fieldlabel>
              <fieldentry>text2qti_choice_1d907e2d1fdd31b9301d9cd69134902e4c8c29a0b3f91d8b17b017cd0ce3667a,text2qti_choice_67aa82a2e3bbd17850df51bd83a5913acdf6e6c852d6bb4019ab58f6c260d302,text2qti_choice_2844f74f20471f122c1d728c6560dc773341cf162de9b24feec8b74d1ae66e37,text2qti_choice_53c901c54646cd2ef0ecf6ea6e68c38c28092cdfd97355f3df0be393ead05332</fieldentry>
            </qtimetadatafield>
            <qtimetadatafield>
              <fieldlabel>assessment_question_identifierref</fieldlabel>
              <fieldentry>text2qti_question_ref_8c160ba0b6a52ee6138577c07021f541167a848a85c332f9e5128e54f0da87fa</fieldentry>
            </qtimetadatafield>
          </qtimetadata>
        </itemmetadata>
        <presentation>
          <material>
            <mattext texttype="text/html">&lt;p&gt;In which year PHP was developed?&lt;/p&gt;</mattext>
          </material>
          <response_lid ident="response1" rcardinality="Single">
            <render_choice>
              <response_label ident="text2qti_choice_1d907e2d1fdd31b9301d9cd69134902e4c8c29a0b3f91d8b17b017cd0ce3667a">
                <material>
                  <mattext texttype="text/html">&lt;p&gt;1993&lt;/p&gt;</mattext>
                </material>
              </response_label>
              <response_label ident="text2qti_choice_67aa82a2e3bbd17850df51bd83a5913acdf6e6c852d6bb4019ab58f6c260d302">
                <material>
                  <mattext texttype="text/html">&lt;p&gt;1994&lt;/p&gt;</mattext>
                </material>
              </response_label>
              <response_label ident="text2qti_choice_2844f74f20471f122c1d728c6560dc773341cf162de9b24feec8b74d1ae66e37">
                <material>
                  <mattext texttype="text/html">&lt;p&gt;1995&lt;/p&gt;</mattext>
                </material>
              </response_label>
              <response_label ident="text2qti_choice_53c901c54646cd2ef0ecf6ea6e68c38c28092cdfd97355f3df0be393ead05332">
                <material>
                  <mattext texttype="text/html">&lt;p&gt;1996&lt;/p&gt;</mattext>
                </material>
              </response_label>
            </render_choice>
          </response_lid>
        </presentation>
        <resprocessing>
          <outcomes>
            <decvar maxvalue="100" minvalue="0" varname="SCORE" vartype="Decimal"/>
          </outcomes>
          <respcondition continue="No">
            <conditionvar>
              <varequal respident="response1">text2qti_choice_67aa82a2e3bbd17850df51bd83a5913acdf6e6c852d6bb4019ab58f6c260d302</varequal>
            </conditionvar>
            <setvar action="Set" varname="SCORE">100</setvar>
          </respcondition>
        </resprocessing>
      </item>
      <item ident="text2qti_question_6df2ea2f72eff3293229f69930ec3bde564f56eed17d36de756864cdefe6ca97" title="Question">
        <itemmetadata>
          <qtimetadata>
            <qtimetadatafield>
              <fieldlabel>question_type</fieldlabel>
              <fieldentry>multiple_choice_question</fieldentry>
            </qtimetadatafield>
            <qtimetadatafield>
              <fieldlabel>points_possible</fieldlabel>
              <fieldentry>1</fieldentry>
            </qtimetadatafield>
            <qtimetadatafield>
              <fieldlabel>original_answer_ids</fieldlabel>
              <fieldentry>text2qti_choice_e92abe6a1946796405fb899d50e36275789ad8637d690e38e21a210f3ba8a868,text2qti_choice_087d384ddb91659b86bc79a6a922a21e8791cb86eed27b1b92b982dec650b71f,text2qti_choice_fa8a3b65adb032098f89142a5c97ef6c6ddf36f21af39ccd87f76aceeb10b247,text2qti_choice_e91a00442eadc19d27740fbb4c40e076a24f70f5c295654966ef0043870a43cc</fieldentry>
            </qtimetadatafield>
            <qtimetadatafield>
              <fieldlabel>assessment_question_identifierref</fieldlabel>
              <fieldentry>text2qti_question_ref_6df2ea2f72eff3293229f69930ec3bde564f56eed17d36de756864cdefe6ca97</fieldentry>
            </qtimetadatafield>
          </qtimetadata>
        </itemmetadata>
        <presentation>
          <material>
            <mattext texttype="text/html">&lt;p&gt;A PHP script starts with &lt;strong&gt;&lt;em&gt;_ and ends with &lt;/em&gt;&lt;/strong&gt;.&lt;/p&gt;</mattext>
          </material>
          <response_lid ident="response1" rcardinality="Single">
            <render_choice>
              <response_label ident="text2qti_choice_e92abe6a1946796405fb899d50e36275789ad8637d690e38e21a210f3ba8a868">
                <material>
                  <mattext texttype="text/html">&lt;?php and ?&gt;</mattext>
                </material>
              </response_label>
              <response_label ident="text2qti_choice_087d384ddb91659b86bc79a6a922a21e8791cb86eed27b1b92b982dec650b71f">
                <material>
                  <mattext texttype="text/html">&lt;p&gt;&lt;php&gt; and &lt;/php&gt;&lt;/p&gt;</mattext>
                </material>
              </response_label>
              <response_label ident="text2qti_choice_fa8a3b65adb032098f89142a5c97ef6c6ddf36f21af39ccd87f76aceeb10b247">
                <material>
                  <mattext texttype="text/html">&lt;p&gt;&amp;lt;?php and /?php&amp;gt;&lt;/p&gt;</mattext>
                </material>
              </response_label>
              <response_label ident="text2qti_choice_e91a00442eadc19d27740fbb4c40e076a24f70f5c295654966ef0043870a43cc">
                <material>
                  <mattext texttype="text/html">&lt;p&gt;&lt;/php and /&gt;&lt;/p&gt;</mattext>
                </material>
              </response_label>
            </render_choice>
          </response_lid>
        </presentation>
        <resprocessing>
          <outcomes>
            <decvar maxvalue="100" minvalue="0" varname="SCORE" vartype="Decimal"/>
          </outcomes>
          <respcondition continue="No">
            <conditionvar>
              <varequal respident="response1">text2qti_choice_e92abe6a1946796405fb899d50e36275789ad8637d690e38e21a210f3ba8a868</varequal>
            </conditionvar>
            <setvar action="Set" varname="SCORE">100</setvar>
          </respcondition>
        </resprocessing>
      </item>
      <item ident="text2qti_question_0aafc18cd7e34ef686c1c5e7b5c72ba2ef2250951a5448b1967242692980062f" title="Question">
        <itemmetadata>
          <qtimetadata>
            <qtimetadatafield>
              <fieldlabel>question_type</fieldlabel>
              <fieldentry>multiple_choice_question</fieldentry>
            </qtimetadatafield>
            <qtimetadatafield>
              <fieldlabel>points_possible</fieldlabel>
              <fieldentry>1</fieldentry>
            </qtimetadatafield>
            <qtimetadatafield>
              <fieldlabel>original_answer_ids</fieldlabel>
              <fieldentry>text2qti_choice_3bc596abd6ff0d76bcd2a2471def48e350ce554f69463f14000b621a09955e90,text2qti_choice_3e9d59e2744a3916824d85cdd78c5c451c3547892cc5aa77fcc089203aa29d81</fieldentry>
            </qtimetadatafield>
            <qtimetadatafield>
              <fieldlabel>assessment_question_identifierref</fieldlabel>
              <fieldentry>text2qti_question_ref_0aafc18cd7e34ef686c1c5e7b5c72ba2ef2250951a5448b1967242692980062f</fieldentry>
            </qtimetadatafield>
          </qtimetadata>
        </itemmetadata>
        <presentation>
          <material>
            <mattext texttype="text/html">&lt;p&gt;PHP keywords are case-sensitive?&lt;/p&gt;</mattext>
          </material>
          <response_lid ident="response1" rcardinality="Single">
            <render_choice>
              <response_label ident="text2qti_choice_3bc596abd6ff0d76bcd2a2471def48e350ce554f69463f14000b621a09955e90">
                <material>
                  <mattext texttype="text/html">&lt;p&gt;Yes&lt;/p&gt;</mattext>
                </material>
              </response_label>
              <response_label ident="text2qti_choice_3e9d59e2744a3916824d85cdd78c5c451c3547892cc5aa77fcc089203aa29d81">
                <material>
                  <mattext texttype="text/html">&lt;p&gt;No&lt;/p&gt;</mattext>
                </material>
              </response_label>
            </render_choice>
          </response_lid>
        </presentation>
        <resprocessing>
          <outcomes>
            <decvar maxvalue="100" minvalue="0" varname="SCORE" vartype="Decimal"/>
          </outcomes>
          <respcondition continue="No">
            <conditionvar>
              <varequal respident="response1">text2qti_choice_3e9d59e2744a3916824d85cdd78c5c451c3547892cc5aa77fcc089203aa29d81</varequal>
            </conditionvar>
            <setvar action="Set" varname="SCORE">100</setvar>
          </respcondition>
        </resprocessing>
      </item>
      <item ident="text2qti_question_7f1804a7788acc7dca148fb19aad58c64eb374f8107a3d80f0747654dfcf7b8a" title="Question">
        <itemmetadata>
          <qtimetadata>
            <qtimetadatafield>
              <fieldlabel>question_type</fieldlabel>
              <fieldentry>multiple_choice_question</fieldentry>
            </qtimetadatafield>
            <qtimetadatafield>
              <fieldlabel>points_possible</fieldlabel>
              <fieldentry>1</fieldentry>
            </qtimetadatafield>
            <qtimetadatafield>
              <fieldlabel>original_answer_ids</fieldlabel>
              <fieldentry>text2qti_choice_ad720decdb7bed9dcb7da049a180141d78fe350e705474b4874f2db7ba6869aa,text2qti_choice_657a30d828f27deff839a80ac769d4a35bcdb38c136f455cbb8921240b79a55a,text2qti_choice_7453855883614acd78bedfd5dc8234b35cff0a90d2b804f78647587a7fc5a2b4,text2qti_choice_fb2379ac747cb728f57279801bc702d1e18c182a7a0fd60db47fb3b8cf05c052</fieldentry>
            </qtimetadatafield>
            <qtimetadatafield>
              <fieldlabel>assessment_question_identifierref</fieldlabel>
              <fieldentry>text2qti_question_ref_7f1804a7788acc7dca148fb19aad58c64eb374f8107a3d80f0747654dfcf7b8a</fieldentry>
            </qtimetadatafield>
          </qtimetadata>
        </itemmetadata>
        <presentation>
          <material>
            <mattext texttype="text/html">&lt;p&gt;Single line comments can be placed in PHP script by using which symbol?&lt;/p&gt;</mattext>
          </material>
          <response_lid ident="response1" rcardinality="Single">
            <render_choice>
              <response_label ident="text2qti_choice_ad720decdb7bed9dcb7da049a180141d78fe350e705474b4874f2db7ba6869aa">
                <material>
                  <mattext texttype="text/html">&lt;p&gt;//&lt;/p&gt;</mattext>
                </material>
              </response_label>
              <response_label ident="text2qti_choice_657a30d828f27deff839a80ac769d4a35bcdb38c136f455cbb8921240b79a55a">
                <material>
                  <mattext texttype="text/html">&lt;h1&gt;&lt;/h1&gt;</mattext>
                </material>
              </response_label>
              <response_label ident="text2qti_choice_7453855883614acd78bedfd5dc8234b35cff0a90d2b804f78647587a7fc5a2b4">
                <material>
                  <mattext texttype="text/html">&lt;p&gt;$&lt;/p&gt;</mattext>
                </material>
              </response_label>
              <response_label ident="text2qti_choice_fb2379ac747cb728f57279801bc702d1e18c182a7a0fd60db47fb3b8cf05c052">
                <material>
                  <mattext texttype="text/html">&lt;p&gt;Both A. and B.&lt;/p&gt;</mattext>
                </material>
              </response_label>
            </render_choice>
          </response_lid>
        </presentation>
        <resprocessing>
          <outcomes>
            <decvar maxvalue="100" minvalue="0" varname="SCORE" vartype="Decimal"/>
          </outcomes>
          <respcondition continue="No">
            <conditionvar>
              <varequal respident="response1">text2qti_choice_fb2379ac747cb728f57279801bc702d1e18c182a7a0fd60db47fb3b8cf05c052</varequal>
            </conditionvar>
            <setvar action="Set" varname="SCORE">100</setvar>
          </respcondition>
        </resprocessing>
      </item>
      <item ident="text2qti_question_8b6d71e6dc318c41ca0c0e88b38ec6bdad152ac7c30f4301cb55cf9703a5fb64" title="Question">
        <itemmetadata>
          <qtimetadata>
            <qtimetadatafield>
              <fieldlabel>question_type</fieldlabel>
              <fieldentry>multiple_choice_question</fieldentry>
            </qtimetadatafield>
            <qtimetadatafield>
              <fieldlabel>points_possible</fieldlabel>
              <fieldentry>1</fieldentry>
            </qtimetadatafield>
            <qtimetadatafield>
              <fieldlabel>original_answer_ids</fieldlabel>
              <fieldentry>text2qti_choice_74a341078792ee7bb4d21c8a5af4414d5f9b206df72308ccdc0bd29977c554cf,text2qti_choice_f829b15b2f48b83f9dcd24bc41a3995447151e471bd44a098f0166c9d609f26b,text2qti_choice_f176f8466a5f251ecddea0b2a1be7af9dd30f9272900cca8f3f9362f95e7fd16,text2qti_choice_094e484b3ad8b0999037e967c0b3c22ba3042acc430c7a8d845a7d1264740b2d</fieldentry>
            </qtimetadatafield>
            <qtimetadatafield>
              <fieldlabel>assessment_question_identifierref</fieldlabel>
              <fieldentry>text2qti_question_ref_8b6d71e6dc318c41ca0c0e88b38ec6bdad152ac7c30f4301cb55cf9703a5fb64</fieldentry>
            </qtimetadatafield>
          </qtimetadata>
        </itemmetadata>
        <presentation>
          <material>
            <mattext texttype="text/html">&lt;p&gt;Multi-line comments can be written within the ____.&lt;/p&gt;</mattext>
          </material>
          <response_lid ident="response1" rcardinality="Single">
            <render_choice>
              <response_label ident="text2qti_choice_74a341078792ee7bb4d21c8a5af4414d5f9b206df72308ccdc0bd29977c554cf">
                <material>
                  <mattext texttype="text/html">&lt;p&gt;// and //&lt;/p&gt;</mattext>
                </material>
              </response_label>
              <response_label ident="text2qti_choice_f829b15b2f48b83f9dcd24bc41a3995447151e471bd44a098f0166c9d609f26b">
                <material>
                  <mattext texttype="text/html">&lt;h2&gt;and&lt;/h2&gt;</mattext>
                </material>
              </response_label>
              <response_label ident="text2qti_choice_f176f8466a5f251ecddea0b2a1be7af9dd30f9272900cca8f3f9362f95e7fd16">
                <material>
                  <mattext texttype="text/html">&lt;p&gt;/&lt;em&gt; and &lt;/em&gt;/&lt;/p&gt;</mattext>
                </material>
              </response_label>
              <response_label ident="text2qti_choice_094e484b3ad8b0999037e967c0b3c22ba3042acc430c7a8d845a7d1264740b2d">
                <material>
                  <mattext texttype="text/html">&lt;p&gt;/// and ///&lt;/p&gt;</mattext>
                </material>
              </response_label>
            </render_choice>
          </response_lid>
        </presentation>
        <resprocessing>
          <outcomes>
            <decvar maxvalue="100" minvalue="0" varname="SCORE" vartype="Decimal"/>
          </outcomes>
          <respcondition continue="No">
            <conditionvar>
              <varequal respident="response1">text2qti_choice_f176f8466a5f251ecddea0b2a1be7af9dd30f9272900cca8f3f9362f95e7fd16</varequal>
            </conditionvar>
            <setvar action="Set" varname="SCORE">100</setvar>
          </respcondition>
        </resprocessing>
      </item>
      <item ident="text2qti_question_c97cb40371c0f0e194f01373a36f01088266fb5903ba8456b4ce638e66e6053c" title="Question">
        <itemmetadata>
          <qtimetadata>
            <qtimetadatafield>
              <fieldlabel>question_type</fieldlabel>
              <fieldentry>multiple_choice_question</fieldentry>
            </qtimetadatafield>
            <qtimetadatafield>
              <fieldlabel>points_possible</fieldlabel>
              <fieldentry>1</fieldentry>
            </qtimetadatafield>
            <qtimetadatafield>
              <fieldlabel>original_answer_ids</fieldlabel>
              <fieldentry>text2qti_choice_fc5e2559794e0889396162e2b351a5b9dd4aec902c2262ad6373bfdb02d4a369,text2qti_choice_1bb320b66cb388798570808f799e7c8950ce7fbd3cdf88acffd9562e8d7b0fe6,text2qti_choice_09ee2426db0376854eaba791b38d226cf3600ee66ab1aa9bff15d7fe73a3cb73,text2qti_choice_18bc3349b2e3848b7ee055558f6a118c58d77ca7406b36fedb9dbf02c679d242</fieldentry>
            </qtimetadatafield>
            <qtimetadatafield>
              <fieldlabel>assessment_question_identifierref</fieldlabel>
              <fieldentry>text2qti_question_ref_c97cb40371c0f0e194f01373a36f01088266fb5903ba8456b4ce638e66e6053c</fieldentry>
            </qtimetadatafield>
          </qtimetadata>
        </itemmetadata>
        <presentation>
          <material>
            <mattext texttype="text/html">&lt;p&gt;PHP statements end with a ______.&lt;/p&gt;</mattext>
          </material>
          <response_lid ident="response1" rcardinality="Single">
            <render_choice>
              <response_label ident="text2qti_choice_fc5e2559794e0889396162e2b351a5b9dd4aec902c2262ad6373bfdb02d4a369">
                <material>
                  <mattext texttype="text/html">&lt;p&gt;semicolon (;)&lt;/p&gt;</mattext>
                </material>
              </response_label>
              <response_label ident="text2qti_choice_1bb320b66cb388798570808f799e7c8950ce7fbd3cdf88acffd9562e8d7b0fe6">
                <material>
                  <mattext texttype="text/html">&lt;p&gt;colon (:)&lt;/p&gt;</mattext>
                </material>
              </response_label>
              <response_label ident="text2qti_choice_09ee2426db0376854eaba791b38d226cf3600ee66ab1aa9bff15d7fe73a3cb73">
                <material>
                  <mattext texttype="text/html">&lt;p&gt;dot (.)&lt;/p&gt;</mattext>
                </material>
              </response_label>
              <response_label ident="text2qti_choice_18bc3349b2e3848b7ee055558f6a118c58d77ca7406b36fedb9dbf02c679d242">
                <material>
                  <mattext texttype="text/html">&lt;p&gt;comma (,)&lt;/p&gt;</mattext>
                </material>
              </response_label>
            </render_choice>
          </response_lid>
        </presentation>
        <resprocessing>
          <outcomes>
            <decvar maxvalue="100" minvalue="0" varname="SCORE" vartype="Decimal"/>
          </outcomes>
          <respcondition continue="No">
            <conditionvar>
              <varequal respident="response1">text2qti_choice_fc5e2559794e0889396162e2b351a5b9dd4aec902c2262ad6373bfdb02d4a369</varequal>
            </conditionvar>
            <setvar action="Set" varname="SCORE">100</setvar>
          </respcondition>
        </resprocessing>
      </item>
    </section>
  </assessment>
</questestinterop>
