<?xml version="1.0" encoding="UTF-8"?>
<questestinterop xmlns="http://www.imsglobal.org/xsd/ims_qtiasiv1p2" xmlns:xsi="http://www.w3.org/2001/XMLSchema-instance" xsi:schemaLocation="http://www.imsglobal.org/xsd/ims_qtiasiv1p2 http://www.imsglobal.org/xsd/ims_qtiasiv1p2p1.xsd">
  <assessment ident="text2qti_assessment_8edc85eae2d2e5a7c116504b96c5220d639ae9cf23a6b7b9c8bd84b34ba33aef" title="Quiz">
    <qtimetadata>
      <qtimetadatafield>
        <fieldlabel>cc_maxattempts</fieldlabel>
        <fieldentry>1</fieldentry>
      </qtimetadatafield>
    </qtimetadata>
    <section ident="root_section">
      <item ident="text2qti_question_21d557248ea79ae34425e978083e349dbc54a4eb11c1e776fa7a5e6d44242234" title="Question">
        <itemmetadata>
          <qtimetadata>
            <qtimetadatafield>
              <fieldlabel>question_type</fieldlabel>
              <fieldentry>multiple_choice_question</fieldentry>
            </qtimetadatafield>
            <qtimetadatafield>
              <fieldlabel>points_possible</fieldlabel>
              <fieldentry>1</fieldentry>
            </qtimetadatafield>
            <qtimetadatafield>
              <fieldlabel>original_answer_ids</fieldlabel>
              <fieldentry>text2qti_choice_1f412ab67d829ceaae92ff2b2dd8bea4d40168b9d19dcae8a0ca0f54f1301f62,text2qti_choice_0e1dca3bc728f1059bd9cf6becd419b78ffaed9db49866cc5a3eedb708ac926b,text2qti_choice_7c145956bcbe90585442bed06853152fe1b094c506cef83a9ad941d95c2544e2,text2qti_choice_1bef87d80bce2cbb176da0589f6e48a3f02f79b9aab7a2c9acf97e25d04a88f6</fieldentry>
            </qtimetadatafield>
            <qtimetadatafield>
              <fieldlabel>assessment_question_identifierref</fieldlabel>
              <fieldentry>text2qti_question_ref_21d557248ea79ae34425e978083e349dbc54a4eb11c1e776fa7a5e6d44242234</fieldentry>
            </qtimetadatafield>
          </qtimetadata>
        </itemmetadata>
        <presentation>
          <material>
            <mattext texttype="text/html">&lt;p&gt;Who Created Laravel?&lt;/p&gt;</mattext>
          </material>
          <response_lid ident="response1" rcardinality="Single">
            <render_choice>
              <response_label ident="text2qti_choice_1f412ab67d829ceaae92ff2b2dd8bea4d40168b9d19dcae8a0ca0f54f1301f62">
                <material>
                  <mattext texttype="text/html">&lt;p&gt;Margon Stan&lt;/p&gt;</mattext>
                </material>
              </response_label>
              <response_label ident="text2qti_choice_0e1dca3bc728f1059bd9cf6becd419b78ffaed9db49866cc5a3eedb708ac926b">
                <material>
                  <mattext texttype="text/html">&lt;p&gt;Taylor Otwell&lt;/p&gt;</mattext>
                </material>
              </response_label>
              <response_label ident="text2qti_choice_7c145956bcbe90585442bed06853152fe1b094c506cef83a9ad941d95c2544e2">
                <material>
                  <mattext texttype="text/html">&lt;p&gt;Samsy Twig&lt;/p&gt;</mattext>
                </material>
              </response_label>
              <response_label ident="text2qti_choice_1bef87d80bce2cbb176da0589f6e48a3f02f79b9aab7a2c9acf97e25d04a88f6">
                <material>
                  <mattext texttype="text/html">&lt;p&gt;None of these&lt;/p&gt;</mattext>
                </material>
              </response_label>
            </render_choice>
          </response_lid>
        </presentation>
        <resprocessing>
          <outcomes>
            <decvar maxvalue="100" minvalue="0" varname="SCORE" vartype="Decimal"/>
          </outcomes>
          <respcondition continue="No">
            <conditionvar>
              <varequal respident="response1">text2qti_choice_0e1dca3bc728f1059bd9cf6becd419b78ffaed9db49866cc5a3eedb708ac926b</varequal>
            </conditionvar>
            <setvar action="Set" varname="SCORE">100</setvar>
          </respcondition>
        </resprocessing>
      </item>
      <item ident="text2qti_question_f750922b7f65a3ef2ada4514a908314fb3e9a8d766d98a233ff00af69a1acf6b" title="Question">
        <itemmetadata>
          <qtimetadata>
            <qtimetadatafield>
              <fieldlabel>question_type</fieldlabel>
              <fieldentry>multiple_choice_question</fieldentry>
            </qtimetadatafield>
            <qtimetadatafield>
              <fieldlabel>points_possible</fieldlabel>
              <fieldentry>1</fieldentry>
            </qtimetadatafield>
            <qtimetadatafield>
              <fieldlabel>original_answer_ids</fieldlabel>
              <fieldentry>text2qti_choice_92948470cce01e9665dd3cda356f132a38932467025dc651e367143eda87edfd,text2qti_choice_feb7f6d52eb08ff37c97ef8f153395a0b20294543a7bac18d1f6c54ebba9d7b3,text2qti_choice_94c2c8ba5799c20222033ff5494ca03589f6cdaa131652227548c7e9d6b3df58,text2qti_choice_1ac3dbe70244e29d88183e9df80dcb5473e8dbe4262c92d8a28e361a93de3af8</fieldentry>
            </qtimetadatafield>
            <qtimetadatafield>
              <fieldlabel>assessment_question_identifierref</fieldlabel>
              <fieldentry>text2qti_question_ref_f750922b7f65a3ef2ada4514a908314fb3e9a8d766d98a233ff00af69a1acf6b</fieldentry>
            </qtimetadatafield>
          </qtimetadata>
        </itemmetadata>
        <presentation>
          <material>
            <mattext texttype="text/html">&lt;p&gt;What is the use of .env file in Laravel?&lt;/p&gt;</mattext>
          </material>
          <response_lid ident="response1" rcardinality="Single">
            <render_choice>
              <response_label ident="text2qti_choice_92948470cce01e9665dd3cda356f132a38932467025dc651e367143eda87edfd">
                <material>
                  <mattext texttype="text/html">&lt;p&gt;Setting Up local Environment variable&lt;/p&gt;</mattext>
                </material>
              </response_label>
              <response_label ident="text2qti_choice_feb7f6d52eb08ff37c97ef8f153395a0b20294543a7bac18d1f6c54ebba9d7b3">
                <material>
                  <mattext texttype="text/html">&lt;p&gt;Optimization&lt;/p&gt;</mattext>
                </material>
              </response_label>
              <response_label ident="text2qti_choice_94c2c8ba5799c20222033ff5494ca03589f6cdaa131652227548c7e9d6b3df58">
                <material>
                  <mattext texttype="text/html">&lt;p&gt;Hosting&lt;/p&gt;</mattext>
                </material>
              </response_label>
              <response_label ident="text2qti_choice_1ac3dbe70244e29d88183e9df80dcb5473e8dbe4262c92d8a28e361a93de3af8">
                <material>
                  <mattext texttype="text/html">&lt;p&gt;None of these&lt;/p&gt;</mattext>
                </material>
              </response_label>
            </render_choice>
          </response_lid>
        </presentation>
        <resprocessing>
          <outcomes>
            <decvar maxvalue="100" minvalue="0" varname="SCORE" vartype="Decimal"/>
          </outcomes>
          <respcondition continue="No">
            <conditionvar>
              <varequal respident="response1">text2qti_choice_92948470cce01e9665dd3cda356f132a38932467025dc651e367143eda87edfd</varequal>
            </conditionvar>
            <setvar action="Set" varname="SCORE">100</setvar>
          </respcondition>
        </resprocessing>
      </item>
      <item ident="text2qti_question_a692079f753e88b5bd54797d68f8fbddaa7264f5a6c59968007c95c913f862fd" title="Question">
        <itemmetadata>
          <qtimetadata>
            <qtimetadatafield>
              <fieldlabel>question_type</fieldlabel>
              <fieldentry>multiple_choice_question</fieldentry>
            </qtimetadatafield>
            <qtimetadatafield>
              <fieldlabel>points_possible</fieldlabel>
              <fieldentry>1</fieldentry>
            </qtimetadatafield>
            <qtimetadatafield>
              <fieldlabel>original_answer_ids</fieldlabel>
              <fieldentry>text2qti_choice_be0cdd04ea81f7fd5e43f4513d5b5214f988f9725ab42c610da728b167eca967,text2qti_choice_18bf55741d3346fe8cee05d97c2ff7c86ad9b74a1f60cee977c325e58f4195a9,text2qti_choice_d7931d0af3fda7045026e0bdd7bc978b242a7468371b3c6619ad9c4c84688f70,text2qti_choice_33dcd9f907dac41ea33d27888bf7833007add84c0aad4feb963b3bd6d0bb0d67</fieldentry>
            </qtimetadatafield>
            <qtimetadatafield>
              <fieldlabel>assessment_question_identifierref</fieldlabel>
              <fieldentry>text2qti_question_ref_a692079f753e88b5bd54797d68f8fbddaa7264f5a6c59968007c95c913f862fd</fieldentry>
            </qtimetadatafield>
          </qtimetadata>
        </itemmetadata>
        <presentation>
          <material>
            <mattext texttype="text/html">&lt;p&gt;Command to start Laravel Application?&lt;/p&gt;</mattext>
          </material>
          <response_lid ident="response1" rcardinality="Single">
            <render_choice>
              <response_label ident="text2qti_choice_be0cdd04ea81f7fd5e43f4513d5b5214f988f9725ab42c610da728b167eca967">
                <material>
                  <mattext texttype="text/html">&lt;p&gt;php artisan new&lt;/p&gt;</mattext>
                </material>
              </response_label>
              <response_label ident="text2qti_choice_18bf55741d3346fe8cee05d97c2ff7c86ad9b74a1f60cee977c325e58f4195a9">
                <material>
                  <mattext texttype="text/html">&lt;p&gt;php artisan&lt;/p&gt;</mattext>
                </material>
              </response_label>
              <response_label ident="text2qti_choice_d7931d0af3fda7045026e0bdd7bc978b242a7468371b3c6619ad9c4c84688f70">
                <material>
                  <mattext texttype="text/html">&lt;p&gt;php artisan start&lt;/p&gt;</mattext>
                </material>
              </response_label>
              <response_label ident="text2qti_choice_33dcd9f907dac41ea33d27888bf7833007add84c0aad4feb963b3bd6d0bb0d67">
                <material>
                  <mattext texttype="text/html">&lt;p&gt;php artisan serve&lt;/p&gt;</mattext>
                </material>
              </response_label>
            </render_choice>
          </response_lid>
        </presentation>
        <resprocessing>
          <outcomes>
            <decvar maxvalue="100" minvalue="0" varname="SCORE" vartype="Decimal"/>
          </outcomes>
          <respcondition continue="No">
            <conditionvar>
              <varequal respident="response1">text2qti_choice_33dcd9f907dac41ea33d27888bf7833007add84c0aad4feb963b3bd6d0bb0d67</varequal>
            </conditionvar>
            <setvar action="Set" varname="SCORE">100</setvar>
          </respcondition>
        </resprocessing>
      </item>
      <item ident="text2qti_question_ce490cebc6b406d9dd938b8de079318ffb70f196de2c29e1fc78a01744e6bc6c" title="Question">
        <itemmetadata>
          <qtimetadata>
            <qtimetadatafield>
              <fieldlabel>question_type</fieldlabel>
              <fieldentry>multiple_choice_question</fieldentry>
            </qtimetadatafield>
            <qtimetadatafield>
              <fieldlabel>points_possible</fieldlabel>
              <fieldentry>1</fieldentry>
            </qtimetadatafield>
            <qtimetadatafield>
              <fieldlabel>original_answer_ids</fieldlabel>
              <fieldentry>text2qti_choice_7dac2121f60f18c5a51b10de92bc1d6a06a39fc90bac0adcc52af8b6958f06b1,text2qti_choice_a9e77032e5ad840c953c1df17abd211f127f85804feffcd5010c2be98bf7387a,text2qti_choice_3a89bb7b72fff28c2ed5fd671efe91ce99e71b056ff91f922490caf9048ec817,text2qti_choice_cbc45821da72715052a86c3fc1e122bd13ef4064ae67c15a55b6b0191154b21d</fieldentry>
            </qtimetadatafield>
            <qtimetadatafield>
              <fieldlabel>assessment_question_identifierref</fieldlabel>
              <fieldentry>text2qti_question_ref_ce490cebc6b406d9dd938b8de079318ffb70f196de2c29e1fc78a01744e6bc6c</fieldentry>
            </qtimetadatafield>
          </qtimetadata>
        </itemmetadata>
        <presentation>
          <material>
            <mattext texttype="text/html">&lt;p&gt;Command to install laravel project?&lt;/p&gt;</mattext>
          </material>
          <response_lid ident="response1" rcardinality="Single">
            <render_choice>
              <response_label ident="text2qti_choice_7dac2121f60f18c5a51b10de92bc1d6a06a39fc90bac0adcc52af8b6958f06b1">
                <material>
                  <mattext texttype="text/html">&lt;p&gt;composer create-project laravel/laravel myproject&lt;/p&gt;</mattext>
                </material>
              </response_label>
              <response_label ident="text2qti_choice_a9e77032e5ad840c953c1df17abd211f127f85804feffcd5010c2be98bf7387a">
                <material>
                  <mattext texttype="text/html">&lt;p&gt;composer new-project laravel/laravel myproject&lt;/p&gt;</mattext>
                </material>
              </response_label>
              <response_label ident="text2qti_choice_3a89bb7b72fff28c2ed5fd671efe91ce99e71b056ff91f922490caf9048ec817">
                <material>
                  <mattext texttype="text/html">&lt;p&gt;composer create-project new laravel/laravel myproject&lt;/p&gt;</mattext>
                </material>
              </response_label>
              <response_label ident="text2qti_choice_cbc45821da72715052a86c3fc1e122bd13ef4064ae67c15a55b6b0191154b21d">
                <material>
                  <mattext texttype="text/html">&lt;p&gt;None of these&lt;/p&gt;</mattext>
                </material>
              </response_label>
            </render_choice>
          </response_lid>
        </presentation>
        <resprocessing>
          <outcomes>
            <decvar maxvalue="100" minvalue="0" varname="SCORE" vartype="Decimal"/>
          </outcomes>
          <respcondition continue="No">
            <conditionvar>
              <varequal respident="response1">text2qti_choice_7dac2121f60f18c5a51b10de92bc1d6a06a39fc90bac0adcc52af8b6958f06b1</varequal>
            </conditionvar>
            <setvar action="Set" varname="SCORE">100</setvar>
          </respcondition>
        </resprocessing>
      </item>
      <item ident="text2qti_question_3475b2b0bc1f6beff94cbab1cbcea7d3f48514f4afcccbfa2635f6b24e953830" title="Question">
        <itemmetadata>
          <qtimetadata>
            <qtimetadatafield>
              <fieldlabel>question_type</fieldlabel>
              <fieldentry>multiple_choice_question</fieldentry>
            </qtimetadatafield>
            <qtimetadatafield>
              <fieldlabel>points_possible</fieldlabel>
              <fieldentry>1</fieldentry>
            </qtimetadatafield>
            <qtimetadatafield>
              <fieldlabel>original_answer_ids</fieldlabel>
              <fieldentry>text2qti_choice_10121084532fbbdff3c81237a53cf7aee173f3657fa9333ab3d455cd4746aa95,text2qti_choice_37decc60fe256254783d4566f813f25d892e62d8ee0c217b05495b2c20759227,text2qti_choice_99f2c69b1131692cd33b66c4f24d2da22b057f2ab7cb094c9cb992ebcea66b2c,text2qti_choice_2f1b580ef55d423b302744889ba615b6e6e031fea9c575867055d46369cc9ade</fieldentry>
            </qtimetadatafield>
            <qtimetadatafield>
              <fieldlabel>assessment_question_identifierref</fieldlabel>
              <fieldentry>text2qti_question_ref_3475b2b0bc1f6beff94cbab1cbcea7d3f48514f4afcccbfa2635f6b24e953830</fieldentry>
            </qtimetadatafield>
          </qtimetadata>
        </itemmetadata>
        <presentation>
          <material>
            <mattext texttype="text/html">&lt;p&gt;By default laravel project runs on which PORT?&lt;/p&gt;</mattext>
          </material>
          <response_lid ident="response1" rcardinality="Single">
            <render_choice>
              <response_label ident="text2qti_choice_10121084532fbbdff3c81237a53cf7aee173f3657fa9333ab3d455cd4746aa95">
                <material>
                  <mattext texttype="text/html">&lt;p&gt;3000&lt;/p&gt;</mattext>
                </material>
              </response_label>
              <response_label ident="text2qti_choice_37decc60fe256254783d4566f813f25d892e62d8ee0c217b05495b2c20759227">
                <material>
                  <mattext texttype="text/html">&lt;p&gt;5000&lt;/p&gt;</mattext>
                </material>
              </response_label>
              <response_label ident="text2qti_choice_99f2c69b1131692cd33b66c4f24d2da22b057f2ab7cb094c9cb992ebcea66b2c">
                <material>
                  <mattext texttype="text/html">&lt;p&gt;8000&lt;/p&gt;</mattext>
                </material>
              </response_label>
              <response_label ident="text2qti_choice_2f1b580ef55d423b302744889ba615b6e6e031fea9c575867055d46369cc9ade">
                <material>
                  <mattext texttype="text/html">&lt;p&gt;7000&lt;/p&gt;</mattext>
                </material>
              </response_label>
            </render_choice>
          </response_lid>
        </presentation>
        <resprocessing>
          <outcomes>
            <decvar maxvalue="100" minvalue="0" varname="SCORE" vartype="Decimal"/>
          </outcomes>
          <respcondition continue="No">
            <conditionvar>
              <varequal respident="response1">text2qti_choice_99f2c69b1131692cd33b66c4f24d2da22b057f2ab7cb094c9cb992ebcea66b2c</varequal>
            </conditionvar>
            <setvar action="Set" varname="SCORE">100</setvar>
          </respcondition>
        </resprocessing>
      </item>
      <item ident="text2qti_question_b1413d3214ef012e897dbfffd56f5fd1929f5830a31e6e2b1e53b88f18e654df" title="Question">
        <itemmetadata>
          <qtimetadata>
            <qtimetadatafield>
              <fieldlabel>question_type</fieldlabel>
              <fieldentry>multiple_choice_question</fieldentry>
            </qtimetadatafield>
            <qtimetadatafield>
              <fieldlabel>points_possible</fieldlabel>
              <fieldentry>1</fieldentry>
            </qtimetadatafield>
            <qtimetadatafield>
              <fieldlabel>original_answer_ids</fieldlabel>
              <fieldentry>text2qti_choice_652b09c94879925a436d27e19634f6716f34bbc55b1c11b90abf782cf54409cb,text2qti_choice_31993364d65beb4e4879859770ef57b03ed95976d673087a548acecad0a71763,text2qti_choice_b11d3ae45699e3a76257c8767a4c9a0fa9fcef41f3d0e705afce2b8f84a908b1,text2qti_choice_d728b7778f8048db52cd0dfa235fe6b722e32ff1cc30198ef68440b40f539112</fieldentry>
            </qtimetadatafield>
            <qtimetadatafield>
              <fieldlabel>assessment_question_identifierref</fieldlabel>
              <fieldentry>text2qti_question_ref_b1413d3214ef012e897dbfffd56f5fd1929f5830a31e6e2b1e53b88f18e654df</fieldentry>
            </qtimetadatafield>
          </qtimetadata>
        </itemmetadata>
        <presentation>
          <material>
            <mattext texttype="text/html">&lt;p&gt;CLI Command to migrate in Laravel project?&lt;/p&gt;</mattext>
          </material>
          <response_lid ident="response1" rcardinality="Single">
            <render_choice>
              <response_label ident="text2qti_choice_652b09c94879925a436d27e19634f6716f34bbc55b1c11b90abf782cf54409cb">
                <material>
                  <mattext texttype="text/html">&lt;p&gt;php artisan create migration&lt;/p&gt;</mattext>
                </material>
              </response_label>
              <response_label ident="text2qti_choice_31993364d65beb4e4879859770ef57b03ed95976d673087a548acecad0a71763">
                <material>
                  <mattext texttype="text/html">&lt;p&gt;php artisan migrate&lt;/p&gt;</mattext>
                </material>
              </response_label>
              <response_label ident="text2qti_choice_b11d3ae45699e3a76257c8767a4c9a0fa9fcef41f3d0e705afce2b8f84a908b1">
                <material>
                  <mattext texttype="text/html">&lt;p&gt;php artisan serve&lt;/p&gt;</mattext>
                </material>
              </response_label>
              <response_label ident="text2qti_choice_d728b7778f8048db52cd0dfa235fe6b722e32ff1cc30198ef68440b40f539112">
                <material>
                  <mattext texttype="text/html">&lt;p&gt;None of the above&lt;/p&gt;</mattext>
                </material>
              </response_label>
            </render_choice>
          </response_lid>
        </presentation>
        <resprocessing>
          <outcomes>
            <decvar maxvalue="100" minvalue="0" varname="SCORE" vartype="Decimal"/>
          </outcomes>
          <respcondition continue="No">
            <conditionvar>
              <varequal respident="response1">text2qti_choice_b11d3ae45699e3a76257c8767a4c9a0fa9fcef41f3d0e705afce2b8f84a908b1</varequal>
            </conditionvar>
            <setvar action="Set" varname="SCORE">100</setvar>
          </respcondition>
        </resprocessing>
      </item>
      <item ident="text2qti_question_b3342a44f835296e42a99e0ccdb4516d69cf9f0dba9dee8ea5233bf17ec6a50d" title="Question">
        <itemmetadata>
          <qtimetadata>
            <qtimetadatafield>
              <fieldlabel>question_type</fieldlabel>
              <fieldentry>multiple_choice_question</fieldentry>
            </qtimetadatafield>
            <qtimetadatafield>
              <fieldlabel>points_possible</fieldlabel>
              <fieldentry>1</fieldentry>
            </qtimetadatafield>
            <qtimetadatafield>
              <fieldlabel>original_answer_ids</fieldlabel>
              <fieldentry>text2qti_choice_553d6f5a55de09ac734c2063e4d23dd835ddf984e2e23a54a500d30906727e0a,text2qti_choice_9946017707144325637a3c1d362df67f668b6f8cc2fbc54e20625b870fbdc658,text2qti_choice_d8db7b56b0d6c8aea170a31b0feab48ba9da517e3c5c14339d784ec0d894ba41,text2qti_choice_3c482d55cc0f56d82d0fb0fd7aeaa29cfd2b2a66ab7ab2243ea92350031c681c</fieldentry>
            </qtimetadatafield>
            <qtimetadatafield>
              <fieldlabel>assessment_question_identifierref</fieldlabel>
              <fieldentry>text2qti_question_ref_b3342a44f835296e42a99e0ccdb4516d69cf9f0dba9dee8ea5233bf17ec6a50d</fieldentry>
            </qtimetadatafield>
          </qtimetadata>
        </itemmetadata>
        <presentation>
          <material>
            <mattext texttype="text/html">&lt;p&gt;Command to get the route list in Laravel?&lt;/p&gt;</mattext>
          </material>
          <response_lid ident="response1" rcardinality="Single">
            <render_choice>
              <response_label ident="text2qti_choice_553d6f5a55de09ac734c2063e4d23dd835ddf984e2e23a54a500d30906727e0a">
                <material>
                  <mattext texttype="text/html">&lt;p&gt;php artisan list&lt;/p&gt;</mattext>
                </material>
              </response_label>
              <response_label ident="text2qti_choice_9946017707144325637a3c1d362df67f668b6f8cc2fbc54e20625b870fbdc658">
                <material>
                  <mattext texttype="text/html">&lt;p&gt;php artisan route:list&lt;/p&gt;</mattext>
                </material>
              </response_label>
              <response_label ident="text2qti_choice_d8db7b56b0d6c8aea170a31b0feab48ba9da517e3c5c14339d784ec0d894ba41">
                <material>
                  <mattext texttype="text/html">&lt;p&gt;php artisan route&lt;/p&gt;</mattext>
                </material>
              </response_label>
              <response_label ident="text2qti_choice_3c482d55cc0f56d82d0fb0fd7aeaa29cfd2b2a66ab7ab2243ea92350031c681c">
                <material>
                  <mattext texttype="text/html">&lt;p&gt;php artisan list:all&lt;/p&gt;</mattext>
                </material>
              </response_label>
            </render_choice>
          </response_lid>
        </presentation>
        <resprocessing>
          <outcomes>
            <decvar maxvalue="100" minvalue="0" varname="SCORE" vartype="Decimal"/>
          </outcomes>
          <respcondition continue="No">
            <conditionvar>
              <varequal respident="response1">text2qti_choice_9946017707144325637a3c1d362df67f668b6f8cc2fbc54e20625b870fbdc658</varequal>
            </conditionvar>
            <setvar action="Set" varname="SCORE">100</setvar>
          </respcondition>
        </resprocessing>
      </item>
      <item ident="text2qti_question_60728e7bec1a5affe70c0bf34f41556b33a94134bcbb13f34469496120ad147f" title="Question">
        <itemmetadata>
          <qtimetadata>
            <qtimetadatafield>
              <fieldlabel>question_type</fieldlabel>
              <fieldentry>multiple_choice_question</fieldentry>
            </qtimetadatafield>
            <qtimetadatafield>
              <fieldlabel>points_possible</fieldlabel>
              <fieldentry>1</fieldentry>
            </qtimetadatafield>
            <qtimetadatafield>
              <fieldlabel>original_answer_ids</fieldlabel>
              <fieldentry>text2qti_choice_86d8a330698390b0937f8418824d525146b71c4f21d648fbd7a722f9f6cec9ea,text2qti_choice_baca22b52928db4a7fc9033b16101c54432a612f296869abda614d1965233711,text2qti_choice_c3830c0a30108df59ad41984f7a9f526ec2411f0b11a177d4e91572f6bbbad1a,text2qti_choice_82dc8f9a7408c1abba19a53294b9bbba663ff39f8cf1621bbb1084fb268accca</fieldentry>
            </qtimetadatafield>
            <qtimetadatafield>
              <fieldlabel>assessment_question_identifierref</fieldlabel>
              <fieldentry>text2qti_question_ref_60728e7bec1a5affe70c0bf34f41556b33a94134bcbb13f34469496120ad147f</fieldentry>
            </qtimetadatafield>
          </qtimetadata>
        </itemmetadata>
        <presentation>
          <material>
            <mattext texttype="text/html">&lt;p&gt;CLI Command to create controller in laravel?&lt;/p&gt;</mattext>
          </material>
          <response_lid ident="response1" rcardinality="Single">
            <render_choice>
              <response_label ident="text2qti_choice_86d8a330698390b0937f8418824d525146b71c4f21d648fbd7a722f9f6cec9ea">
                <material>
                  <mattext texttype="text/html">&lt;p&gt;php artisan make:controller Mycontroller&lt;/p&gt;</mattext>
                </material>
              </response_label>
              <response_label ident="text2qti_choice_baca22b52928db4a7fc9033b16101c54432a612f296869abda614d1965233711">
                <material>
                  <mattext texttype="text/html">&lt;p&gt;php artisan create:controller Mycontroller&lt;/p&gt;</mattext>
                </material>
              </response_label>
              <response_label ident="text2qti_choice_c3830c0a30108df59ad41984f7a9f526ec2411f0b11a177d4e91572f6bbbad1a">
                <material>
                  <mattext texttype="text/html">&lt;p&gt;php artisan controller Mycontroller&lt;/p&gt;</mattext>
                </material>
              </response_label>
              <response_label ident="text2qti_choice_82dc8f9a7408c1abba19a53294b9bbba663ff39f8cf1621bbb1084fb268accca">
                <material>
                  <mattext texttype="text/html">&lt;p&gt;None of these&lt;/p&gt;</mattext>
                </material>
              </response_label>
            </render_choice>
          </response_lid>
        </presentation>
        <resprocessing>
          <outcomes>
            <decvar maxvalue="100" minvalue="0" varname="SCORE" vartype="Decimal"/>
          </outcomes>
          <respcondition continue="No">
            <conditionvar>
              <varequal respident="response1">text2qti_choice_86d8a330698390b0937f8418824d525146b71c4f21d648fbd7a722f9f6cec9ea</varequal>
            </conditionvar>
            <setvar action="Set" varname="SCORE">100</setvar>
          </respcondition>
        </resprocessing>
      </item>
      <item ident="text2qti_question_3207bbab0423c46ffbe7ba930847522f500e8f09120d72c2bb6dd664346bf9b8" title="Question">
        <itemmetadata>
          <qtimetadata>
            <qtimetadatafield>
              <fieldlabel>question_type</fieldlabel>
              <fieldentry>multiple_choice_question</fieldentry>
            </qtimetadatafield>
            <qtimetadatafield>
              <fieldlabel>points_possible</fieldlabel>
              <fieldentry>1</fieldentry>
            </qtimetadatafield>
            <qtimetadatafield>
              <fieldlabel>original_answer_ids</fieldlabel>
              <fieldentry>text2qti_choice_c02dc503e7412939e1276142606279f16e5bcd1335a3a296ccb4475cd6c8c0d9,text2qti_choice_dc1d82a9304a79037888371d675ce23e092c64a3bc6e7ddf93cbc50a2aa5a1d9,text2qti_choice_5c0dfbc75d6518517a9adcf38fdc4bea7ffb2c8fc62732eafbe7db98e84c77af,text2qti_choice_40006617e45c5d665042488dda7c5975de2582088c0782fbb4e2417c3da55fe8</fieldentry>
            </qtimetadatafield>
            <qtimetadatafield>
              <fieldlabel>assessment_question_identifierref</fieldlabel>
              <fieldentry>text2qti_question_ref_3207bbab0423c46ffbe7ba930847522f500e8f09120d72c2bb6dd664346bf9b8</fieldentry>
            </qtimetadatafield>
          </qtimetadata>
        </itemmetadata>
        <presentation>
          <material>
            <mattext texttype="text/html">&lt;p&gt;Command to make migration in laravel?&lt;/p&gt;</mattext>
          </material>
          <response_lid ident="response1" rcardinality="Single">
            <render_choice>
              <response_label ident="text2qti_choice_c02dc503e7412939e1276142606279f16e5bcd1335a3a296ccb4475cd6c8c0d9">
                <material>
                  <mattext texttype="text/html">&lt;p&gt;php artisan migration table&lt;/p&gt;</mattext>
                </material>
              </response_label>
              <response_label ident="text2qti_choice_dc1d82a9304a79037888371d675ce23e092c64a3bc6e7ddf93cbc50a2aa5a1d9">
                <material>
                  <mattext texttype="text/html">&lt;p&gt;php artisan make:migration create_tags_table&lt;/p&gt;</mattext>
                </material>
              </response_label>
              <response_label ident="text2qti_choice_5c0dfbc75d6518517a9adcf38fdc4bea7ffb2c8fc62732eafbe7db98e84c77af">
                <material>
                  <mattext texttype="text/html">&lt;p&gt;php artisan make-migration digit&lt;/p&gt;</mattext>
                </material>
              </response_label>
              <response_label ident="text2qti_choice_40006617e45c5d665042488dda7c5975de2582088c0782fbb4e2417c3da55fe8">
                <material>
                  <mattext texttype="text/html">&lt;p&gt;None of these&lt;/p&gt;</mattext>
                </material>
              </response_label>
            </render_choice>
          </response_lid>
        </presentation>
        <resprocessing>
          <outcomes>
            <decvar maxvalue="100" minvalue="0" varname="SCORE" vartype="Decimal"/>
          </outcomes>
          <respcondition continue="No">
            <conditionvar>
              <varequal respident="response1">text2qti_choice_dc1d82a9304a79037888371d675ce23e092c64a3bc6e7ddf93cbc50a2aa5a1d9</varequal>
            </conditionvar>
            <setvar action="Set" varname="SCORE">100</setvar>
          </respcondition>
        </resprocessing>
      </item>
      <item ident="text2qti_question_5568379416185a987e21b8d22c60dcc252364b844431ee93e1bcc791bf23bf13" title="Question">
        <itemmetadata>
          <qtimetadata>
            <qtimetadatafield>
              <fieldlabel>question_type</fieldlabel>
              <fieldentry>multiple_choice_question</fieldentry>
            </qtimetadatafield>
            <qtimetadatafield>
              <fieldlabel>points_possible</fieldlabel>
              <fieldentry>1</fieldentry>
            </qtimetadatafield>
            <qtimetadatafield>
              <fieldlabel>original_answer_ids</fieldlabel>
              <fieldentry>text2qti_choice_3245c92b2ed5a422a4c598a7f33c2bc4058bd8194cdc6883b60b5987e3509364,text2qti_choice_7c31ed21e78d085c2531535b811caf3e8e138e835866c8b64bd25d2a160094c4,text2qti_choice_abcc6de3be2c221e8da8c85b78d9e66f62233b210c443ed505fa790389e5415a,text2qti_choice_0552a013655145bdcd2e95a71b56ab9778ae9e2d764b680ddc16715068d007cc</fieldentry>
            </qtimetadatafield>
            <qtimetadatafield>
              <fieldlabel>assessment_question_identifierref</fieldlabel>
              <fieldentry>text2qti_question_ref_5568379416185a987e21b8d22c60dcc252364b844431ee93e1bcc791bf23bf13</fieldentry>
            </qtimetadatafield>
          </qtimetadata>
        </itemmetadata>
        <presentation>
          <material>
            <mattext texttype="text/html">&lt;p&gt;Command to check the status of migration in laravel application?&lt;/p&gt;</mattext>
          </material>
          <response_lid ident="response1" rcardinality="Single">
            <render_choice>
              <response_label ident="text2qti_choice_3245c92b2ed5a422a4c598a7f33c2bc4058bd8194cdc6883b60b5987e3509364">
                <material>
                  <mattext texttype="text/html">&lt;p&gt;php artisan migration status&lt;/p&gt;</mattext>
                </material>
              </response_label>
              <response_label ident="text2qti_choice_7c31ed21e78d085c2531535b811caf3e8e138e835866c8b64bd25d2a160094c4">
                <material>
                  <mattext texttype="text/html">&lt;p&gt;php artisan status&lt;/p&gt;</mattext>
                </material>
              </response_label>
              <response_label ident="text2qti_choice_abcc6de3be2c221e8da8c85b78d9e66f62233b210c443ed505fa790389e5415a">
                <material>
                  <mattext texttype="text/html">&lt;p&gt;php artisan migrate:status&lt;/p&gt;</mattext>
                </material>
              </response_label>
              <response_label ident="text2qti_choice_0552a013655145bdcd2e95a71b56ab9778ae9e2d764b680ddc16715068d007cc">
                <material>
                  <mattext texttype="text/html">&lt;p&gt;None of these&lt;/p&gt;</mattext>
                </material>
              </response_label>
            </render_choice>
          </response_lid>
        </presentation>
        <resprocessing>
          <outcomes>
            <decvar maxvalue="100" minvalue="0" varname="SCORE" vartype="Decimal"/>
          </outcomes>
          <respcondition continue="No">
            <conditionvar>
              <varequal respident="response1">text2qti_choice_abcc6de3be2c221e8da8c85b78d9e66f62233b210c443ed505fa790389e5415a</varequal>
            </conditionvar>
            <setvar action="Set" varname="SCORE">100</setvar>
          </respcondition>
        </resprocessing>
      </item>
      <item ident="text2qti_question_3613bb786695d0b085d9a38fb19d67570097fe94e6e53d263b7f5e64c406abba" title="Question">
        <itemmetadata>
          <qtimetadata>
            <qtimetadatafield>
              <fieldlabel>question_type</fieldlabel>
              <fieldentry>multiple_choice_question</fieldentry>
            </qtimetadatafield>
            <qtimetadatafield>
              <fieldlabel>points_possible</fieldlabel>
              <fieldentry>1</fieldentry>
            </qtimetadatafield>
            <qtimetadatafield>
              <fieldlabel>original_answer_ids</fieldlabel>
              <fieldentry>text2qti_choice_bd3a627308636c2c950d548ba7394fff25fde67140caa64c75da7f0e17a59ddb,text2qti_choice_e441c14b12c9b510f75302d9e76da4dc558a5e92d8516b02d6e296cabd02240f,text2qti_choice_55d2c9b415c84e5c84a76924fb3cf9b1523616c3784db1660b787425ea2c608b,text2qti_choice_64c8525a7dba2a9a43237a6bdeae001f3e0cc558a623453661a9728fc4d5afde</fieldentry>
            </qtimetadatafield>
            <qtimetadatafield>
              <fieldlabel>assessment_question_identifierref</fieldlabel>
              <fieldentry>text2qti_question_ref_3613bb786695d0b085d9a38fb19d67570097fe94e6e53d263b7f5e64c406abba</fieldentry>
            </qtimetadatafield>
          </qtimetadata>
        </itemmetadata>
        <presentation>
          <material>
            <mattext texttype="text/html">&lt;p&gt;Command to roll back migration operation in laravel?&lt;/p&gt;</mattext>
          </material>
          <response_lid ident="response1" rcardinality="Single">
            <render_choice>
              <response_label ident="text2qti_choice_bd3a627308636c2c950d548ba7394fff25fde67140caa64c75da7f0e17a59ddb">
                <material>
                  <mattext texttype="text/html">&lt;p&gt;php artisan rollback&lt;/p&gt;</mattext>
                </material>
              </response_label>
              <response_label ident="text2qti_choice_e441c14b12c9b510f75302d9e76da4dc558a5e92d8516b02d6e296cabd02240f">
                <material>
                  <mattext texttype="text/html">&lt;p&gt;php artisan migration:rollback&lt;/p&gt;</mattext>
                </material>
              </response_label>
              <response_label ident="text2qti_choice_55d2c9b415c84e5c84a76924fb3cf9b1523616c3784db1660b787425ea2c608b">
                <material>
                  <mattext texttype="text/html">&lt;p&gt;php artisan migrate:rollback&lt;/p&gt;</mattext>
                </material>
              </response_label>
              <response_label ident="text2qti_choice_64c8525a7dba2a9a43237a6bdeae001f3e0cc558a623453661a9728fc4d5afde">
                <material>
                  <mattext texttype="text/html">&lt;p&gt;php artisan rollback migration&lt;/p&gt;</mattext>
                </material>
              </response_label>
            </render_choice>
          </response_lid>
        </presentation>
        <resprocessing>
          <outcomes>
            <decvar maxvalue="100" minvalue="0" varname="SCORE" vartype="Decimal"/>
          </outcomes>
          <respcondition continue="No">
            <conditionvar>
              <varequal respident="response1">text2qti_choice_55d2c9b415c84e5c84a76924fb3cf9b1523616c3784db1660b787425ea2c608b</varequal>
            </conditionvar>
            <setvar action="Set" varname="SCORE">100</setvar>
          </respcondition>
        </resprocessing>
      </item>
      <item ident="text2qti_question_981e7b9f4b1c35ddddca8db2a002ef3b51fe6566f9dd22278a416061ff5f4b1c" title="Question">
        <itemmetadata>
          <qtimetadata>
            <qtimetadatafield>
              <fieldlabel>question_type</fieldlabel>
              <fieldentry>multiple_choice_question</fieldentry>
            </qtimetadatafield>
            <qtimetadatafield>
              <fieldlabel>points_possible</fieldlabel>
              <fieldentry>1</fieldentry>
            </qtimetadatafield>
            <qtimetadatafield>
              <fieldlabel>original_answer_ids</fieldlabel>
              <fieldentry>text2qti_choice_2b619f8d81f63427731b11627015a65d3e37ab0338f89a1c0199775f75e87d5e,text2qti_choice_714f52cd299590684e772253b4b9fcf4a172c33a94fcc0fee3f0f1ff6e5d0a02,text2qti_choice_3afdb3867b2cea2f4b1ae3fa376b884320657e9f142d20518e6276c46fd3f403,text2qti_choice_7e1887d4d6e3a4b76310f2ae51da1b403b892b99eabb5346595801daa795602b</fieldentry>
            </qtimetadatafield>
            <qtimetadatafield>
              <fieldlabel>assessment_question_identifierref</fieldlabel>
              <fieldentry>text2qti_question_ref_981e7b9f4b1c35ddddca8db2a002ef3b51fe6566f9dd22278a416061ff5f4b1c</fieldentry>
            </qtimetadatafield>
          </qtimetadata>
        </itemmetadata>
        <presentation>
          <material>
            <mattext texttype="text/html">&lt;p&gt;Command to rollback all migrations operations?&lt;/p&gt;</mattext>
          </material>
          <response_lid ident="response1" rcardinality="Single">
            <render_choice>
              <response_label ident="text2qti_choice_2b619f8d81f63427731b11627015a65d3e37ab0338f89a1c0199775f75e87d5e">
                <material>
                  <mattext texttype="text/html">&lt;p&gt;php artisan migrate:reset&lt;/p&gt;</mattext>
                </material>
              </response_label>
              <response_label ident="text2qti_choice_714f52cd299590684e772253b4b9fcf4a172c33a94fcc0fee3f0f1ff6e5d0a02">
                <material>
                  <mattext texttype="text/html">&lt;p&gt;php artisan migration:reset&lt;/p&gt;</mattext>
                </material>
              </response_label>
              <response_label ident="text2qti_choice_3afdb3867b2cea2f4b1ae3fa376b884320657e9f142d20518e6276c46fd3f403">
                <material>
                  <mattext texttype="text/html">&lt;p&gt;php artisan reset&lt;/p&gt;</mattext>
                </material>
              </response_label>
              <response_label ident="text2qti_choice_7e1887d4d6e3a4b76310f2ae51da1b403b892b99eabb5346595801daa795602b">
                <material>
                  <mattext texttype="text/html">&lt;p&gt;php artisan reset:migration&lt;/p&gt;</mattext>
                </material>
              </response_label>
            </render_choice>
          </response_lid>
        </presentation>
        <resprocessing>
          <outcomes>
            <decvar maxvalue="100" minvalue="0" varname="SCORE" vartype="Decimal"/>
          </outcomes>
          <respcondition continue="No">
            <conditionvar>
              <varequal respident="response1">text2qti_choice_2b619f8d81f63427731b11627015a65d3e37ab0338f89a1c0199775f75e87d5e</varequal>
            </conditionvar>
            <setvar action="Set" varname="SCORE">100</setvar>
          </respcondition>
        </resprocessing>
      </item>
      <item ident="text2qti_question_c3accf966aa50d7b811321afe88bd521321ebcda1599b0f636b1bf0ece33af50" title="Question">
        <itemmetadata>
          <qtimetadata>
            <qtimetadatafield>
              <fieldlabel>question_type</fieldlabel>
              <fieldentry>multiple_choice_question</fieldentry>
            </qtimetadatafield>
            <qtimetadatafield>
              <fieldlabel>points_possible</fieldlabel>
              <fieldentry>1</fieldentry>
            </qtimetadatafield>
            <qtimetadatafield>
              <fieldlabel>original_answer_ids</fieldlabel>
              <fieldentry>text2qti_choice_226943425734c0db991e441e45f643b737de05b5201cd21b97c68de1eac1f68b,text2qti_choice_f94890e590d1a544075b8e206e59fd828dba07f8d2974179524be1ad2d7d9ace,text2qti_choice_88d8ea6bf8fc465c14b1d6efefd72008b20b5b27357bc01bd697ad4f06929276,text2qti_choice_0c4ef5ed8214fbf16ca3b0f0d14f62c144c72e2e9fa1d769c93c3d27fdb5c124</fieldentry>
            </qtimetadatafield>
            <qtimetadatafield>
              <fieldlabel>assessment_question_identifierref</fieldlabel>
              <fieldentry>text2qti_question_ref_c3accf966aa50d7b811321afe88bd521321ebcda1599b0f636b1bf0ece33af50</fieldentry>
            </qtimetadatafield>
          </qtimetadata>
        </itemmetadata>
        <presentation>
          <material>
            <mattext texttype="text/html">&lt;p&gt;In which file we can set database connections?&lt;/p&gt;</mattext>
          </material>
          <response_lid ident="response1" rcardinality="Single">
            <render_choice>
              <response_label ident="text2qti_choice_226943425734c0db991e441e45f643b737de05b5201cd21b97c68de1eac1f68b">
                <material>
                  <mattext texttype="text/html">&lt;p&gt;database.php file&lt;/p&gt;</mattext>
                </material>
              </response_label>
              <response_label ident="text2qti_choice_f94890e590d1a544075b8e206e59fd828dba07f8d2974179524be1ad2d7d9ace">
                <material>
                  <mattext texttype="text/html">&lt;p&gt;config.php file&lt;/p&gt;</mattext>
                </material>
              </response_label>
              <response_label ident="text2qti_choice_88d8ea6bf8fc465c14b1d6efefd72008b20b5b27357bc01bd697ad4f06929276">
                <material>
                  <mattext texttype="text/html">&lt;p&gt;.env file&lt;/p&gt;</mattext>
                </material>
              </response_label>
              <response_label ident="text2qti_choice_0c4ef5ed8214fbf16ca3b0f0d14f62c144c72e2e9fa1d769c93c3d27fdb5c124">
                <material>
                  <mattext texttype="text/html">&lt;p&gt;None of these&lt;/p&gt;</mattext>
                </material>
              </response_label>
            </render_choice>
          </response_lid>
        </presentation>
        <resprocessing>
          <outcomes>
            <decvar maxvalue="100" minvalue="0" varname="SCORE" vartype="Decimal"/>
          </outcomes>
          <respcondition continue="No">
            <conditionvar>
              <varequal respident="response1">text2qti_choice_88d8ea6bf8fc465c14b1d6efefd72008b20b5b27357bc01bd697ad4f06929276</varequal>
            </conditionvar>
            <setvar action="Set" varname="SCORE">100</setvar>
          </respcondition>
        </resprocessing>
      </item>
      <item ident="text2qti_question_ac0d8474eec80fa1aefeb135d6e92e76c52e9a6cf9d2dde5ee4bf0efc4f9b0e4" title="Question">
        <itemmetadata>
          <qtimetadata>
            <qtimetadatafield>
              <fieldlabel>question_type</fieldlabel>
              <fieldentry>multiple_choice_question</fieldentry>
            </qtimetadatafield>
            <qtimetadatafield>
              <fieldlabel>points_possible</fieldlabel>
              <fieldentry>1</fieldentry>
            </qtimetadatafield>
            <qtimetadatafield>
              <fieldlabel>original_answer_ids</fieldlabel>
              <fieldentry>text2qti_choice_baa9efcaa38207c984ca903208bd67f9f26eb4df7c681ddca8d9d6a165c9132b,text2qti_choice_629b204d1354aace437e8a1ae7f7c3c16bf5a99608254f0ee01c32335b5f09ea,text2qti_choice_799ca6b473c14aa0592d3851f07bb9e4617cd8fb11bb33d9bdc75dd805ef8298,text2qti_choice_b101063960aae837bd5f527873b7ea3465d4b2cdd8b393e3dda9cebfaef5b86e</fieldentry>
            </qtimetadatafield>
            <qtimetadatafield>
              <fieldlabel>assessment_question_identifierref</fieldlabel>
              <fieldentry>text2qti_question_ref_ac0d8474eec80fa1aefeb135d6e92e76c52e9a6cf9d2dde5ee4bf0efc4f9b0e4</fieldentry>
            </qtimetadatafield>
          </qtimetadata>
        </itemmetadata>
        <presentation>
          <material>
            <mattext texttype="text/html">&lt;p&gt;Can laravel application support caching?&lt;/p&gt;</mattext>
          </material>
          <response_lid ident="response1" rcardinality="Single">
            <render_choice>
              <response_label ident="text2qti_choice_baa9efcaa38207c984ca903208bd67f9f26eb4df7c681ddca8d9d6a165c9132b">
                <material>
                  <mattext texttype="text/html">&lt;p&gt;Yes&lt;/p&gt;</mattext>
                </material>
              </response_label>
              <response_label ident="text2qti_choice_629b204d1354aace437e8a1ae7f7c3c16bf5a99608254f0ee01c32335b5f09ea">
                <material>
                  <mattext texttype="text/html">&lt;p&gt;No&lt;/p&gt;</mattext>
                </material>
              </response_label>
              <response_label ident="text2qti_choice_799ca6b473c14aa0592d3851f07bb9e4617cd8fb11bb33d9bdc75dd805ef8298">
                <material>
                  <mattext texttype="text/html">&lt;p&gt;Can&amp;rsquo;t Say&lt;/p&gt;</mattext>
                </material>
              </response_label>
              <response_label ident="text2qti_choice_b101063960aae837bd5f527873b7ea3465d4b2cdd8b393e3dda9cebfaef5b86e">
                <material>
                  <mattext texttype="text/html">&lt;p&gt;None of these&lt;/p&gt;</mattext>
                </material>
              </response_label>
            </render_choice>
          </response_lid>
        </presentation>
        <resprocessing>
          <outcomes>
            <decvar maxvalue="100" minvalue="0" varname="SCORE" vartype="Decimal"/>
          </outcomes>
          <respcondition continue="No">
            <conditionvar>
              <varequal respident="response1">text2qti_choice_baa9efcaa38207c984ca903208bd67f9f26eb4df7c681ddca8d9d6a165c9132b</varequal>
            </conditionvar>
            <setvar action="Set" varname="SCORE">100</setvar>
          </respcondition>
        </resprocessing>
      </item>
      <item ident="text2qti_question_9c868cf36706ce74185100e4e80fc5f29a8dc05e77248997119e560f2861400d" title="Question">
        <itemmetadata>
          <qtimetadata>
            <qtimetadatafield>
              <fieldlabel>question_type</fieldlabel>
              <fieldentry>multiple_choice_question</fieldentry>
            </qtimetadatafield>
            <qtimetadatafield>
              <fieldlabel>points_possible</fieldlabel>
              <fieldentry>1</fieldentry>
            </qtimetadatafield>
            <qtimetadatafield>
              <fieldlabel>original_answer_ids</fieldlabel>
              <fieldentry>text2qti_choice_4e32f2e308fbb51f03ab9f89f353e630f54ccde63ba56888d22e58fb6d893e75,text2qti_choice_664fda5dc8b51c61aa28346c76add6d6ca1f584302101bfd956862cd5f79f45b,text2qti_choice_f27af3189805aaee3978b2f29be8e7f418ddb8f155d66c1dc235d311248874d8,text2qti_choice_152546cec6ccd301609bb2010d1db12359bc806010af634e8a3e73b05cdc4b10</fieldentry>
            </qtimetadatafield>
            <qtimetadatafield>
              <fieldlabel>assessment_question_identifierref</fieldlabel>
              <fieldentry>text2qti_question_ref_9c868cf36706ce74185100e4e80fc5f29a8dc05e77248997119e560f2861400d</fieldentry>
            </qtimetadatafield>
          </qtimetadata>
        </itemmetadata>
        <presentation>
          <material>
            <mattext texttype="text/html">&lt;p&gt;What is laravel?&lt;/p&gt;</mattext>
          </material>
          <response_lid ident="response1" rcardinality="Single">
            <render_choice>
              <response_label ident="text2qti_choice_4e32f2e308fbb51f03ab9f89f353e630f54ccde63ba56888d22e58fb6d893e75">
                <material>
                  <mattext texttype="text/html">&lt;p&gt;Framework&lt;/p&gt;</mattext>
                </material>
              </response_label>
              <response_label ident="text2qti_choice_664fda5dc8b51c61aa28346c76add6d6ca1f584302101bfd956862cd5f79f45b">
                <material>
                  <mattext texttype="text/html">&lt;p&gt;Programming Language&lt;/p&gt;</mattext>
                </material>
              </response_label>
              <response_label ident="text2qti_choice_f27af3189805aaee3978b2f29be8e7f418ddb8f155d66c1dc235d311248874d8">
                <material>
                  <mattext texttype="text/html">&lt;p&gt;Code Editor&lt;/p&gt;</mattext>
                </material>
              </response_label>
              <response_label ident="text2qti_choice_152546cec6ccd301609bb2010d1db12359bc806010af634e8a3e73b05cdc4b10">
                <material>
                  <mattext texttype="text/html">&lt;p&gt;None of these&lt;/p&gt;</mattext>
                </material>
              </response_label>
            </render_choice>
          </response_lid>
        </presentation>
        <resprocessing>
          <outcomes>
            <decvar maxvalue="100" minvalue="0" varname="SCORE" vartype="Decimal"/>
          </outcomes>
          <respcondition continue="No">
            <conditionvar>
              <varequal respident="response1">text2qti_choice_4e32f2e308fbb51f03ab9f89f353e630f54ccde63ba56888d22e58fb6d893e75</varequal>
            </conditionvar>
            <setvar action="Set" varname="SCORE">100</setvar>
          </respcondition>
        </resprocessing>
      </item>
      <item ident="text2qti_question_fd2bcc88258efc24748420c3a7ac1b6c252dee1b60f3c9372aacec99b3947d0d" title="Question">
        <itemmetadata>
          <qtimetadata>
            <qtimetadatafield>
              <fieldlabel>question_type</fieldlabel>
              <fieldentry>multiple_choice_question</fieldentry>
            </qtimetadatafield>
            <qtimetadatafield>
              <fieldlabel>points_possible</fieldlabel>
              <fieldentry>1</fieldentry>
            </qtimetadatafield>
            <qtimetadatafield>
              <fieldlabel>original_answer_ids</fieldlabel>
              <fieldentry>text2qti_choice_9085b65f7305e4b07d153f2f5dc87f38f0503ab767119d967e538c70a7a41033,text2qti_choice_d719621d108f6112e7ad49aa5610d40e4fe00e1559ac37af24b5a26e30e1b848,text2qti_choice_9d18b3ddeabb6b685bfd140b6658194febd9e38e0680b82033a06d52a9b43cf1,text2qti_choice_563bfa97e284d11ec6cfd1e8da3ccaaf9ec3bc968e1fef72ab261f00b5a7977f</fieldentry>
            </qtimetadatafield>
            <qtimetadatafield>
              <fieldlabel>assessment_question_identifierref</fieldlabel>
              <fieldentry>text2qti_question_ref_fd2bcc88258efc24748420c3a7ac1b6c252dee1b60f3c9372aacec99b3947d0d</fieldentry>
            </qtimetadatafield>
          </qtimetadata>
        </itemmetadata>
        <presentation>
          <material>
            <mattext texttype="text/html">&lt;p&gt;Command to check the current version of the Laravel Framwork?&lt;/p&gt;</mattext>
          </material>
          <response_lid ident="response1" rcardinality="Single">
            <render_choice>
              <response_label ident="text2qti_choice_9085b65f7305e4b07d153f2f5dc87f38f0503ab767119d967e538c70a7a41033">
                <material>
                  <mattext texttype="text/html">&lt;p&gt;php artisan main &amp;ndash;version&lt;/p&gt;</mattext>
                </material>
              </response_label>
              <response_label ident="text2qti_choice_d719621d108f6112e7ad49aa5610d40e4fe00e1559ac37af24b5a26e30e1b848">
                <material>
                  <mattext texttype="text/html">&lt;p&gt;php artisan &amp;ndash;version status&lt;/p&gt;</mattext>
                </material>
              </response_label>
              <response_label ident="text2qti_choice_9d18b3ddeabb6b685bfd140b6658194febd9e38e0680b82033a06d52a9b43cf1">
                <material>
                  <mattext texttype="text/html">&lt;p&gt;php artisan check &amp;ndash;version&lt;/p&gt;</mattext>
                </material>
              </response_label>
              <response_label ident="text2qti_choice_563bfa97e284d11ec6cfd1e8da3ccaaf9ec3bc968e1fef72ab261f00b5a7977f">
                <material>
                  <mattext texttype="text/html">&lt;p&gt;php artisan &amp;ndash;version&lt;/p&gt;</mattext>
                </material>
              </response_label>
            </render_choice>
          </response_lid>
        </presentation>
        <resprocessing>
          <outcomes>
            <decvar maxvalue="100" minvalue="0" varname="SCORE" vartype="Decimal"/>
          </outcomes>
          <respcondition continue="No">
            <conditionvar>
              <varequal respident="response1">text2qti_choice_563bfa97e284d11ec6cfd1e8da3ccaaf9ec3bc968e1fef72ab261f00b5a7977f</varequal>
            </conditionvar>
            <setvar action="Set" varname="SCORE">100</setvar>
          </respcondition>
        </resprocessing>
      </item>
      <item ident="text2qti_question_5e2955bb7f5f5eafeeb2fe3eebfbc9473f889e84f0ff9c64a38767f529a91675" title="Question">
        <itemmetadata>
          <qtimetadata>
            <qtimetadatafield>
              <fieldlabel>question_type</fieldlabel>
              <fieldentry>multiple_choice_question</fieldentry>
            </qtimetadatafield>
            <qtimetadatafield>
              <fieldlabel>points_possible</fieldlabel>
              <fieldentry>1</fieldentry>
            </qtimetadatafield>
            <qtimetadatafield>
              <fieldlabel>original_answer_ids</fieldlabel>
              <fieldentry>text2qti_choice_058396a4f02d872e09e2dc0fcb7129860bdc6074f22a745a6022687200b87a76,text2qti_choice_95a60bd1bfd248999ee4b1f2368ebcba6f7020c9472f7194b5537c718ec68030,text2qti_choice_9ce1bf5685c6de38305ca08df022e71ab400e3254e7c9b929f6786c3f5c68087,text2qti_choice_5dd7aec5b9cf91237d667f208a34fddbeeab8fe215663189ccef10f3bd825938</fieldentry>
            </qtimetadatafield>
            <qtimetadatafield>
              <fieldlabel>assessment_question_identifierref</fieldlabel>
              <fieldentry>text2qti_question_ref_5e2955bb7f5f5eafeeb2fe3eebfbc9473f889e84f0ff9c64a38767f529a91675</fieldentry>
            </qtimetadatafield>
          </qtimetadata>
        </itemmetadata>
        <presentation>
          <material>
            <mattext texttype="text/html">&lt;p&gt;Command to create middleware in laravel application?&lt;/p&gt;</mattext>
          </material>
          <response_lid ident="response1" rcardinality="Single">
            <render_choice>
              <response_label ident="text2qti_choice_058396a4f02d872e09e2dc0fcb7129860bdc6074f22a745a6022687200b87a76">
                <material>
                  <mattext texttype="text/html">&lt;p&gt;php artisan make:middleware Mymiddleware&lt;/p&gt;</mattext>
                </material>
              </response_label>
              <response_label ident="text2qti_choice_95a60bd1bfd248999ee4b1f2368ebcba6f7020c9472f7194b5537c718ec68030">
                <material>
                  <mattext texttype="text/html">&lt;p&gt;php artisan middleware Mymiddleware&lt;/p&gt;</mattext>
                </material>
              </response_label>
              <response_label ident="text2qti_choice_9ce1bf5685c6de38305ca08df022e71ab400e3254e7c9b929f6786c3f5c68087">
                <material>
                  <mattext texttype="text/html">&lt;p&gt;php artisan create:middleware Mymiddleware&lt;/p&gt;</mattext>
                </material>
              </response_label>
              <response_label ident="text2qti_choice_5dd7aec5b9cf91237d667f208a34fddbeeab8fe215663189ccef10f3bd825938">
                <material>
                  <mattext texttype="text/html">&lt;p&gt;php artisan middleware:make Mymiddleware&lt;/p&gt;</mattext>
                </material>
              </response_label>
            </render_choice>
          </response_lid>
        </presentation>
        <resprocessing>
          <outcomes>
            <decvar maxvalue="100" minvalue="0" varname="SCORE" vartype="Decimal"/>
          </outcomes>
          <respcondition continue="No">
            <conditionvar>
              <varequal respident="response1">text2qti_choice_058396a4f02d872e09e2dc0fcb7129860bdc6074f22a745a6022687200b87a76</varequal>
            </conditionvar>
            <setvar action="Set" varname="SCORE">100</setvar>
          </respcondition>
        </resprocessing>
      </item>
      <item ident="text2qti_question_3d20f7d5032f8fc6015773639472d4baa82970753707fa528afcbd551e6a5f95" title="Question">
        <itemmetadata>
          <qtimetadata>
            <qtimetadatafield>
              <fieldlabel>question_type</fieldlabel>
              <fieldentry>multiple_choice_question</fieldentry>
            </qtimetadatafield>
            <qtimetadatafield>
              <fieldlabel>points_possible</fieldlabel>
              <fieldentry>1</fieldentry>
            </qtimetadatafield>
            <qtimetadatafield>
              <fieldlabel>original_answer_ids</fieldlabel>
              <fieldentry>text2qti_choice_12b40b89dfa138ac008d7426324ac643ca0b4b6a93f4b641775525f118fd2233,text2qti_choice_f94303e6502b3f126896533b02b96ecef00e5f3ef94e3ee6caf726d637dcd808,text2qti_choice_a1446bfa40aa27c8674b4b71181ae0c33a2b2b88a5d098994855c0fda262624a,text2qti_choice_c6da792e6fc65ba308e7a6313800fd66d5a2e4412325158026f2413a7a3eae84</fieldentry>
            </qtimetadatafield>
            <qtimetadatafield>
              <fieldlabel>assessment_question_identifierref</fieldlabel>
              <fieldentry>text2qti_question_ref_3d20f7d5032f8fc6015773639472d4baa82970753707fa528afcbd551e6a5f95</fieldentry>
            </qtimetadatafield>
          </qtimetadata>
        </itemmetadata>
        <presentation>
          <material>
            <mattext texttype="text/html">&lt;p&gt;What are the ways to get the data from database in laravel?&lt;/p&gt;</mattext>
          </material>
          <response_lid ident="response1" rcardinality="Single">
            <render_choice>
              <response_label ident="text2qti_choice_12b40b89dfa138ac008d7426324ac643ca0b4b6a93f4b641775525f118fd2233">
                <material>
                  <mattext texttype="text/html">&lt;p&gt;Query Builder&lt;/p&gt;</mattext>
                </material>
              </response_label>
              <response_label ident="text2qti_choice_f94303e6502b3f126896533b02b96ecef00e5f3ef94e3ee6caf726d637dcd808">
                <material>
                  <mattext texttype="text/html">&lt;p&gt;Eloquent ORM&lt;/p&gt;</mattext>
                </material>
              </response_label>
              <response_label ident="text2qti_choice_a1446bfa40aa27c8674b4b71181ae0c33a2b2b88a5d098994855c0fda262624a">
                <material>
                  <mattext texttype="text/html">&lt;p&gt;Both A &amp;amp; B&lt;/p&gt;</mattext>
                </material>
              </response_label>
              <response_label ident="text2qti_choice_c6da792e6fc65ba308e7a6313800fd66d5a2e4412325158026f2413a7a3eae84">
                <material>
                  <mattext texttype="text/html">&lt;p&gt;None of these&lt;/p&gt;</mattext>
                </material>
              </response_label>
            </render_choice>
          </response_lid>
        </presentation>
        <resprocessing>
          <outcomes>
            <decvar maxvalue="100" minvalue="0" varname="SCORE" vartype="Decimal"/>
          </outcomes>
          <respcondition continue="No">
            <conditionvar>
              <varequal respident="response1">text2qti_choice_a1446bfa40aa27c8674b4b71181ae0c33a2b2b88a5d098994855c0fda262624a</varequal>
            </conditionvar>
            <setvar action="Set" varname="SCORE">100</setvar>
          </respcondition>
        </resprocessing>
      </item>
      <item ident="text2qti_question_2474b8af40d44e074b36bc031d9dc93454798fef00fa02d5ad189e61a17d3e46" title="Question">
        <itemmetadata>
          <qtimetadata>
            <qtimetadatafield>
              <fieldlabel>question_type</fieldlabel>
              <fieldentry>multiple_choice_question</fieldentry>
            </qtimetadatafield>
            <qtimetadatafield>
              <fieldlabel>points_possible</fieldlabel>
              <fieldentry>1</fieldentry>
            </qtimetadatafield>
            <qtimetadatafield>
              <fieldlabel>original_answer_ids</fieldlabel>
              <fieldentry>text2qti_choice_ca289afe6e86dfb3b3e60da467d071b356045b10eda6d38060461fa2daf430f8,text2qti_choice_aed80febd1366976dd92576263323c15687425d0334542e11d935010a27724d9,text2qti_choice_9397bdebcd4d293d0efc7ea7fb60ca549ca7ff034401e875f9fca8ea396097da,text2qti_choice_aecac588ea77670484d046c97c42d283829f5129a6d509c74989fd10c715fd6e</fieldentry>
            </qtimetadatafield>
            <qtimetadatafield>
              <fieldlabel>assessment_question_identifierref</fieldlabel>
              <fieldentry>text2qti_question_ref_2474b8af40d44e074b36bc031d9dc93454798fef00fa02d5ad189e61a17d3e46</fieldentry>
            </qtimetadatafield>
          </qtimetadata>
        </itemmetadata>
        <presentation>
          <material>
            <mattext texttype="text/html">&lt;p&gt;Full form of ORM in laravel?&lt;/p&gt;</mattext>
          </material>
          <response_lid ident="response1" rcardinality="Single">
            <render_choice>
              <response_label ident="text2qti_choice_ca289afe6e86dfb3b3e60da467d071b356045b10eda6d38060461fa2daf430f8">
                <material>
                  <mattext texttype="text/html">&lt;p&gt;Object Relation Mapping&lt;/p&gt;</mattext>
                </material>
              </response_label>
              <response_label ident="text2qti_choice_aed80febd1366976dd92576263323c15687425d0334542e11d935010a27724d9">
                <material>
                  <mattext texttype="text/html">&lt;p&gt;Object Relation Master&lt;/p&gt;</mattext>
                </material>
              </response_label>
              <response_label ident="text2qti_choice_9397bdebcd4d293d0efc7ea7fb60ca549ca7ff034401e875f9fca8ea396097da">
                <material>
                  <mattext texttype="text/html">&lt;p&gt;Object Relation Manager&lt;/p&gt;</mattext>
                </material>
              </response_label>
              <response_label ident="text2qti_choice_aecac588ea77670484d046c97c42d283829f5129a6d509c74989fd10c715fd6e">
                <material>
                  <mattext texttype="text/html">&lt;p&gt;None of these&lt;/p&gt;</mattext>
                </material>
              </response_label>
            </render_choice>
          </response_lid>
        </presentation>
        <resprocessing>
          <outcomes>
            <decvar maxvalue="100" minvalue="0" varname="SCORE" vartype="Decimal"/>
          </outcomes>
          <respcondition continue="No">
            <conditionvar>
              <varequal respident="response1">text2qti_choice_ca289afe6e86dfb3b3e60da467d071b356045b10eda6d38060461fa2daf430f8</varequal>
            </conditionvar>
            <setvar action="Set" varname="SCORE">100</setvar>
          </respcondition>
        </resprocessing>
      </item>
      <item ident="text2qti_question_4644b3e7e31eaf1e7af9de2fd99c99fdd023c9b57738b868e11e9566d574233e" title="Question">
        <itemmetadata>
          <qtimetadata>
            <qtimetadatafield>
              <fieldlabel>question_type</fieldlabel>
              <fieldentry>multiple_choice_question</fieldentry>
            </qtimetadatafield>
            <qtimetadatafield>
              <fieldlabel>points_possible</fieldlabel>
              <fieldentry>1</fieldentry>
            </qtimetadatafield>
            <qtimetadatafield>
              <fieldlabel>original_answer_ids</fieldlabel>
              <fieldentry>text2qti_choice_c6774dd0cdf0f4f99d5e123bc35183a7f4e0a7a1284e8c09914c6c6fd795ddd9,text2qti_choice_0877651b634e79f2c51e8c12630698c82e8b6a1e8def7b4077c6fefe0c299545,text2qti_choice_1d8968936b39fc74008eefb51572f9b6bd9ef6f5b76bde75bcd9928d687a63cf,text2qti_choice_8b3aca1e734db37e0cd2b0133767721b09571c36e9cc5193836b5c692a41e8f9</fieldentry>
            </qtimetadatafield>
            <qtimetadatafield>
              <fieldlabel>assessment_question_identifierref</fieldlabel>
              <fieldentry>text2qti_question_ref_4644b3e7e31eaf1e7af9de2fd99c99fdd023c9b57738b868e11e9566d574233e</fieldentry>
            </qtimetadatafield>
          </qtimetadata>
        </itemmetadata>
        <presentation>
          <material>
            <mattext texttype="text/html">&lt;p&gt;Laravel is based on which design pattern?&lt;/p&gt;</mattext>
          </material>
          <response_lid ident="response1" rcardinality="Single">
            <render_choice>
              <response_label ident="text2qti_choice_c6774dd0cdf0f4f99d5e123bc35183a7f4e0a7a1284e8c09914c6c6fd795ddd9">
                <material>
                  <mattext texttype="text/html">&lt;p&gt;Singleton Design Pattern&lt;/p&gt;</mattext>
                </material>
              </response_label>
              <response_label ident="text2qti_choice_0877651b634e79f2c51e8c12630698c82e8b6a1e8def7b4077c6fefe0c299545">
                <material>
                  <mattext texttype="text/html">&lt;p&gt;MVC(Model View Controller) Pattern&lt;/p&gt;</mattext>
                </material>
              </response_label>
              <response_label ident="text2qti_choice_1d8968936b39fc74008eefb51572f9b6bd9ef6f5b76bde75bcd9928d687a63cf">
                <material>
                  <mattext texttype="text/html">&lt;p&gt;Factory Design pattern&lt;/p&gt;</mattext>
                </material>
              </response_label>
              <response_label ident="text2qti_choice_8b3aca1e734db37e0cd2b0133767721b09571c36e9cc5193836b5c692a41e8f9">
                <material>
                  <mattext texttype="text/html">&lt;p&gt;Observer pattern&lt;/p&gt;</mattext>
                </material>
              </response_label>
            </render_choice>
          </response_lid>
        </presentation>
        <resprocessing>
          <outcomes>
            <decvar maxvalue="100" minvalue="0" varname="SCORE" vartype="Decimal"/>
          </outcomes>
          <respcondition continue="No">
            <conditionvar>
              <varequal respident="response1">text2qti_choice_0877651b634e79f2c51e8c12630698c82e8b6a1e8def7b4077c6fefe0c299545</varequal>
            </conditionvar>
            <setvar action="Set" varname="SCORE">100</setvar>
          </respcondition>
        </resprocessing>
      </item>
    </section>
  </assessment>
</questestinterop>
