<?xml version="1.0" encoding="UTF-8"?>
<questestinterop xmlns="http://www.imsglobal.org/xsd/ims_qtiasiv1p2" xmlns:xsi="http://www.w3.org/2001/XMLSchema-instance" xsi:schemaLocation="http://www.imsglobal.org/xsd/ims_qtiasiv1p2 http://www.imsglobal.org/xsd/ims_qtiasiv1p2p1.xsd">
  <assessment ident="text2qti_assessment_613ba532202dc7dd087775dee7d64e33be512459467f5c966ff9b0e84a51509f" title="PHP Variables, Variable Scopes MCQs">
    <qtimetadata>
      <qtimetadatafield>
        <fieldlabel>cc_maxattempts</fieldlabel>
        <fieldentry>1</fieldentry>
      </qtimetadatafield>
    </qtimetadata>
    <section ident="root_section">
      <item ident="text2qti_question_949ce23b08df0c1254b298c3eec9c4c1e71c27c0884617ef0959e583adc84bb2" title="Question">
        <itemmetadata>
          <qtimetadata>
            <qtimetadatafield>
              <fieldlabel>question_type</fieldlabel>
              <fieldentry>multiple_choice_question</fieldentry>
            </qtimetadatafield>
            <qtimetadatafield>
              <fieldlabel>points_possible</fieldlabel>
              <fieldentry>1</fieldentry>
            </qtimetadatafield>
            <qtimetadatafield>
              <fieldlabel>original_answer_ids</fieldlabel>
              <fieldentry>text2qti_choice_59cd96321a92c9342f56f1224b95e5859ff61e24d29e0d2db2e5f99fba548a9b,text2qti_choice_88a8ff59d05c329e6230f78f17bf2ef836b9e793887155184d5f19ac7eb35404,text2qti_choice_1c6f5e72bf7763a0738ee1feaaf3d73290b89188db491520f660403ef17fa006,text2qti_choice_afd97ea6e4c70c5ace935115aec207ea5770b4580a92f7ce8249b3df866ec005</fieldentry>
            </qtimetadatafield>
            <qtimetadatafield>
              <fieldlabel>assessment_question_identifierref</fieldlabel>
              <fieldentry>text2qti_question_ref_949ce23b08df0c1254b298c3eec9c4c1e71c27c0884617ef0959e583adc84bb2</fieldentry>
            </qtimetadatafield>
          </qtimetadata>
        </itemmetadata>
        <presentation>
          <material>
            <mattext texttype="text/html">&lt;p&gt;Which sign is used to declare variables in PHP?&lt;/p&gt;</mattext>
          </material>
          <response_lid ident="response1" rcardinality="Single">
            <render_choice>
              <response_label ident="text2qti_choice_59cd96321a92c9342f56f1224b95e5859ff61e24d29e0d2db2e5f99fba548a9b">
                <material>
                  <mattext texttype="text/html">&lt;p&gt;@&lt;/p&gt;</mattext>
                </material>
              </response_label>
              <response_label ident="text2qti_choice_88a8ff59d05c329e6230f78f17bf2ef836b9e793887155184d5f19ac7eb35404">
                <material>
                  <mattext texttype="text/html">&lt;p&gt;&amp;amp;&lt;/p&gt;</mattext>
                </material>
              </response_label>
              <response_label ident="text2qti_choice_1c6f5e72bf7763a0738ee1feaaf3d73290b89188db491520f660403ef17fa006">
                <material>
                  <mattext texttype="text/html">&lt;p&gt;$&lt;/p&gt;</mattext>
                </material>
              </response_label>
              <response_label ident="text2qti_choice_afd97ea6e4c70c5ace935115aec207ea5770b4580a92f7ce8249b3df866ec005">
                <material>
                  <mattext texttype="text/html">&lt;p&gt;_&lt;/p&gt;</mattext>
                </material>
              </response_label>
            </render_choice>
          </response_lid>
        </presentation>
        <resprocessing>
          <outcomes>
            <decvar maxvalue="100" minvalue="0" varname="SCORE" vartype="Decimal"/>
          </outcomes>
          <respcondition continue="No">
            <conditionvar>
              <varequal respident="response1">text2qti_choice_1c6f5e72bf7763a0738ee1feaaf3d73290b89188db491520f660403ef17fa006</varequal>
            </conditionvar>
            <setvar action="Set" varname="SCORE">100</setvar>
          </respcondition>
        </resprocessing>
      </item>
      <item ident="text2qti_question_089dc766bffffdf87b60714d8a050d0f846d4c6a9ff8f0498ddaea4c630e5a56" title="Question">
        <itemmetadata>
          <qtimetadata>
            <qtimetadatafield>
              <fieldlabel>question_type</fieldlabel>
              <fieldentry>multiple_choice_question</fieldentry>
            </qtimetadatafield>
            <qtimetadatafield>
              <fieldlabel>points_possible</fieldlabel>
              <fieldentry>1</fieldentry>
            </qtimetadatafield>
            <qtimetadatafield>
              <fieldlabel>original_answer_ids</fieldlabel>
              <fieldentry>text2qti_choice_fbaca270a5f73aa1e6cd3626419054257f8eb452f4c538b9297ae4e01ef0e7f9,text2qti_choice_4444534f817ddf333127e2fd6d9f8e21ffa9586749d10babdddc5b2e18c96055,text2qti_choice_fe6c33051a6f1b4e40d0d77fc8730d1da414cb18d76c2283c407ab6c7528ce96,text2qti_choice_5587953f44049e120ceb8e10947879b4d87d66c626d2d8867ba9221cfe44683f</fieldentry>
            </qtimetadatafield>
            <qtimetadatafield>
              <fieldlabel>assessment_question_identifierref</fieldlabel>
              <fieldentry>text2qti_question_ref_089dc766bffffdf87b60714d8a050d0f846d4c6a9ff8f0498ddaea4c630e5a56</fieldentry>
            </qtimetadatafield>
          </qtimetadata>
        </itemmetadata>
        <presentation>
          <material>
            <mattext texttype="text/html">&lt;p&gt;Which is not a valid variable name in PHP?&lt;/p&gt;</mattext>
          </material>
          <response_lid ident="response1" rcardinality="Single">
            <render_choice>
              <response_label ident="text2qti_choice_fbaca270a5f73aa1e6cd3626419054257f8eb452f4c538b9297ae4e01ef0e7f9">
                <material>
                  <mattext texttype="text/html">&lt;p&gt;age&lt;/p&gt;</mattext>
                </material>
              </response_label>
              <response_label ident="text2qti_choice_4444534f817ddf333127e2fd6d9f8e21ffa9586749d10babdddc5b2e18c96055">
                <material>
                  <mattext texttype="text/html">&lt;p&gt;_age&lt;/p&gt;</mattext>
                </material>
              </response_label>
              <response_label ident="text2qti_choice_fe6c33051a6f1b4e40d0d77fc8730d1da414cb18d76c2283c407ab6c7528ce96">
                <material>
                  <mattext texttype="text/html">&lt;p&gt;PersonAge&lt;/p&gt;</mattext>
                </material>
              </response_label>
              <response_label ident="text2qti_choice_5587953f44049e120ceb8e10947879b4d87d66c626d2d8867ba9221cfe44683f">
                <material>
                  <mattext texttype="text/html">&lt;p&gt;1age&lt;/p&gt;</mattext>
                </material>
              </response_label>
            </render_choice>
          </response_lid>
        </presentation>
        <resprocessing>
          <outcomes>
            <decvar maxvalue="100" minvalue="0" varname="SCORE" vartype="Decimal"/>
          </outcomes>
          <respcondition continue="No">
            <conditionvar>
              <varequal respident="response1">text2qti_choice_5587953f44049e120ceb8e10947879b4d87d66c626d2d8867ba9221cfe44683f</varequal>
            </conditionvar>
            <setvar action="Set" varname="SCORE">100</setvar>
          </respcondition>
        </resprocessing>
      </item>
      <item ident="text2qti_question_462924e8c89aad53aa5981e4abd0e90da31cd02b068b8ee8f26de10d102ba063" title="Question">
        <itemmetadata>
          <qtimetadata>
            <qtimetadatafield>
              <fieldlabel>question_type</fieldlabel>
              <fieldentry>multiple_choice_question</fieldentry>
            </qtimetadatafield>
            <qtimetadatafield>
              <fieldlabel>points_possible</fieldlabel>
              <fieldentry>1</fieldentry>
            </qtimetadatafield>
            <qtimetadatafield>
              <fieldlabel>original_answer_ids</fieldlabel>
              <fieldentry>text2qti_choice_97821a5bc4e8e29276aa8514552a8b9427ea302d8039cf060013964734eec9cb,text2qti_choice_d37da6f1d20026f3205b3e777c45acc730b628adf534e3ece983a9340f3b2ec3</fieldentry>
            </qtimetadatafield>
            <qtimetadatafield>
              <fieldlabel>assessment_question_identifierref</fieldlabel>
              <fieldentry>text2qti_question_ref_462924e8c89aad53aa5981e4abd0e90da31cd02b068b8ee8f26de10d102ba063</fieldentry>
            </qtimetadatafield>
          </qtimetadata>
        </itemmetadata>
        <presentation>
          <material>
            <mattext texttype="text/html">&lt;p&gt;Are variable names case-sensitive?&lt;/p&gt;</mattext>
          </material>
          <response_lid ident="response1" rcardinality="Single">
            <render_choice>
              <response_label ident="text2qti_choice_97821a5bc4e8e29276aa8514552a8b9427ea302d8039cf060013964734eec9cb">
                <material>
                  <mattext texttype="text/html">&lt;p&gt;Yes&lt;/p&gt;</mattext>
                </material>
              </response_label>
              <response_label ident="text2qti_choice_d37da6f1d20026f3205b3e777c45acc730b628adf534e3ece983a9340f3b2ec3">
                <material>
                  <mattext texttype="text/html">&lt;p&gt;No&lt;/p&gt;</mattext>
                </material>
              </response_label>
            </render_choice>
          </response_lid>
        </presentation>
        <resprocessing>
          <outcomes>
            <decvar maxvalue="100" minvalue="0" varname="SCORE" vartype="Decimal"/>
          </outcomes>
          <respcondition continue="No">
            <conditionvar>
              <varequal respident="response1">text2qti_choice_97821a5bc4e8e29276aa8514552a8b9427ea302d8039cf060013964734eec9cb</varequal>
            </conditionvar>
            <setvar action="Set" varname="SCORE">100</setvar>
          </respcondition>
        </resprocessing>
      </item>
      <item ident="text2qti_question_da1e55f6d3a6b3410ed72224a451313b44cc9aeeb9c4547be42900b28a8d62d9" title="Question">
        <itemmetadata>
          <qtimetadata>
            <qtimetadatafield>
              <fieldlabel>question_type</fieldlabel>
              <fieldentry>multiple_choice_question</fieldentry>
            </qtimetadatafield>
            <qtimetadatafield>
              <fieldlabel>points_possible</fieldlabel>
              <fieldentry>1</fieldentry>
            </qtimetadatafield>
            <qtimetadatafield>
              <fieldlabel>original_answer_ids</fieldlabel>
              <fieldentry>text2qti_choice_8d88706dc972a29800c7b948b0e170731e6e6bde9a5ce7f637d417e1cbf36f24,text2qti_choice_0d3eaf7da0ffaacb3fbaf36ebbabe671eb148e9e422d39450b96876fe09a473f,text2qti_choice_c725269c7ad9d02d55ceb5e87188f7c2de7e7fdc49548cf59aac9b4578853801,text2qti_choice_3a97e3c5758e3fde31be73091bb5b9e423faf998c61ac7fb821f4ab5c091e38c</fieldentry>
            </qtimetadatafield>
            <qtimetadatafield>
              <fieldlabel>assessment_question_identifierref</fieldlabel>
              <fieldentry>text2qti_question_ref_da1e55f6d3a6b3410ed72224a451313b44cc9aeeb9c4547be42900b28a8d62d9</fieldentry>
            </qtimetadatafield>
          </qtimetadata>
        </itemmetadata>
        <presentation>
          <material>
            <mattext texttype="text/html">&lt;p&gt;Which statement is commonly used for PHP output?&lt;/p&gt;</mattext>
          </material>
          <response_lid ident="response1" rcardinality="Single">
            <render_choice>
              <response_label ident="text2qti_choice_8d88706dc972a29800c7b948b0e170731e6e6bde9a5ce7f637d417e1cbf36f24">
                <material>
                  <mattext texttype="text/html">&lt;p&gt;write&lt;/p&gt;</mattext>
                </material>
              </response_label>
              <response_label ident="text2qti_choice_0d3eaf7da0ffaacb3fbaf36ebbabe671eb148e9e422d39450b96876fe09a473f">
                <material>
                  <mattext texttype="text/html">&lt;p&gt;php.write&lt;/p&gt;</mattext>
                </material>
              </response_label>
              <response_label ident="text2qti_choice_c725269c7ad9d02d55ceb5e87188f7c2de7e7fdc49548cf59aac9b4578853801">
                <material>
                  <mattext texttype="text/html">&lt;p&gt;log&lt;/p&gt;</mattext>
                </material>
              </response_label>
              <response_label ident="text2qti_choice_3a97e3c5758e3fde31be73091bb5b9e423faf998c61ac7fb821f4ab5c091e38c">
                <material>
                  <mattext texttype="text/html">&lt;p&gt;echo&lt;/p&gt;</mattext>
                </material>
              </response_label>
            </render_choice>
          </response_lid>
        </presentation>
        <resprocessing>
          <outcomes>
            <decvar maxvalue="100" minvalue="0" varname="SCORE" vartype="Decimal"/>
          </outcomes>
          <respcondition continue="No">
            <conditionvar>
              <varequal respident="response1">text2qti_choice_3a97e3c5758e3fde31be73091bb5b9e423faf998c61ac7fb821f4ab5c091e38c</varequal>
            </conditionvar>
            <setvar action="Set" varname="SCORE">100</setvar>
          </respcondition>
        </resprocessing>
      </item>
      <item ident="text2qti_question_5d6b91e88d81eda4bd8e92b84e55c76f5c9ec2a5a7df857ee762bdbe85f5a9b9" title="Question">
        <itemmetadata>
          <qtimetadata>
            <qtimetadatafield>
              <fieldlabel>question_type</fieldlabel>
              <fieldentry>multiple_choice_question</fieldentry>
            </qtimetadatafield>
            <qtimetadatafield>
              <fieldlabel>points_possible</fieldlabel>
              <fieldentry>1</fieldentry>
            </qtimetadatafield>
            <qtimetadatafield>
              <fieldlabel>original_answer_ids</fieldlabel>
              <fieldentry>text2qti_choice_2693db77c14736b7c654c5afaf5fa47bf5f9ea7d29165dd9e68e81582191cc5f,text2qti_choice_0cf5be326957f353d09782ef9dc921374282489c8e007ca25be4d9f2c39d01ca,text2qti_choice_6e303bc2510c9bd26c55ba4dc34d49fec4284a939123d92c2b169d00b682e4b5,text2qti_choice_75a5c81c36d7ca3d77aae2219ed4f26d7c54f24b34b83ec9bba3945ebc6c3879</fieldentry>
            </qtimetadatafield>
            <qtimetadatafield>
              <fieldlabel>assessment_question_identifierref</fieldlabel>
              <fieldentry>text2qti_question_ref_5d6b91e88d81eda4bd8e92b84e55c76f5c9ec2a5a7df857ee762bdbe85f5a9b9</fieldentry>
            </qtimetadatafield>
          </qtimetadata>
        </itemmetadata>
        <presentation>
          <material>
            <mattext texttype="text/html">&lt;p&gt;How many variable scopes are there in PHP?&lt;/p&gt;</mattext>
          </material>
          <response_lid ident="response1" rcardinality="Single">
            <render_choice>
              <response_label ident="text2qti_choice_2693db77c14736b7c654c5afaf5fa47bf5f9ea7d29165dd9e68e81582191cc5f">
                <material>
                  <mattext texttype="text/html">&lt;p&gt;1&lt;/p&gt;</mattext>
                </material>
              </response_label>
              <response_label ident="text2qti_choice_0cf5be326957f353d09782ef9dc921374282489c8e007ca25be4d9f2c39d01ca">
                <material>
                  <mattext texttype="text/html">&lt;p&gt;2&lt;/p&gt;</mattext>
                </material>
              </response_label>
              <response_label ident="text2qti_choice_6e303bc2510c9bd26c55ba4dc34d49fec4284a939123d92c2b169d00b682e4b5">
                <material>
                  <mattext texttype="text/html">&lt;p&gt;3&lt;/p&gt;</mattext>
                </material>
              </response_label>
              <response_label ident="text2qti_choice_75a5c81c36d7ca3d77aae2219ed4f26d7c54f24b34b83ec9bba3945ebc6c3879">
                <material>
                  <mattext texttype="text/html">&lt;p&gt;4&lt;/p&gt;</mattext>
                </material>
              </response_label>
            </render_choice>
          </response_lid>
        </presentation>
        <resprocessing>
          <outcomes>
            <decvar maxvalue="100" minvalue="0" varname="SCORE" vartype="Decimal"/>
          </outcomes>
          <respcondition continue="No">
            <conditionvar>
              <varequal respident="response1">text2qti_choice_6e303bc2510c9bd26c55ba4dc34d49fec4284a939123d92c2b169d00b682e4b5</varequal>
            </conditionvar>
            <setvar action="Set" varname="SCORE">100</setvar>
          </respcondition>
        </resprocessing>
      </item>
      <item ident="text2qti_question_aa5132a2bdeb84396315709893024fd7ccf2d615be2b4a770176876e3ebd178c" title="Question">
        <itemmetadata>
          <qtimetadata>
            <qtimetadatafield>
              <fieldlabel>question_type</fieldlabel>
              <fieldentry>multiple_choice_question</fieldentry>
            </qtimetadatafield>
            <qtimetadatafield>
              <fieldlabel>points_possible</fieldlabel>
              <fieldentry>1</fieldentry>
            </qtimetadatafield>
            <qtimetadatafield>
              <fieldlabel>original_answer_ids</fieldlabel>
              <fieldentry>text2qti_choice_a22973f0c5c4d2b1baaa632eef69b0ac34e0f52287c5f5eab859b560e88a9ebe,text2qti_choice_67b838271457b7d92c5317f4b37595f4739e3b22ab806aa7767b8ae76ed2354c,text2qti_choice_36e7715a0161db81a7b8c03c735184cf9bcb69834e143062c8162113db3ebb1e,text2qti_choice_58ded195110d7041a3fa1cd36c4ff439b3fe6f64cae67b778e75f3efc0797798</fieldentry>
            </qtimetadatafield>
            <qtimetadatafield>
              <fieldlabel>assessment_question_identifierref</fieldlabel>
              <fieldentry>text2qti_question_ref_aa5132a2bdeb84396315709893024fd7ccf2d615be2b4a770176876e3ebd178c</fieldentry>
            </qtimetadatafield>
          </qtimetadata>
        </itemmetadata>
        <presentation>
          <material>
            <mattext texttype="text/html">&lt;p&gt;Which is not a valid variable scope in PHP?&lt;/p&gt;</mattext>
          </material>
          <response_lid ident="response1" rcardinality="Single">
            <render_choice>
              <response_label ident="text2qti_choice_a22973f0c5c4d2b1baaa632eef69b0ac34e0f52287c5f5eab859b560e88a9ebe">
                <material>
                  <mattext texttype="text/html">&lt;p&gt;local&lt;/p&gt;</mattext>
                </material>
              </response_label>
              <response_label ident="text2qti_choice_67b838271457b7d92c5317f4b37595f4739e3b22ab806aa7767b8ae76ed2354c">
                <material>
                  <mattext texttype="text/html">&lt;p&gt;global&lt;/p&gt;</mattext>
                </material>
              </response_label>
              <response_label ident="text2qti_choice_36e7715a0161db81a7b8c03c735184cf9bcb69834e143062c8162113db3ebb1e">
                <material>
                  <mattext texttype="text/html">&lt;p&gt;static&lt;/p&gt;</mattext>
                </material>
              </response_label>
              <response_label ident="text2qti_choice_58ded195110d7041a3fa1cd36c4ff439b3fe6f64cae67b778e75f3efc0797798">
                <material>
                  <mattext texttype="text/html">&lt;p&gt;external&lt;/p&gt;</mattext>
                </material>
              </response_label>
            </render_choice>
          </response_lid>
        </presentation>
        <resprocessing>
          <outcomes>
            <decvar maxvalue="100" minvalue="0" varname="SCORE" vartype="Decimal"/>
          </outcomes>
          <respcondition continue="No">
            <conditionvar>
              <varequal respident="response1">text2qti_choice_58ded195110d7041a3fa1cd36c4ff439b3fe6f64cae67b778e75f3efc0797798</varequal>
            </conditionvar>
            <setvar action="Set" varname="SCORE">100</setvar>
          </respcondition>
        </resprocessing>
      </item>
      <item ident="text2qti_question_38064feac1ce4d705dd4529e088a1f0ca036e5f76af690e0bb648a8d4270218c" title="Question">
        <itemmetadata>
          <qtimetadata>
            <qtimetadatafield>
              <fieldlabel>question_type</fieldlabel>
              <fieldentry>multiple_choice_question</fieldentry>
            </qtimetadatafield>
            <qtimetadatafield>
              <fieldlabel>points_possible</fieldlabel>
              <fieldentry>1</fieldentry>
            </qtimetadatafield>
            <qtimetadatafield>
              <fieldlabel>original_answer_ids</fieldlabel>
              <fieldentry>text2qti_choice_603be608aa0b025ec88e8cf79076af9f519f1d990a6b2aa006a380b38c305e16,text2qti_choice_8cee171a5e07a9de95ecbb6174a72477e511daaacaaf21ef9f2d2e08c5b1f56c</fieldentry>
            </qtimetadatafield>
            <qtimetadatafield>
              <fieldlabel>assessment_question_identifierref</fieldlabel>
              <fieldentry>text2qti_question_ref_38064feac1ce4d705dd4529e088a1f0ca036e5f76af690e0bb648a8d4270218c</fieldentry>
            </qtimetadatafield>
          </qtimetadata>
        </itemmetadata>
        <presentation>
          <material>
            <mattext texttype="text/html">&lt;p&gt;A variable declared outside a function has a ____.&lt;/p&gt;</mattext>
          </material>
          <response_lid ident="response1" rcardinality="Single">
            <render_choice>
              <response_label ident="text2qti_choice_603be608aa0b025ec88e8cf79076af9f519f1d990a6b2aa006a380b38c305e16">
                <material>
                  <mattext texttype="text/html">&lt;p&gt;local scope&lt;/p&gt;</mattext>
                </material>
              </response_label>
              <response_label ident="text2qti_choice_8cee171a5e07a9de95ecbb6174a72477e511daaacaaf21ef9f2d2e08c5b1f56c">
                <material>
                  <mattext texttype="text/html">&lt;p&gt;global scope&lt;/p&gt;</mattext>
                </material>
              </response_label>
            </render_choice>
          </response_lid>
        </presentation>
        <resprocessing>
          <outcomes>
            <decvar maxvalue="100" minvalue="0" varname="SCORE" vartype="Decimal"/>
          </outcomes>
          <respcondition continue="No">
            <conditionvar>
              <varequal respident="response1">text2qti_choice_8cee171a5e07a9de95ecbb6174a72477e511daaacaaf21ef9f2d2e08c5b1f56c</varequal>
            </conditionvar>
            <setvar action="Set" varname="SCORE">100</setvar>
          </respcondition>
        </resprocessing>
      </item>
      <item ident="text2qti_question_e95500fcc2519f229a838f9187ee8de1f0689ddd444666618644404cff064078" title="Question">
        <itemmetadata>
          <qtimetadata>
            <qtimetadatafield>
              <fieldlabel>question_type</fieldlabel>
              <fieldentry>multiple_choice_question</fieldentry>
            </qtimetadatafield>
            <qtimetadatafield>
              <fieldlabel>points_possible</fieldlabel>
              <fieldentry>1</fieldentry>
            </qtimetadatafield>
            <qtimetadatafield>
              <fieldlabel>original_answer_ids</fieldlabel>
              <fieldentry>text2qti_choice_f8cd536b019fbbfa5c6b93ac8fffcd29022c020f884d6deee6bb5015620f0414,text2qti_choice_b5f9dc95de90eea4d86b632f20981fb5554d2f896324d38376ee7540c44a607d,text2qti_choice_0d0de31f61da6d98138b4bbbed1382013cd148c54d86d752005ffcc01a810aa5,text2qti_choice_52cdb3dfd627ccf9e8623866924a2d428fe8ac8316f7230dc20c85bb5e2f4ac5</fieldentry>
            </qtimetadatafield>
            <qtimetadatafield>
              <fieldlabel>assessment_question_identifierref</fieldlabel>
              <fieldentry>text2qti_question_ref_e95500fcc2519f229a838f9187ee8de1f0689ddd444666618644404cff064078</fieldentry>
            </qtimetadatafield>
          </qtimetadata>
        </itemmetadata>
        <presentation>
          <material>
            <mattext texttype="text/html">&lt;p&gt;What will be the output of the following PHP code?&amp;lt;?php $x = 5; function myFunction(){echo &amp;ldquo;Result $x&amp;rdquo;;} myFunction(); ?&amp;gt;&lt;/p&gt;</mattext>
          </material>
          <response_lid ident="response1" rcardinality="Single">
            <render_choice>
              <response_label ident="text2qti_choice_f8cd536b019fbbfa5c6b93ac8fffcd29022c020f884d6deee6bb5015620f0414">
                <material>
                  <mattext texttype="text/html">&lt;p&gt;Result $x&lt;/p&gt;</mattext>
                </material>
              </response_label>
              <response_label ident="text2qti_choice_b5f9dc95de90eea4d86b632f20981fb5554d2f896324d38376ee7540c44a607d">
                <material>
                  <mattext texttype="text/html">&lt;p&gt;Result 5&lt;/p&gt;</mattext>
                </material>
              </response_label>
              <response_label ident="text2qti_choice_0d0de31f61da6d98138b4bbbed1382013cd148c54d86d752005ffcc01a810aa5">
                <material>
                  <mattext texttype="text/html">&lt;p&gt;Result&lt;/p&gt;</mattext>
                </material>
              </response_label>
              <response_label ident="text2qti_choice_52cdb3dfd627ccf9e8623866924a2d428fe8ac8316f7230dc20c85bb5e2f4ac5">
                <material>
                  <mattext texttype="text/html">&lt;p&gt;None of the above&lt;/p&gt;</mattext>
                </material>
              </response_label>
            </render_choice>
          </response_lid>
        </presentation>
        <resprocessing>
          <outcomes>
            <decvar maxvalue="100" minvalue="0" varname="SCORE" vartype="Decimal"/>
          </outcomes>
          <respcondition continue="No">
            <conditionvar>
              <varequal respident="response1">text2qti_choice_0d0de31f61da6d98138b4bbbed1382013cd148c54d86d752005ffcc01a810aa5</varequal>
            </conditionvar>
            <setvar action="Set" varname="SCORE">100</setvar>
          </respcondition>
        </resprocessing>
      </item>
      <item ident="text2qti_question_00b4279d54bf8a49b0c67c46dd4f3a4130b7a7fe5490649ddf301dcffc291ce3" title="Question">
        <itemmetadata>
          <qtimetadata>
            <qtimetadatafield>
              <fieldlabel>question_type</fieldlabel>
              <fieldentry>multiple_choice_question</fieldentry>
            </qtimetadatafield>
            <qtimetadatafield>
              <fieldlabel>points_possible</fieldlabel>
              <fieldentry>1</fieldentry>
            </qtimetadatafield>
            <qtimetadatafield>
              <fieldlabel>original_answer_ids</fieldlabel>
              <fieldentry>text2qti_choice_7d9d044d1f421767e11ec7339e0b0cb085a275a2a2170663a28b444b8eb09f21,text2qti_choice_c869984c53afd997bdbbcf07ffb48bcaedefa352097d54223a597d4339e418a2,text2qti_choice_9f4faee45c90949b4b28c37c7779254c8bd171925933ba21d5767800dadc57b6,text2qti_choice_ffff27b21bff08824bc8a52288b9fbf9f7cdf99f7ba4ee51cd964cbb77ae55b3</fieldentry>
            </qtimetadatafield>
            <qtimetadatafield>
              <fieldlabel>assessment_question_identifierref</fieldlabel>
              <fieldentry>text2qti_question_ref_00b4279d54bf8a49b0c67c46dd4f3a4130b7a7fe5490649ddf301dcffc291ce3</fieldentry>
            </qtimetadatafield>
          </qtimetadata>
        </itemmetadata>
        <presentation>
          <material>
            <mattext texttype="text/html">&lt;p&gt;What will be the output of the following PHP code?&amp;lt;?php function myFunction() {$x = 5; echo &amp;ldquo;Result1: $x , &amp;ldquo;;} myFunction(); echo &amp;ldquo;Result2: $x&amp;rdquo;; ?&amp;gt;&lt;/p&gt;</mattext>
          </material>
          <response_lid ident="response1" rcardinality="Single">
            <render_choice>
              <response_label ident="text2qti_choice_7d9d044d1f421767e11ec7339e0b0cb085a275a2a2170663a28b444b8eb09f21">
                <material>
                  <mattext texttype="text/html">&lt;p&gt;Result1: 5 , Result2:&lt;/p&gt;</mattext>
                </material>
              </response_label>
              <response_label ident="text2qti_choice_c869984c53afd997bdbbcf07ffb48bcaedefa352097d54223a597d4339e418a2">
                <material>
                  <mattext texttype="text/html">&lt;p&gt;Result1: 5 , Result2: 0&lt;/p&gt;</mattext>
                </material>
              </response_label>
              <response_label ident="text2qti_choice_9f4faee45c90949b4b28c37c7779254c8bd171925933ba21d5767800dadc57b6">
                <material>
                  <mattext texttype="text/html">&lt;p&gt;Result1: 5 , Result2: 5&lt;/p&gt;</mattext>
                </material>
              </response_label>
              <response_label ident="text2qti_choice_ffff27b21bff08824bc8a52288b9fbf9f7cdf99f7ba4ee51cd964cbb77ae55b3">
                <material>
                  <mattext texttype="text/html">&lt;p&gt;None of the above&lt;/p&gt;</mattext>
                </material>
              </response_label>
            </render_choice>
          </response_lid>
        </presentation>
        <resprocessing>
          <outcomes>
            <decvar maxvalue="100" minvalue="0" varname="SCORE" vartype="Decimal"/>
          </outcomes>
          <respcondition continue="No">
            <conditionvar>
              <varequal respident="response1">text2qti_choice_7d9d044d1f421767e11ec7339e0b0cb085a275a2a2170663a28b444b8eb09f21</varequal>
            </conditionvar>
            <setvar action="Set" varname="SCORE">100</setvar>
          </respcondition>
        </resprocessing>
      </item>
      <item ident="text2qti_question_79c1d9209a78e1ec06ddaf417109f1a692a02f0c7feee79c02bb19c5bf3d7d08" title="Question">
        <itemmetadata>
          <qtimetadata>
            <qtimetadatafield>
              <fieldlabel>question_type</fieldlabel>
              <fieldentry>multiple_choice_question</fieldentry>
            </qtimetadatafield>
            <qtimetadatafield>
              <fieldlabel>points_possible</fieldlabel>
              <fieldentry>1</fieldentry>
            </qtimetadatafield>
            <qtimetadatafield>
              <fieldlabel>original_answer_ids</fieldlabel>
              <fieldentry>text2qti_choice_30a45275b32994cdd3d64b722e6707d0837cdb99d9eba3bba58aee7edd83bd8b,text2qti_choice_95191460db599666d080be8b5ee81646539cca9fe40a09924bcbf4de44ef797e,text2qti_choice_2527e31d0585c11af02d7268de4f0a55844a84c1f2a85f5edd8a7cee031725cb,text2qti_choice_70f19380c9a43c78663c5719f631ebfa4c6a8a1689724b26192a8db1e262aa5c</fieldentry>
            </qtimetadatafield>
            <qtimetadatafield>
              <fieldlabel>assessment_question_identifierref</fieldlabel>
              <fieldentry>text2qti_question_ref_79c1d9209a78e1ec06ddaf417109f1a692a02f0c7feee79c02bb19c5bf3d7d08</fieldentry>
            </qtimetadatafield>
          </qtimetadata>
        </itemmetadata>
        <presentation>
          <material>
            <mattext texttype="text/html">&lt;p&gt;Which PHP keyword is used to access a global variable inside the function?&lt;/p&gt;</mattext>
          </material>
          <response_lid ident="response1" rcardinality="Single">
            <render_choice>
              <response_label ident="text2qti_choice_30a45275b32994cdd3d64b722e6707d0837cdb99d9eba3bba58aee7edd83bd8b">
                <material>
                  <mattext texttype="text/html">&lt;p&gt;php_ global&lt;/p&gt;</mattext>
                </material>
              </response_label>
              <response_label ident="text2qti_choice_95191460db599666d080be8b5ee81646539cca9fe40a09924bcbf4de44ef797e">
                <material>
                  <mattext texttype="text/html">&lt;p&gt;global&lt;/p&gt;</mattext>
                </material>
              </response_label>
              <response_label ident="text2qti_choice_2527e31d0585c11af02d7268de4f0a55844a84c1f2a85f5edd8a7cee031725cb">
                <material>
                  <mattext texttype="text/html">&lt;p&gt;global_variable&lt;/p&gt;</mattext>
                </material>
              </response_label>
              <response_label ident="text2qti_choice_70f19380c9a43c78663c5719f631ebfa4c6a8a1689724b26192a8db1e262aa5c">
                <material>
                  <mattext texttype="text/html">&lt;p&gt;globalscope&lt;/p&gt;</mattext>
                </material>
              </response_label>
            </render_choice>
          </response_lid>
        </presentation>
        <resprocessing>
          <outcomes>
            <decvar maxvalue="100" minvalue="0" varname="SCORE" vartype="Decimal"/>
          </outcomes>
          <respcondition continue="No">
            <conditionvar>
              <varequal respident="response1">text2qti_choice_95191460db599666d080be8b5ee81646539cca9fe40a09924bcbf4de44ef797e</varequal>
            </conditionvar>
            <setvar action="Set" varname="SCORE">100</setvar>
          </respcondition>
        </resprocessing>
      </item>
      <item ident="text2qti_question_1f9181050dd4592d5743b44837b4355e1f336b11e01919b74fbc6f3dad3d0032" title="Question">
        <itemmetadata>
          <qtimetadata>
            <qtimetadatafield>
              <fieldlabel>question_type</fieldlabel>
              <fieldentry>multiple_choice_question</fieldentry>
            </qtimetadatafield>
            <qtimetadatafield>
              <fieldlabel>points_possible</fieldlabel>
              <fieldentry>1</fieldentry>
            </qtimetadatafield>
            <qtimetadatafield>
              <fieldlabel>original_answer_ids</fieldlabel>
              <fieldentry>text2qti_choice_5dcf1d3927f3c97c2f0988885df0e43eff2582c529fb95dc664e2403e4a018ed,text2qti_choice_2ffa1b370e9e414598503895d529ee671c8a377b069849b64c3ebb0643083446,text2qti_choice_f4e298edc015b7f9163a0728650e53adb18a17c6f409ea90d3fc073a8ef94c09,text2qti_choice_becb82a66597fe6f1261efa112481a8b1e2561824836b6bf71b1b77c79e4c865</fieldentry>
            </qtimetadatafield>
            <qtimetadatafield>
              <fieldlabel>assessment_question_identifierref</fieldlabel>
              <fieldentry>text2qti_question_ref_1f9181050dd4592d5743b44837b4355e1f336b11e01919b74fbc6f3dad3d0032</fieldentry>
            </qtimetadatafield>
          </qtimetadata>
        </itemmetadata>
        <presentation>
          <material>
            <mattext texttype="text/html">&lt;p&gt;There are two variables a, b which declared in global scope, which is the correct PHP statement to access them within a function?&lt;/p&gt;</mattext>
          </material>
          <response_lid ident="response1" rcardinality="Single">
            <render_choice>
              <response_label ident="text2qti_choice_5dcf1d3927f3c97c2f0988885df0e43eff2582c529fb95dc664e2403e4a018ed">
                <material>
                  <mattext texttype="text/html">&lt;p&gt;global $a, $b;&lt;/p&gt;</mattext>
                </material>
              </response_label>
              <response_label ident="text2qti_choice_2ffa1b370e9e414598503895d529ee671c8a377b069849b64c3ebb0643083446">
                <material>
                  <mattext texttype="text/html">&lt;p&gt;global $a $b;&lt;/p&gt;</mattext>
                </material>
              </response_label>
              <response_label ident="text2qti_choice_f4e298edc015b7f9163a0728650e53adb18a17c6f409ea90d3fc073a8ef94c09">
                <material>
                  <mattext texttype="text/html">&lt;p&gt;global ($a, $b);&lt;/p&gt;</mattext>
                </material>
              </response_label>
              <response_label ident="text2qti_choice_becb82a66597fe6f1261efa112481a8b1e2561824836b6bf71b1b77c79e4c865">
                <material>
                  <mattext texttype="text/html">&lt;p&gt;php_global $a, $b;&lt;/p&gt;</mattext>
                </material>
              </response_label>
            </render_choice>
          </response_lid>
        </presentation>
        <resprocessing>
          <outcomes>
            <decvar maxvalue="100" minvalue="0" varname="SCORE" vartype="Decimal"/>
          </outcomes>
          <respcondition continue="No">
            <conditionvar>
              <varequal respident="response1">text2qti_choice_5dcf1d3927f3c97c2f0988885df0e43eff2582c529fb95dc664e2403e4a018ed</varequal>
            </conditionvar>
            <setvar action="Set" varname="SCORE">100</setvar>
          </respcondition>
        </resprocessing>
      </item>
      <item ident="text2qti_question_1f85ba0659248cb4d92ffa34afd2d0fd2cfb2139761d09e19be00d17ef50a3c3" title="Question">
        <itemmetadata>
          <qtimetadata>
            <qtimetadatafield>
              <fieldlabel>question_type</fieldlabel>
              <fieldentry>multiple_choice_question</fieldentry>
            </qtimetadatafield>
            <qtimetadatafield>
              <fieldlabel>points_possible</fieldlabel>
              <fieldentry>1</fieldentry>
            </qtimetadatafield>
            <qtimetadatafield>
              <fieldlabel>original_answer_ids</fieldlabel>
              <fieldentry>text2qti_choice_8d10049bc1d080b043f486ecaac95cf2f69d355ee7587b45acf4b9ca7da6c038,text2qti_choice_749afdaea80fa399a782b4b555f25d3b03566bf27dcf291057ed9886125bf9ca,text2qti_choice_0ab7d79cadee84f99ec04349eed9be29413f4eb89245a65853989ede16bdd180,text2qti_choice_7e2735cba23512b5a0cbcf41b05ddb14f6bc1686a282a30fef63004e87b94947</fieldentry>
            </qtimetadatafield>
            <qtimetadatafield>
              <fieldlabel>assessment_question_identifierref</fieldlabel>
              <fieldentry>text2qti_question_ref_1f85ba0659248cb4d92ffa34afd2d0fd2cfb2139761d09e19be00d17ef50a3c3</fieldentry>
            </qtimetadatafield>
          </qtimetadata>
        </itemmetadata>
        <presentation>
          <material>
            <mattext texttype="text/html">&lt;p&gt;What is the name of an array that stores all global variables in PHP?&lt;/p&gt;</mattext>
          </material>
          <response_lid ident="response1" rcardinality="Single">
            <render_choice>
              <response_label ident="text2qti_choice_8d10049bc1d080b043f486ecaac95cf2f69d355ee7587b45acf4b9ca7da6c038">
                <material>
                  <mattext texttype="text/html">&lt;p&gt;$GLOBAL[]&lt;/p&gt;</mattext>
                </material>
              </response_label>
              <response_label ident="text2qti_choice_749afdaea80fa399a782b4b555f25d3b03566bf27dcf291057ed9886125bf9ca">
                <material>
                  <mattext texttype="text/html">&lt;p&gt;$global[]&lt;/p&gt;</mattext>
                </material>
              </response_label>
              <response_label ident="text2qti_choice_0ab7d79cadee84f99ec04349eed9be29413f4eb89245a65853989ede16bdd180">
                <material>
                  <mattext texttype="text/html">&lt;p&gt;$GLOBALS[]&lt;/p&gt;</mattext>
                </material>
              </response_label>
              <response_label ident="text2qti_choice_7e2735cba23512b5a0cbcf41b05ddb14f6bc1686a282a30fef63004e87b94947">
                <material>
                  <mattext texttype="text/html">&lt;p&gt;$PHP_GLOBALS[]&lt;/p&gt;</mattext>
                </material>
              </response_label>
            </render_choice>
          </response_lid>
        </presentation>
        <resprocessing>
          <outcomes>
            <decvar maxvalue="100" minvalue="0" varname="SCORE" vartype="Decimal"/>
          </outcomes>
          <respcondition continue="No">
            <conditionvar>
              <varequal respident="response1">text2qti_choice_0ab7d79cadee84f99ec04349eed9be29413f4eb89245a65853989ede16bdd180</varequal>
            </conditionvar>
            <setvar action="Set" varname="SCORE">100</setvar>
          </respcondition>
        </resprocessing>
      </item>
      <item ident="text2qti_question_677058d5d7c099ff20319cf32c2b319bdd73a226e1bc3b1db7dbfc38c2e21e03" title="Question">
        <itemmetadata>
          <qtimetadata>
            <qtimetadatafield>
              <fieldlabel>question_type</fieldlabel>
              <fieldentry>multiple_choice_question</fieldentry>
            </qtimetadatafield>
            <qtimetadatafield>
              <fieldlabel>points_possible</fieldlabel>
              <fieldentry>1</fieldentry>
            </qtimetadatafield>
            <qtimetadatafield>
              <fieldlabel>original_answer_ids</fieldlabel>
              <fieldentry>text2qti_choice_4d9413c08690de4f7423acd4d87ae77ea361772cda6dfeb6ee56eadea6bbc123,text2qti_choice_79b24728d40f27a2d1dc210e12d39d4b1eee6c188d43d3c088c7d9c9fa6e956e,text2qti_choice_b36dae399d91c144f9cea30c79216d757b0ede01935457b476b5247abcbcf4c5,text2qti_choice_23de779d6a359835a9aebded06262ee41b8671bb7dd998ea51c3328596724ed2</fieldentry>
            </qtimetadatafield>
            <qtimetadatafield>
              <fieldlabel>assessment_question_identifierref</fieldlabel>
              <fieldentry>text2qti_question_ref_677058d5d7c099ff20319cf32c2b319bdd73a226e1bc3b1db7dbfc38c2e21e03</fieldentry>
            </qtimetadatafield>
          </qtimetadata>
        </itemmetadata>
        <presentation>
          <material>
            <mattext texttype="text/html">&lt;p&gt;In the syntax of $GLOBALS[index], what does &amp;ldquo;index&amp;rdquo; hold?&lt;/p&gt;</mattext>
          </material>
          <response_lid ident="response1" rcardinality="Single">
            <render_choice>
              <response_label ident="text2qti_choice_4d9413c08690de4f7423acd4d87ae77ea361772cda6dfeb6ee56eadea6bbc123">
                <material>
                  <mattext texttype="text/html">&lt;p&gt;Index (starting from 0) of the variable&lt;/p&gt;</mattext>
                </material>
              </response_label>
              <response_label ident="text2qti_choice_79b24728d40f27a2d1dc210e12d39d4b1eee6c188d43d3c088c7d9c9fa6e956e">
                <material>
                  <mattext texttype="text/html">&lt;p&gt;Index (starting from 1) of the variable&lt;/p&gt;</mattext>
                </material>
              </response_label>
              <response_label ident="text2qti_choice_b36dae399d91c144f9cea30c79216d757b0ede01935457b476b5247abcbcf4c5">
                <material>
                  <mattext texttype="text/html">&lt;p&gt;Name of the variable&lt;/p&gt;</mattext>
                </material>
              </response_label>
              <response_label ident="text2qti_choice_23de779d6a359835a9aebded06262ee41b8671bb7dd998ea51c3328596724ed2">
                <material>
                  <mattext texttype="text/html">&lt;p&gt;Line number of the variable where the variable was declared&lt;/p&gt;</mattext>
                </material>
              </response_label>
            </render_choice>
          </response_lid>
        </presentation>
        <resprocessing>
          <outcomes>
            <decvar maxvalue="100" minvalue="0" varname="SCORE" vartype="Decimal"/>
          </outcomes>
          <respcondition continue="No">
            <conditionvar>
              <varequal respident="response1">text2qti_choice_b36dae399d91c144f9cea30c79216d757b0ede01935457b476b5247abcbcf4c5</varequal>
            </conditionvar>
            <setvar action="Set" varname="SCORE">100</setvar>
          </respcondition>
        </resprocessing>
      </item>
      <item ident="text2qti_question_ba73a9c5870353d5a919923589cd68d725b9d013c04a6476c1c5490fce3f2fcf" title="Question">
        <itemmetadata>
          <qtimetadata>
            <qtimetadatafield>
              <fieldlabel>question_type</fieldlabel>
              <fieldentry>multiple_choice_question</fieldentry>
            </qtimetadatafield>
            <qtimetadatafield>
              <fieldlabel>points_possible</fieldlabel>
              <fieldentry>1</fieldentry>
            </qtimetadatafield>
            <qtimetadatafield>
              <fieldlabel>original_answer_ids</fieldlabel>
              <fieldentry>text2qti_choice_d4af62def50f6ba7b5f0d45fede389c95d6ed034e3696dcb16adb7789e63d0f7,text2qti_choice_ddea61c267f281cc59f36d4bfd4c204bf2f495fa6a75607dd3742e8998955a6e,text2qti_choice_77a35ef2e5ae43189b1fc63d122054de8890104c21ab0f373bea85b3f6f898a4,text2qti_choice_ff8f5660a4cb2c68fc3d43c42c2c08bdd5460146d42ebadea41f8cf1d9654bcb</fieldentry>
            </qtimetadatafield>
            <qtimetadatafield>
              <fieldlabel>assessment_question_identifierref</fieldlabel>
              <fieldentry>text2qti_question_ref_ba73a9c5870353d5a919923589cd68d725b9d013c04a6476c1c5490fce3f2fcf</fieldentry>
            </qtimetadatafield>
          </qtimetadata>
        </itemmetadata>
        <presentation>
          <material>
            <mattext texttype="text/html">&lt;p&gt;What will be the output of the following PHP code 1?&lt;/p&gt;</mattext>
          </material>
          <response_lid ident="response1" rcardinality="Single">
            <render_choice>
              <response_label ident="text2qti_choice_d4af62def50f6ba7b5f0d45fede389c95d6ed034e3696dcb16adb7789e63d0f7">
                <material>
                  <mattext texttype="text/html">&lt;p&gt;000&lt;/p&gt;</mattext>
                </material>
              </response_label>
              <response_label ident="text2qti_choice_ddea61c267f281cc59f36d4bfd4c204bf2f495fa6a75607dd3742e8998955a6e">
                <material>
                  <mattext texttype="text/html">&lt;p&gt;111&lt;/p&gt;</mattext>
                </material>
              </response_label>
              <response_label ident="text2qti_choice_77a35ef2e5ae43189b1fc63d122054de8890104c21ab0f373bea85b3f6f898a4">
                <material>
                  <mattext texttype="text/html">&lt;p&gt;011&lt;/p&gt;</mattext>
                </material>
              </response_label>
              <response_label ident="text2qti_choice_ff8f5660a4cb2c68fc3d43c42c2c08bdd5460146d42ebadea41f8cf1d9654bcb">
                <material>
                  <mattext texttype="text/html">&lt;p&gt;012&lt;/p&gt;</mattext>
                </material>
              </response_label>
            </render_choice>
          </response_lid>
        </presentation>
        <resprocessing>
          <outcomes>
            <decvar maxvalue="100" minvalue="0" varname="SCORE" vartype="Decimal"/>
          </outcomes>
          <respcondition continue="No">
            <conditionvar>
              <varequal respident="response1">text2qti_choice_ff8f5660a4cb2c68fc3d43c42c2c08bdd5460146d42ebadea41f8cf1d9654bcb</varequal>
            </conditionvar>
            <setvar action="Set" varname="SCORE">100</setvar>
          </respcondition>
        </resprocessing>
      </item>
      <item ident="text2qti_question_76bca39fb272464b73e3bb73a02062f094dbcf09f0f13b1b7301c04026f685d4" title="Question">
        <itemmetadata>
          <qtimetadata>
            <qtimetadatafield>
              <fieldlabel>question_type</fieldlabel>
              <fieldentry>multiple_choice_question</fieldentry>
            </qtimetadatafield>
            <qtimetadatafield>
              <fieldlabel>points_possible</fieldlabel>
              <fieldentry>1</fieldentry>
            </qtimetadatafield>
            <qtimetadatafield>
              <fieldlabel>original_answer_ids</fieldlabel>
              <fieldentry>text2qti_choice_6898ed8e3b6b94bcd0dedba2f05ee09210ef9a13148a7ede0ca5a97b8b839a17,text2qti_choice_3e05799517fc131cae15395bb5afe9fa03137057734d0c55aecace678bb16489</fieldentry>
            </qtimetadatafield>
            <qtimetadatafield>
              <fieldlabel>assessment_question_identifierref</fieldlabel>
              <fieldentry>text2qti_question_ref_76bca39fb272464b73e3bb73a02062f094dbcf09f0f13b1b7301c04026f685d4</fieldentry>
            </qtimetadatafield>
          </qtimetadata>
        </itemmetadata>
        <presentation>
          <material>
            <mattext texttype="text/html">&lt;p&gt;Which statement is faster echo or print?&lt;/p&gt;</mattext>
          </material>
          <response_lid ident="response1" rcardinality="Single">
            <render_choice>
              <response_label ident="text2qti_choice_6898ed8e3b6b94bcd0dedba2f05ee09210ef9a13148a7ede0ca5a97b8b839a17">
                <material>
                  <mattext texttype="text/html">&lt;p&gt;echo&lt;/p&gt;</mattext>
                </material>
              </response_label>
              <response_label ident="text2qti_choice_3e05799517fc131cae15395bb5afe9fa03137057734d0c55aecace678bb16489">
                <material>
                  <mattext texttype="text/html">&lt;p&gt;print&lt;/p&gt;</mattext>
                </material>
              </response_label>
            </render_choice>
          </response_lid>
        </presentation>
        <resprocessing>
          <outcomes>
            <decvar maxvalue="100" minvalue="0" varname="SCORE" vartype="Decimal"/>
          </outcomes>
          <respcondition continue="No">
            <conditionvar>
              <varequal respident="response1">text2qti_choice_6898ed8e3b6b94bcd0dedba2f05ee09210ef9a13148a7ede0ca5a97b8b839a17</varequal>
            </conditionvar>
            <setvar action="Set" varname="SCORE">100</setvar>
          </respcondition>
        </resprocessing>
      </item>
      <item ident="text2qti_question_8fab7bf25cb19137406623067b72880d59b9f3075418cf24aedf5e1a0682bbe8" title="Question">
        <itemmetadata>
          <qtimetadata>
            <qtimetadatafield>
              <fieldlabel>question_type</fieldlabel>
              <fieldentry>multiple_choice_question</fieldentry>
            </qtimetadatafield>
            <qtimetadatafield>
              <fieldlabel>points_possible</fieldlabel>
              <fieldentry>1</fieldentry>
            </qtimetadatafield>
            <qtimetadatafield>
              <fieldlabel>original_answer_ids</fieldlabel>
              <fieldentry>text2qti_choice_ab5c91b22a634ea559f03d6d881b76c17b76dbc72aeac81123bd1a6d8baebc82,text2qti_choice_826a5b99847ee1325bb881845dc68573152fe7b7e5c723865e25f8a8a34e1cab,text2qti_choice_a19956fcafd923aad1f85e0269075bacc7ab4be17b4c8104f45837a4aeb61f59,text2qti_choice_4f518580bfba8ec5edc10a838bf4384c8b2f0253b916973fecffe401fd891e68</fieldentry>
            </qtimetadatafield>
            <qtimetadatafield>
              <fieldlabel>assessment_question_identifierref</fieldlabel>
              <fieldentry>text2qti_question_ref_8fab7bf25cb19137406623067b72880d59b9f3075418cf24aedf5e1a0682bbe8</fieldentry>
            </qtimetadatafield>
          </qtimetadata>
        </itemmetadata>
        <presentation>
          <material>
            <mattext texttype="text/html">&lt;p&gt;What is the correct syntax of echo statement in PHP?&lt;/p&gt;</mattext>
          </material>
          <response_lid ident="response1" rcardinality="Single">
            <render_choice>
              <response_label ident="text2qti_choice_ab5c91b22a634ea559f03d6d881b76c17b76dbc72aeac81123bd1a6d8baebc82">
                <material>
                  <mattext texttype="text/html">&lt;p&gt;echo&lt;/p&gt;</mattext>
                </material>
              </response_label>
              <response_label ident="text2qti_choice_826a5b99847ee1325bb881845dc68573152fe7b7e5c723865e25f8a8a34e1cab">
                <material>
                  <mattext texttype="text/html">&lt;p&gt;echo()&lt;/p&gt;</mattext>
                </material>
              </response_label>
              <response_label ident="text2qti_choice_a19956fcafd923aad1f85e0269075bacc7ab4be17b4c8104f45837a4aeb61f59">
                <material>
                  <mattext texttype="text/html">&lt;p&gt;echo = ()&lt;/p&gt;</mattext>
                </material>
              </response_label>
              <response_label ident="text2qti_choice_4f518580bfba8ec5edc10a838bf4384c8b2f0253b916973fecffe401fd891e68">
                <material>
                  <mattext texttype="text/html">&lt;p&gt;Both A. and B.&lt;/p&gt;</mattext>
                </material>
              </response_label>
            </render_choice>
          </response_lid>
        </presentation>
        <resprocessing>
          <outcomes>
            <decvar maxvalue="100" minvalue="0" varname="SCORE" vartype="Decimal"/>
          </outcomes>
          <respcondition continue="No">
            <conditionvar>
              <varequal respident="response1">text2qti_choice_4f518580bfba8ec5edc10a838bf4384c8b2f0253b916973fecffe401fd891e68</varequal>
            </conditionvar>
            <setvar action="Set" varname="SCORE">100</setvar>
          </respcondition>
        </resprocessing>
      </item>
      <item ident="text2qti_question_8eea6fe9ec94c2c1c2509fb2304dd37f182a710d84808ba8cd41b145af43777f" title="Question">
        <itemmetadata>
          <qtimetadata>
            <qtimetadatafield>
              <fieldlabel>question_type</fieldlabel>
              <fieldentry>multiple_choice_question</fieldentry>
            </qtimetadatafield>
            <qtimetadatafield>
              <fieldlabel>points_possible</fieldlabel>
              <fieldentry>1</fieldentry>
            </qtimetadatafield>
            <qtimetadatafield>
              <fieldlabel>original_answer_ids</fieldlabel>
              <fieldentry>text2qti_choice_c56a537fc557683f2852ca49d46e94a9aff785b3ba335d7f7fe23870077cbc68,text2qti_choice_93fdc3fdd68d088b6f2be90bb227590f2cb79640c196049a435436b857207c9e,text2qti_choice_01ea37ae3bdb6073cfbbf8bb1a12a25d9dc43748f6698bdf14cfafa0a8c74be3,text2qti_choice_bbac99ac553cde231cfdaba19bf40ca8a8a3ff6d571bdb50a5cfb2258b384989</fieldentry>
            </qtimetadatafield>
            <qtimetadatafield>
              <fieldlabel>assessment_question_identifierref</fieldlabel>
              <fieldentry>text2qti_question_ref_8eea6fe9ec94c2c1c2509fb2304dd37f182a710d84808ba8cd41b145af43777f</fieldentry>
            </qtimetadatafield>
          </qtimetadata>
        </itemmetadata>
        <presentation>
          <material>
            <mattext texttype="text/html">&lt;p&gt;There is a variable &amp;ldquo;name&amp;rdquo; that contains the name of a person, which is/are the correct echo statement(s) to print the &amp;ldquo;name&amp;rdquo; suffix with &amp;ldquo;Hello&amp;rdquo;.&lt;/p&gt;</mattext>
          </material>
          <response_lid ident="response1" rcardinality="Single">
            <render_choice>
              <response_label ident="text2qti_choice_c56a537fc557683f2852ca49d46e94a9aff785b3ba335d7f7fe23870077cbc68">
                <material>
                  <mattext texttype="text/html">&lt;p&gt;echo &amp;ldquo;Hello $name&amp;rdquo;;&lt;/p&gt;</mattext>
                </material>
              </response_label>
              <response_label ident="text2qti_choice_93fdc3fdd68d088b6f2be90bb227590f2cb79640c196049a435436b857207c9e">
                <material>
                  <mattext texttype="text/html">&lt;p&gt;echo &amp;ldquo;Hello &amp;rdquo; . $name;&lt;/p&gt;</mattext>
                </material>
              </response_label>
              <response_label ident="text2qti_choice_01ea37ae3bdb6073cfbbf8bb1a12a25d9dc43748f6698bdf14cfafa0a8c74be3">
                <material>
                  <mattext texttype="text/html">&lt;p&gt;echo (&amp;ldquo;Hello $name&amp;rdquo;);&lt;/p&gt;</mattext>
                </material>
              </response_label>
              <response_label ident="text2qti_choice_bbac99ac553cde231cfdaba19bf40ca8a8a3ff6d571bdb50a5cfb2258b384989">
                <material>
                  <mattext texttype="text/html">&lt;p&gt;All of the above&lt;/p&gt;</mattext>
                </material>
              </response_label>
            </render_choice>
          </response_lid>
        </presentation>
        <resprocessing>
          <outcomes>
            <decvar maxvalue="100" minvalue="0" varname="SCORE" vartype="Decimal"/>
          </outcomes>
          <respcondition continue="No">
            <conditionvar>
              <varequal respident="response1">text2qti_choice_bbac99ac553cde231cfdaba19bf40ca8a8a3ff6d571bdb50a5cfb2258b384989</varequal>
            </conditionvar>
            <setvar action="Set" varname="SCORE">100</setvar>
          </respcondition>
        </resprocessing>
      </item>
      <item ident="text2qti_question_ac7f2368c4732e1cf27f30ecac0bea5c094b6ca2d42f7f8554e98194aca5c947" title="Question">
        <itemmetadata>
          <qtimetadata>
            <qtimetadatafield>
              <fieldlabel>question_type</fieldlabel>
              <fieldentry>multiple_choice_question</fieldentry>
            </qtimetadatafield>
            <qtimetadatafield>
              <fieldlabel>points_possible</fieldlabel>
              <fieldentry>1</fieldentry>
            </qtimetadatafield>
            <qtimetadatafield>
              <fieldlabel>original_answer_ids</fieldlabel>
              <fieldentry>text2qti_choice_14c453567ad25a661f29f86862aa8063b09b522726e332b9a40f1e88771ad8c8,text2qti_choice_6c1c4e7475fb7bbbc74f7c11f68f08c7f449ad3c63ecc4cc8cf416410211fb98,text2qti_choice_64ecf5d6226bdab275413113867d2d137561f8e72f29d7974252d328aedb2e11,text2qti_choice_c84bd384d59e252bcf6308fc518e2bf998a43cd8ab1011db28a82f88f4dead18</fieldentry>
            </qtimetadatafield>
            <qtimetadatafield>
              <fieldlabel>assessment_question_identifierref</fieldlabel>
              <fieldentry>text2qti_question_ref_ac7f2368c4732e1cf27f30ecac0bea5c094b6ca2d42f7f8554e98194aca5c947</fieldentry>
            </qtimetadatafield>
          </qtimetadata>
        </itemmetadata>
        <presentation>
          <material>
            <mattext texttype="text/html">&lt;p&gt;What is the correct syntax of print statement in PHP?&lt;/p&gt;</mattext>
          </material>
          <response_lid ident="response1" rcardinality="Single">
            <render_choice>
              <response_label ident="text2qti_choice_14c453567ad25a661f29f86862aa8063b09b522726e332b9a40f1e88771ad8c8">
                <material>
                  <mattext texttype="text/html">&lt;p&gt;print&lt;/p&gt;</mattext>
                </material>
              </response_label>
              <response_label ident="text2qti_choice_6c1c4e7475fb7bbbc74f7c11f68f08c7f449ad3c63ecc4cc8cf416410211fb98">
                <material>
                  <mattext texttype="text/html">&lt;p&gt;print()&lt;/p&gt;</mattext>
                </material>
              </response_label>
              <response_label ident="text2qti_choice_64ecf5d6226bdab275413113867d2d137561f8e72f29d7974252d328aedb2e11">
                <material>
                  <mattext texttype="text/html">&lt;p&gt;print = ()&lt;/p&gt;</mattext>
                </material>
              </response_label>
              <response_label ident="text2qti_choice_c84bd384d59e252bcf6308fc518e2bf998a43cd8ab1011db28a82f88f4dead18">
                <material>
                  <mattext texttype="text/html">&lt;p&gt;Both A. and B.&lt;/p&gt;</mattext>
                </material>
              </response_label>
            </render_choice>
          </response_lid>
        </presentation>
        <resprocessing>
          <outcomes>
            <decvar maxvalue="100" minvalue="0" varname="SCORE" vartype="Decimal"/>
          </outcomes>
          <respcondition continue="No">
            <conditionvar>
              <varequal respident="response1">text2qti_choice_c84bd384d59e252bcf6308fc518e2bf998a43cd8ab1011db28a82f88f4dead18</varequal>
            </conditionvar>
            <setvar action="Set" varname="SCORE">100</setvar>
          </respcondition>
        </resprocessing>
      </item>
      <item ident="text2qti_question_7eca96a964008371da78b794cd126ab734898701653efd792d704c73d52fd39b" title="Question">
        <itemmetadata>
          <qtimetadata>
            <qtimetadatafield>
              <fieldlabel>question_type</fieldlabel>
              <fieldentry>multiple_choice_question</fieldentry>
            </qtimetadatafield>
            <qtimetadatafield>
              <fieldlabel>points_possible</fieldlabel>
              <fieldentry>1</fieldentry>
            </qtimetadatafield>
            <qtimetadatafield>
              <fieldlabel>original_answer_ids</fieldlabel>
              <fieldentry>text2qti_choice_0705b485e6eb1e51b7d27dc90612437b01dbfc1a37bf23e8ed1245a39abb36ff,text2qti_choice_15a64eabf9a12eba79f7a722e1ceeb0cd1b4692a876b5dbd34f3ea5298e146e3,text2qti_choice_b873416b3ad2ecf0c3939d3ae4fd5fcaafeabdfb7badcf9097fbfd65465e86f6,text2qti_choice_1ef89bc36ff98db128033945c57b2f3e2a0187a56fca7634d461aab872f95f75</fieldentry>
            </qtimetadatafield>
            <qtimetadatafield>
              <fieldlabel>assessment_question_identifierref</fieldlabel>
              <fieldentry>text2qti_question_ref_7eca96a964008371da78b794cd126ab734898701653efd792d704c73d52fd39b</fieldentry>
            </qtimetadatafield>
          </qtimetadata>
        </itemmetadata>
        <presentation>
          <material>
            <mattext texttype="text/html">&lt;p&gt;There is a variable &amp;ldquo;name&amp;rdquo; that contains the name of a person, which is/are the correct print statement(s) to print the &amp;ldquo;name&amp;rdquo; suffix with &amp;ldquo;Hello&amp;rdquo;.&lt;/p&gt;</mattext>
          </material>
          <response_lid ident="response1" rcardinality="Single">
            <render_choice>
              <response_label ident="text2qti_choice_0705b485e6eb1e51b7d27dc90612437b01dbfc1a37bf23e8ed1245a39abb36ff">
                <material>
                  <mattext texttype="text/html">&lt;p&gt;print &amp;ldquo;Hello $name&amp;rdquo;;&lt;/p&gt;</mattext>
                </material>
              </response_label>
              <response_label ident="text2qti_choice_15a64eabf9a12eba79f7a722e1ceeb0cd1b4692a876b5dbd34f3ea5298e146e3">
                <material>
                  <mattext texttype="text/html">&lt;p&gt;print &amp;ldquo;Hello &amp;rdquo; . $name;&lt;/p&gt;</mattext>
                </material>
              </response_label>
              <response_label ident="text2qti_choice_b873416b3ad2ecf0c3939d3ae4fd5fcaafeabdfb7badcf9097fbfd65465e86f6">
                <material>
                  <mattext texttype="text/html">&lt;p&gt;print (&amp;ldquo;Hello $name&amp;rdquo;);&lt;/p&gt;</mattext>
                </material>
              </response_label>
              <response_label ident="text2qti_choice_1ef89bc36ff98db128033945c57b2f3e2a0187a56fca7634d461aab872f95f75">
                <material>
                  <mattext texttype="text/html">&lt;p&gt;All of the above&lt;/p&gt;</mattext>
                </material>
              </response_label>
            </render_choice>
          </response_lid>
        </presentation>
        <resprocessing>
          <outcomes>
            <decvar maxvalue="100" minvalue="0" varname="SCORE" vartype="Decimal"/>
          </outcomes>
          <respcondition continue="No">
            <conditionvar>
              <varequal respident="response1">text2qti_choice_1ef89bc36ff98db128033945c57b2f3e2a0187a56fca7634d461aab872f95f75</varequal>
            </conditionvar>
            <setvar action="Set" varname="SCORE">100</setvar>
          </respcondition>
        </resprocessing>
      </item>
      <item ident="text2qti_question_9084ca196a2c39c279ba75ba85a0e4e1a18b52ae238091250c234cd65db93079" title="Question">
        <itemmetadata>
          <qtimetadata>
            <qtimetadatafield>
              <fieldlabel>question_type</fieldlabel>
              <fieldentry>multiple_choice_question</fieldentry>
            </qtimetadatafield>
            <qtimetadatafield>
              <fieldlabel>points_possible</fieldlabel>
              <fieldentry>1</fieldentry>
            </qtimetadatafield>
            <qtimetadatafield>
              <fieldlabel>original_answer_ids</fieldlabel>
              <fieldentry>text2qti_choice_3e0633ae60737cda53aba8cb150b1ae8fede147761925bc8aa2966c86f4d1856,text2qti_choice_58d14fceaef0977da4b16d26fcdbe69630345d118a158770d8cbd64e99084c83,text2qti_choice_2386633cbade742f2a65ce3c0409501014e179511e7760bd70c7e171f4db6d0b,text2qti_choice_464940cc25570823927b1c26df808bfb2e7543485a63f027a8e6de87bd676c0e</fieldentry>
            </qtimetadatafield>
            <qtimetadatafield>
              <fieldlabel>assessment_question_identifierref</fieldlabel>
              <fieldentry>text2qti_question_ref_9084ca196a2c39c279ba75ba85a0e4e1a18b52ae238091250c234cd65db93079</fieldentry>
            </qtimetadatafield>
          </qtimetadata>
        </itemmetadata>
        <presentation>
          <material>
            <mattext texttype="text/html">&lt;p&gt;What will be the output of the following PHP codea?&lt;/p&gt;</mattext>
          </material>
          <response_lid ident="response1" rcardinality="Single">
            <render_choice>
              <response_label ident="text2qti_choice_3e0633ae60737cda53aba8cb150b1ae8fede147761925bc8aa2966c86f4d1856">
                <material>
                  <mattext texttype="text/html">&lt;p&gt;5, 10+10&lt;/p&gt;</mattext>
                </material>
              </response_label>
              <response_label ident="text2qti_choice_58d14fceaef0977da4b16d26fcdbe69630345d118a158770d8cbd64e99084c83">
                <material>
                  <mattext texttype="text/html">&lt;p&gt;5, 20&lt;/p&gt;</mattext>
                </material>
              </response_label>
              <response_label ident="text2qti_choice_2386633cbade742f2a65ce3c0409501014e179511e7760bd70c7e171f4db6d0b">
                <material>
                  <mattext texttype="text/html">&lt;p&gt;5 10+10&lt;/p&gt;</mattext>
                </material>
              </response_label>
              <response_label ident="text2qti_choice_464940cc25570823927b1c26df808bfb2e7543485a63f027a8e6de87bd676c0e">
                <material>
                  <mattext texttype="text/html">&lt;p&gt;5 20&lt;/p&gt;</mattext>
                </material>
              </response_label>
            </render_choice>
          </response_lid>
        </presentation>
        <resprocessing>
          <outcomes>
            <decvar maxvalue="100" minvalue="0" varname="SCORE" vartype="Decimal"/>
          </outcomes>
          <respcondition continue="No">
            <conditionvar>
              <varequal respident="response1">text2qti_choice_3e0633ae60737cda53aba8cb150b1ae8fede147761925bc8aa2966c86f4d1856</varequal>
            </conditionvar>
            <setvar action="Set" varname="SCORE">100</setvar>
          </respcondition>
        </resprocessing>
      </item>
      <item ident="text2qti_question_fbaee9362191ce0657cd34474cfbb6618f04347fd02a35e4a194c21ab5c787e4" title="Question">
        <itemmetadata>
          <qtimetadata>
            <qtimetadatafield>
              <fieldlabel>question_type</fieldlabel>
              <fieldentry>multiple_choice_question</fieldentry>
            </qtimetadatafield>
            <qtimetadatafield>
              <fieldlabel>points_possible</fieldlabel>
              <fieldentry>1</fieldentry>
            </qtimetadatafield>
            <qtimetadatafield>
              <fieldlabel>original_answer_ids</fieldlabel>
              <fieldentry>text2qti_choice_2e6486751f4de1e9db8725124cca1e9ddf56b53212e916528bbd651317808e48,text2qti_choice_3ef66ae2112c50f782e29ac0aaf3c0d6c1ffac53f13a60a1d4d202eec479ea05,text2qti_choice_ea7d87a416ce1d0278dff34be3ad9abdea0e1400bc063cf325237a1e835f0a81,text2qti_choice_be0cc8dce3b269849aacd1929c4844e2a677c18e81b8e27f3cf070437121611d</fieldentry>
            </qtimetadatafield>
            <qtimetadatafield>
              <fieldlabel>assessment_question_identifierref</fieldlabel>
              <fieldentry>text2qti_question_ref_fbaee9362191ce0657cd34474cfbb6618f04347fd02a35e4a194c21ab5c787e4</fieldentry>
            </qtimetadatafield>
          </qtimetadata>
        </itemmetadata>
        <presentation>
          <material>
            <mattext texttype="text/html">&lt;p&gt;What will be the output of the following PHP code?&lt;/p&gt;</mattext>
          </material>
          <response_lid ident="response1" rcardinality="Single">
            <render_choice>
              <response_label ident="text2qti_choice_2e6486751f4de1e9db8725124cca1e9ddf56b53212e916528bbd651317808e48">
                <material>
                  <mattext texttype="text/html">&lt;p&gt;Helloint(5)&lt;/p&gt;</mattext>
                </material>
              </response_label>
              <response_label ident="text2qti_choice_3ef66ae2112c50f782e29ac0aaf3c0d6c1ffac53f13a60a1d4d202eec479ea05">
                <material>
                  <mattext texttype="text/html">&lt;p&gt;Helloint(6)&lt;/p&gt;</mattext>
                </material>
              </response_label>
              <response_label ident="text2qti_choice_ea7d87a416ce1d0278dff34be3ad9abdea0e1400bc063cf325237a1e835f0a81">
                <material>
                  <mattext texttype="text/html">&lt;p&gt;Helloint(1)&lt;/p&gt;</mattext>
                </material>
              </response_label>
              <response_label ident="text2qti_choice_be0cc8dce3b269849aacd1929c4844e2a677c18e81b8e27f3cf070437121611d">
                <material>
                  <mattext texttype="text/html">&lt;p&gt;Hellonumber(5)&lt;/p&gt;</mattext>
                </material>
              </response_label>
            </render_choice>
          </response_lid>
        </presentation>
        <resprocessing>
          <outcomes>
            <decvar maxvalue="100" minvalue="0" varname="SCORE" vartype="Decimal"/>
          </outcomes>
          <respcondition continue="No">
            <conditionvar>
              <varequal respident="response1">text2qti_choice_ea7d87a416ce1d0278dff34be3ad9abdea0e1400bc063cf325237a1e835f0a81</varequal>
            </conditionvar>
            <setvar action="Set" varname="SCORE">100</setvar>
          </respcondition>
        </resprocessing>
      </item>
    </section>
  </assessment>
</questestinterop>
