<?xml version="1.0" encoding="UTF-8"?>
<questestinterop xmlns="http://www.imsglobal.org/xsd/ims_qtiasiv1p2" xmlns:xsi="http://www.w3.org/2001/XMLSchema-instance" xsi:schemaLocation="http://www.imsglobal.org/xsd/ims_qtiasiv1p2 http://www.imsglobal.org/xsd/ims_qtiasiv1p2p1.xsd">
  <assessment ident="text2qti_assessment_cca231df8591be2d5f7e61cb64129bae3aa20d2a0333b3d15a0b2996836d9184" title="PHP Strings">
    <qtimetadata>
      <qtimetadatafield>
        <fieldlabel>cc_maxattempts</fieldlabel>
        <fieldentry>1</fieldentry>
      </qtimetadatafield>
    </qtimetadata>
    <section ident="root_section">
      <item ident="text2qti_question_558d5d92aaeeaa20a86fa49695a4ae11a7d8c087dbddb540c6fa0de9d0066a90" title="Question">
        <itemmetadata>
          <qtimetadata>
            <qtimetadatafield>
              <fieldlabel>question_type</fieldlabel>
              <fieldentry>multiple_choice_question</fieldentry>
            </qtimetadatafield>
            <qtimetadatafield>
              <fieldlabel>points_possible</fieldlabel>
              <fieldentry>1</fieldentry>
            </qtimetadatafield>
            <qtimetadatafield>
              <fieldlabel>original_answer_ids</fieldlabel>
              <fieldentry>text2qti_choice_e9147dca4491adf9b9b89a57037a883aeee894843ff90fe2822f9957b59016d0,text2qti_choice_daa092b7d6900d9ce84da2ed6ff4a93b03f25df866a9607a181e33ffe54b51c4,text2qti_choice_68a11aa7f0191b5a481af44b4c59127cf669cd978386250a1d1b8686fe1be4b5,text2qti_choice_28d0fcaa6f00e02947a2ec71e570199b6e70366492a20bff5dca3f6bdc33b475</fieldentry>
            </qtimetadatafield>
            <qtimetadatafield>
              <fieldlabel>assessment_question_identifierref</fieldlabel>
              <fieldentry>text2qti_question_ref_558d5d92aaeeaa20a86fa49695a4ae11a7d8c087dbddb540c6fa0de9d0066a90</fieldentry>
            </qtimetadatafield>
          </qtimetadata>
        </itemmetadata>
        <presentation>
          <material>
            <mattext texttype="text/html">&lt;p&gt;What will be the output of the following PHP code?1&lt;/p&gt;</mattext>
          </material>
          <response_lid ident="response1" rcardinality="Single">
            <render_choice>
              <response_label ident="text2qti_choice_e9147dca4491adf9b9b89a57037a883aeee894843ff90fe2822f9957b59016d0">
                <material>
                  <mattext texttype="text/html">&lt;p&gt;6&lt;/p&gt;</mattext>
                </material>
              </response_label>
              <response_label ident="text2qti_choice_daa092b7d6900d9ce84da2ed6ff4a93b03f25df866a9607a181e33ffe54b51c4">
                <material>
                  <mattext texttype="text/html">&lt;p&gt;7&lt;/p&gt;</mattext>
                </material>
              </response_label>
              <response_label ident="text2qti_choice_68a11aa7f0191b5a481af44b4c59127cf669cd978386250a1d1b8686fe1be4b5">
                <material>
                  <mattext texttype="text/html">&lt;p&gt;8&lt;/p&gt;</mattext>
                </material>
              </response_label>
              <response_label ident="text2qti_choice_28d0fcaa6f00e02947a2ec71e570199b6e70366492a20bff5dca3f6bdc33b475">
                <material>
                  <mattext texttype="text/html">&lt;p&gt;-1&lt;/p&gt;</mattext>
                </material>
              </response_label>
            </render_choice>
          </response_lid>
        </presentation>
        <resprocessing>
          <outcomes>
            <decvar maxvalue="100" minvalue="0" varname="SCORE" vartype="Decimal"/>
          </outcomes>
          <respcondition continue="No">
            <conditionvar>
              <varequal respident="response1">text2qti_choice_daa092b7d6900d9ce84da2ed6ff4a93b03f25df866a9607a181e33ffe54b51c4</varequal>
            </conditionvar>
            <setvar action="Set" varname="SCORE">100</setvar>
          </respcondition>
        </resprocessing>
      </item>
      <item ident="text2qti_question_1f0d567d0004aa7acd15f1bb873fcbb847cf29e6ae36fcbb127590cb5b7695fe" title="Question">
        <itemmetadata>
          <qtimetadata>
            <qtimetadatafield>
              <fieldlabel>question_type</fieldlabel>
              <fieldentry>multiple_choice_question</fieldentry>
            </qtimetadatafield>
            <qtimetadatafield>
              <fieldlabel>points_possible</fieldlabel>
              <fieldentry>1</fieldentry>
            </qtimetadatafield>
            <qtimetadatafield>
              <fieldlabel>original_answer_ids</fieldlabel>
              <fieldentry>text2qti_choice_88d6671bffaf928ab2eb29070410f3ba37d80b9d312870314451e0e715055f6b,text2qti_choice_38c9cb6f55d66b271a4e84b437e9780bdff12cc3fdc1bd2ae1e94188f3a5119f,text2qti_choice_61cb6f8093adee736c7a8f3a8188de25c8f6eb0c960abcb666abeea9de47b463,text2qti_choice_0f7f9a8fd2760aa913384f59e71224040b03298cf0ccbb1f78e1e392db593526</fieldentry>
            </qtimetadatafield>
            <qtimetadatafield>
              <fieldlabel>assessment_question_identifierref</fieldlabel>
              <fieldentry>text2qti_question_ref_1f0d567d0004aa7acd15f1bb873fcbb847cf29e6ae36fcbb127590cb5b7695fe</fieldentry>
            </qtimetadatafield>
          </qtimetadata>
        </itemmetadata>
        <presentation>
          <material>
            <mattext texttype="text/html">&lt;p&gt;Which function is used to replace text within a string?&lt;/p&gt;</mattext>
          </material>
          <response_lid ident="response1" rcardinality="Single">
            <render_choice>
              <response_label ident="text2qti_choice_88d6671bffaf928ab2eb29070410f3ba37d80b9d312870314451e0e715055f6b">
                <material>
                  <mattext texttype="text/html">&lt;p&gt;str_replace()&lt;/p&gt;</mattext>
                </material>
              </response_label>
              <response_label ident="text2qti_choice_38c9cb6f55d66b271a4e84b437e9780bdff12cc3fdc1bd2ae1e94188f3a5119f">
                <material>
                  <mattext texttype="text/html">&lt;p&gt;replace()&lt;/p&gt;</mattext>
                </material>
              </response_label>
              <response_label ident="text2qti_choice_61cb6f8093adee736c7a8f3a8188de25c8f6eb0c960abcb666abeea9de47b463">
                <material>
                  <mattext texttype="text/html">&lt;p&gt;replace_str()&lt;/p&gt;</mattext>
                </material>
              </response_label>
              <response_label ident="text2qti_choice_0f7f9a8fd2760aa913384f59e71224040b03298cf0ccbb1f78e1e392db593526">
                <material>
                  <mattext texttype="text/html">&lt;p&gt;string-replace()&lt;/p&gt;</mattext>
                </material>
              </response_label>
            </render_choice>
          </response_lid>
        </presentation>
        <resprocessing>
          <outcomes>
            <decvar maxvalue="100" minvalue="0" varname="SCORE" vartype="Decimal"/>
          </outcomes>
          <respcondition continue="No">
            <conditionvar>
              <varequal respident="response1">text2qti_choice_88d6671bffaf928ab2eb29070410f3ba37d80b9d312870314451e0e715055f6b</varequal>
            </conditionvar>
            <setvar action="Set" varname="SCORE">100</setvar>
          </respcondition>
        </resprocessing>
      </item>
      <item ident="text2qti_question_da398b877301f486b5451a36f885c40b7dddbd473cd4a7c314f11c246bbe4f5d" title="Question">
        <itemmetadata>
          <qtimetadata>
            <qtimetadatafield>
              <fieldlabel>question_type</fieldlabel>
              <fieldentry>multiple_choice_question</fieldentry>
            </qtimetadatafield>
            <qtimetadatafield>
              <fieldlabel>points_possible</fieldlabel>
              <fieldentry>1</fieldentry>
            </qtimetadatafield>
            <qtimetadatafield>
              <fieldlabel>original_answer_ids</fieldlabel>
              <fieldentry>text2qti_choice_904b1d1bdf7d0e67c67e50afe493b799c16afddf79b8105ce287c9f825affe85,text2qti_choice_594ed941711c21a3dbc8a21467eb2fd62d36ad698c08c7dc9e9570d8023eb5c6,text2qti_choice_b892bb28a94efb2872597fc21c4bc2925e8363bf2251c7338ebe6176c2497d18,text2qti_choice_00d04905d7e5c44d31348904b0132082ae27501c58f4247d59a0f8b45af87071</fieldentry>
            </qtimetadatafield>
            <qtimetadatafield>
              <fieldlabel>assessment_question_identifierref</fieldlabel>
              <fieldentry>text2qti_question_ref_da398b877301f486b5451a36f885c40b7dddbd473cd4a7c314f11c246bbe4f5d</fieldentry>
            </qtimetadatafield>
          </qtimetadata>
        </itemmetadata>
        <presentation>
          <material>
            <mattext texttype="text/html">&lt;p&gt;What will be the output of the following PHP code?2&lt;/p&gt;</mattext>
          </material>
          <response_lid ident="response1" rcardinality="Single">
            <render_choice>
              <response_label ident="text2qti_choice_904b1d1bdf7d0e67c67e50afe493b799c16afddf79b8105ce287c9f825affe85">
                <material>
                  <mattext texttype="text/html">&lt;p&gt;Includehelp&lt;/p&gt;</mattext>
                </material>
              </response_label>
              <response_label ident="text2qti_choice_594ed941711c21a3dbc8a21467eb2fd62d36ad698c08c7dc9e9570d8023eb5c6">
                <material>
                  <mattext texttype="text/html">&lt;p&gt;IncludeH\elp&lt;/p&gt;</mattext>
                </material>
              </response_label>
              <response_label ident="text2qti_choice_b892bb28a94efb2872597fc21c4bc2925e8363bf2251c7338ebe6176c2497d18">
                <material>
                  <mattext texttype="text/html">&lt;p&gt;Includ\eHelp&lt;/p&gt;</mattext>
                </material>
              </response_label>
              <response_label ident="text2qti_choice_00d04905d7e5c44d31348904b0132082ae27501c58f4247d59a0f8b45af87071">
                <material>
                  <mattext texttype="text/html">&lt;p&gt;Includ\eH\elp&lt;/p&gt;</mattext>
                </material>
              </response_label>
            </render_choice>
          </response_lid>
        </presentation>
        <resprocessing>
          <outcomes>
            <decvar maxvalue="100" minvalue="0" varname="SCORE" vartype="Decimal"/>
          </outcomes>
          <respcondition continue="No">
            <conditionvar>
              <varequal respident="response1">text2qti_choice_00d04905d7e5c44d31348904b0132082ae27501c58f4247d59a0f8b45af87071</varequal>
            </conditionvar>
            <setvar action="Set" varname="SCORE">100</setvar>
          </respcondition>
        </resprocessing>
      </item>
      <item ident="text2qti_question_908417a1cdf75835e8fae76a1c5491c49b304fcd03acc446465e1a36f959b764" title="Question">
        <itemmetadata>
          <qtimetadata>
            <qtimetadatafield>
              <fieldlabel>question_type</fieldlabel>
              <fieldentry>multiple_choice_question</fieldentry>
            </qtimetadatafield>
            <qtimetadatafield>
              <fieldlabel>points_possible</fieldlabel>
              <fieldentry>1</fieldentry>
            </qtimetadatafield>
            <qtimetadatafield>
              <fieldlabel>original_answer_ids</fieldlabel>
              <fieldentry>text2qti_choice_2b0b0e11b318547b28d0d1d97d41cfb7bbc10bc8af546732835c3a6980b04f47,text2qti_choice_7eefd2b89e3c69b0ed6ab15261040c30e0809c3c05f39d6ae6d9ead8ce36cc97,text2qti_choice_bbbb2818d73f68b8e6e45a22b89fb38c02f35d4fa33e9c1706b9351f30fff2eb,text2qti_choice_1f349dbaba182c7cd1880d387ec10fb53b55cee945b011b07cf5c4c60e90f026</fieldentry>
            </qtimetadatafield>
            <qtimetadatafield>
              <fieldlabel>assessment_question_identifierref</fieldlabel>
              <fieldentry>text2qti_question_ref_908417a1cdf75835e8fae76a1c5491c49b304fcd03acc446465e1a36f959b764</fieldentry>
            </qtimetadatafield>
          </qtimetadata>
        </itemmetadata>
        <presentation>
          <material>
            <mattext texttype="text/html">&lt;p&gt;What will be the output of the following PHP code?3&lt;/p&gt;</mattext>
          </material>
          <response_lid ident="response1" rcardinality="Single">
            <render_choice>
              <response_label ident="text2qti_choice_2b0b0e11b318547b28d0d1d97d41cfb7bbc10bc8af546732835c3a6980b04f47">
                <material>
                  <mattext texttype="text/html">&lt;p&gt;Hello Includehelp!&lt;/p&gt;</mattext>
                </material>
              </response_label>
              <response_label ident="text2qti_choice_7eefd2b89e3c69b0ed6ab15261040c30e0809c3c05f39d6ae6d9ead8ce36cc97">
                <material>
                  <mattext texttype="text/html">&lt;p&gt;Hello &amp;ldquo;Includehelp!&amp;rdquo;&lt;/p&gt;</mattext>
                </material>
              </response_label>
              <response_label ident="text2qti_choice_bbbb2818d73f68b8e6e45a22b89fb38c02f35d4fa33e9c1706b9351f30fff2eb">
                <material>
                  <mattext texttype="text/html">&lt;p&gt;Hello &amp;ldquo;&amp;rdquo;Includehelp!&amp;rdquo;&amp;ldquo;&lt;/p&gt;</mattext>
                </material>
              </response_label>
              <response_label ident="text2qti_choice_1f349dbaba182c7cd1880d387ec10fb53b55cee945b011b07cf5c4c60e90f026">
                <material>
                  <mattext texttype="text/html">&lt;p&gt;Hello "Includehelp!"&lt;/p&gt;</mattext>
                </material>
              </response_label>
            </render_choice>
          </response_lid>
        </presentation>
        <resprocessing>
          <outcomes>
            <decvar maxvalue="100" minvalue="0" varname="SCORE" vartype="Decimal"/>
          </outcomes>
          <respcondition continue="No">
            <conditionvar>
              <varequal respident="response1">text2qti_choice_1f349dbaba182c7cd1880d387ec10fb53b55cee945b011b07cf5c4c60e90f026</varequal>
            </conditionvar>
            <setvar action="Set" varname="SCORE">100</setvar>
          </respcondition>
        </resprocessing>
      </item>
      <item ident="text2qti_question_47da630d5a3688860d4884c69c6415ca06176f161f99ba727ad87e01ed260f26" title="Question">
        <itemmetadata>
          <qtimetadata>
            <qtimetadatafield>
              <fieldlabel>question_type</fieldlabel>
              <fieldentry>multiple_choice_question</fieldentry>
            </qtimetadatafield>
            <qtimetadatafield>
              <fieldlabel>points_possible</fieldlabel>
              <fieldentry>1</fieldentry>
            </qtimetadatafield>
            <qtimetadatafield>
              <fieldlabel>original_answer_ids</fieldlabel>
              <fieldentry>text2qti_choice_54cb12d5abb7aa48c85a1fac63c9ee1b4378cf1d5c9ff72eda042d14413d546e,text2qti_choice_c41c5dbea353fef37e223900dcbca843e95ebdad0b19876fe82a1bd8e5306edb,text2qti_choice_f964adeacb2a5b1e3ff549c474b0628cf8cba2eda3cda1ae6514b5f3d4551d25,text2qti_choice_76fe1e524c8e3eac57fad044858724ee583be97c05ce1e44084c76c88fdb0627</fieldentry>
            </qtimetadatafield>
            <qtimetadatafield>
              <fieldlabel>assessment_question_identifierref</fieldlabel>
              <fieldentry>text2qti_question_ref_47da630d5a3688860d4884c69c6415ca06176f161f99ba727ad87e01ed260f26</fieldentry>
            </qtimetadatafield>
          </qtimetadata>
        </itemmetadata>
        <presentation>
          <material>
            <mattext texttype="text/html">&lt;p&gt;Which function converts a string of ASCII characters to hexadecimal values?&lt;/p&gt;</mattext>
          </material>
          <response_lid ident="response1" rcardinality="Single">
            <render_choice>
              <response_label ident="text2qti_choice_54cb12d5abb7aa48c85a1fac63c9ee1b4378cf1d5c9ff72eda042d14413d546e">
                <material>
                  <mattext texttype="text/html">&lt;p&gt;bin2hex()&lt;/p&gt;</mattext>
                </material>
              </response_label>
              <response_label ident="text2qti_choice_c41c5dbea353fef37e223900dcbca843e95ebdad0b19876fe82a1bd8e5306edb">
                <material>
                  <mattext texttype="text/html">&lt;p&gt;str2hex()&lt;/p&gt;</mattext>
                </material>
              </response_label>
              <response_label ident="text2qti_choice_f964adeacb2a5b1e3ff549c474b0628cf8cba2eda3cda1ae6514b5f3d4551d25">
                <material>
                  <mattext texttype="text/html">&lt;p&gt;hex()&lt;/p&gt;</mattext>
                </material>
              </response_label>
              <response_label ident="text2qti_choice_76fe1e524c8e3eac57fad044858724ee583be97c05ce1e44084c76c88fdb0627">
                <material>
                  <mattext texttype="text/html">&lt;p&gt;str_hex()&lt;/p&gt;</mattext>
                </material>
              </response_label>
            </render_choice>
          </response_lid>
        </presentation>
        <resprocessing>
          <outcomes>
            <decvar maxvalue="100" minvalue="0" varname="SCORE" vartype="Decimal"/>
          </outcomes>
          <respcondition continue="No">
            <conditionvar>
              <varequal respident="response1">text2qti_choice_54cb12d5abb7aa48c85a1fac63c9ee1b4378cf1d5c9ff72eda042d14413d546e</varequal>
            </conditionvar>
            <setvar action="Set" varname="SCORE">100</setvar>
          </respcondition>
        </resprocessing>
      </item>
      <item ident="text2qti_question_e20ceddda78fee9d00db50e6c0c2134d4e901cf5d9d64ad2ac7f249fd67d01fc" title="Question">
        <itemmetadata>
          <qtimetadata>
            <qtimetadatafield>
              <fieldlabel>question_type</fieldlabel>
              <fieldentry>multiple_choice_question</fieldentry>
            </qtimetadatafield>
            <qtimetadatafield>
              <fieldlabel>points_possible</fieldlabel>
              <fieldentry>1</fieldentry>
            </qtimetadatafield>
            <qtimetadatafield>
              <fieldlabel>original_answer_ids</fieldlabel>
              <fieldentry>text2qti_choice_030e800e906ef8515b4bc5640539a4c43b8c0e4e438e2a4ac2c1570780071158,text2qti_choice_d4d686838fe0e1683024987eb44938288c3276c7d01beb743d96afff01ad9137,text2qti_choice_a4e4257b20f84e8ff84e5ddd88da0b429f140cee69f8c3ff4f45fae85ba66665,text2qti_choice_5bf535b06feabfea2616463badaa07476ad9a71b0b9f9504ae7b3660dd8ae524</fieldentry>
            </qtimetadatafield>
            <qtimetadatafield>
              <fieldlabel>assessment_question_identifierref</fieldlabel>
              <fieldentry>text2qti_question_ref_e20ceddda78fee9d00db50e6c0c2134d4e901cf5d9d64ad2ac7f249fd67d01fc</fieldentry>
            </qtimetadatafield>
          </qtimetadata>
        </itemmetadata>
        <presentation>
          <material>
            <mattext texttype="text/html">&lt;p&gt;What will be the output of the following PHP code?4&lt;/p&gt;</mattext>
          </material>
          <response_lid ident="response1" rcardinality="Single">
            <render_choice>
              <response_label ident="text2qti_choice_030e800e906ef8515b4bc5640539a4c43b8c0e4e438e2a4ac2c1570780071158">
                <material>
                  <mattext texttype="text/html">&lt;p&gt;496e636c75646568656c70&lt;/p&gt;</mattext>
                </material>
              </response_label>
              <response_label ident="text2qti_choice_d4d686838fe0e1683024987eb44938288c3276c7d01beb743d96afff01ad9137">
                <material>
                  <mattext texttype="text/html">&lt;p&gt;Includehelp&lt;/p&gt;</mattext>
                </material>
              </response_label>
              <response_label ident="text2qti_choice_a4e4257b20f84e8ff84e5ddd88da0b429f140cee69f8c3ff4f45fae85ba66665">
                <material>
                  <mattext texttype="text/html">&lt;p&gt;496e636c75646568656c70Includehelp&lt;/p&gt;</mattext>
                </material>
              </response_label>
              <response_label ident="text2qti_choice_5bf535b06feabfea2616463badaa07476ad9a71b0b9f9504ae7b3660dd8ae524">
                <material>
                  <mattext texttype="text/html">&lt;p&gt;Includehelp496e636c75646568656c70&lt;/p&gt;</mattext>
                </material>
              </response_label>
            </render_choice>
          </response_lid>
        </presentation>
        <resprocessing>
          <outcomes>
            <decvar maxvalue="100" minvalue="0" varname="SCORE" vartype="Decimal"/>
          </outcomes>
          <respcondition continue="No">
            <conditionvar>
              <varequal respident="response1">text2qti_choice_030e800e906ef8515b4bc5640539a4c43b8c0e4e438e2a4ac2c1570780071158</varequal>
            </conditionvar>
            <setvar action="Set" varname="SCORE">100</setvar>
          </respcondition>
        </resprocessing>
      </item>
      <item ident="text2qti_question_7f279298d098c89fe6dda279fea1eba62b80ed77dbe81438ac8e98f418460720" title="Question">
        <itemmetadata>
          <qtimetadata>
            <qtimetadatafield>
              <fieldlabel>question_type</fieldlabel>
              <fieldentry>multiple_choice_question</fieldentry>
            </qtimetadatafield>
            <qtimetadatafield>
              <fieldlabel>points_possible</fieldlabel>
              <fieldentry>1</fieldentry>
            </qtimetadatafield>
            <qtimetadatafield>
              <fieldlabel>original_answer_ids</fieldlabel>
              <fieldentry>text2qti_choice_bd107114073294fa426b738e89e756ebcaa5915655953283ad5d91cd4731fca4,text2qti_choice_2a9c606e0c53c8505caa075a7fc5875c104564ecac2ac8670f36f27e0d2fb852,text2qti_choice_bc8056b70e579259678646695ef8c184167a06e64e1ed596d2670f02306a7620,text2qti_choice_03e21329af6f240c0c152f199b422fc32072cd00510cdc71386f476f57bd4533</fieldentry>
            </qtimetadatafield>
            <qtimetadatafield>
              <fieldlabel>assessment_question_identifierref</fieldlabel>
              <fieldentry>text2qti_question_ref_7f279298d098c89fe6dda279fea1eba62b80ed77dbe81438ac8e98f418460720</fieldentry>
            </qtimetadatafield>
          </qtimetadata>
        </itemmetadata>
        <presentation>
          <material>
            <mattext texttype="text/html">&lt;p&gt;Which function is used to convert the ASCII value to the character?&lt;/p&gt;</mattext>
          </material>
          <response_lid ident="response1" rcardinality="Single">
            <render_choice>
              <response_label ident="text2qti_choice_bd107114073294fa426b738e89e756ebcaa5915655953283ad5d91cd4731fca4">
                <material>
                  <mattext texttype="text/html">&lt;p&gt;asc()&lt;/p&gt;</mattext>
                </material>
              </response_label>
              <response_label ident="text2qti_choice_2a9c606e0c53c8505caa075a7fc5875c104564ecac2ac8670f36f27e0d2fb852">
                <material>
                  <mattext texttype="text/html">&lt;p&gt;str()&lt;/p&gt;</mattext>
                </material>
              </response_label>
              <response_label ident="text2qti_choice_bc8056b70e579259678646695ef8c184167a06e64e1ed596d2670f02306a7620">
                <material>
                  <mattext texttype="text/html">&lt;p&gt;char()&lt;/p&gt;</mattext>
                </material>
              </response_label>
              <response_label ident="text2qti_choice_03e21329af6f240c0c152f199b422fc32072cd00510cdc71386f476f57bd4533">
                <material>
                  <mattext texttype="text/html">&lt;p&gt;chr()&lt;/p&gt;</mattext>
                </material>
              </response_label>
            </render_choice>
          </response_lid>
        </presentation>
        <resprocessing>
          <outcomes>
            <decvar maxvalue="100" minvalue="0" varname="SCORE" vartype="Decimal"/>
          </outcomes>
          <respcondition continue="No">
            <conditionvar>
              <varequal respident="response1">text2qti_choice_03e21329af6f240c0c152f199b422fc32072cd00510cdc71386f476f57bd4533</varequal>
            </conditionvar>
            <setvar action="Set" varname="SCORE">100</setvar>
          </respcondition>
        </resprocessing>
      </item>
      <item ident="text2qti_question_29f7809e75c8022ecb8dad5441fe62c18aea2065b96c5815bb8918609201b5e6" title="Question">
        <itemmetadata>
          <qtimetadata>
            <qtimetadatafield>
              <fieldlabel>question_type</fieldlabel>
              <fieldentry>multiple_choice_question</fieldentry>
            </qtimetadatafield>
            <qtimetadatafield>
              <fieldlabel>points_possible</fieldlabel>
              <fieldentry>1</fieldentry>
            </qtimetadatafield>
            <qtimetadatafield>
              <fieldlabel>original_answer_ids</fieldlabel>
              <fieldentry>text2qti_choice_205015da428d77677e649ec5d65487e507e9b5bdea417328515ef021b644db4e,text2qti_choice_8f565058d76cc2847a51f85c8c75811f52c5cde73f4d25da18a2380375264c76,text2qti_choice_52d653eab14ce8cfadd35023b73a64abe49da59dc77b1efabe65a381ff63a3e8,text2qti_choice_19cf8d61ca01950cd25565cd2459a17baa5c51e6bc8b6180dba2025c0f5063fa</fieldentry>
            </qtimetadatafield>
            <qtimetadatafield>
              <fieldlabel>assessment_question_identifierref</fieldlabel>
              <fieldentry>text2qti_question_ref_29f7809e75c8022ecb8dad5441fe62c18aea2065b96c5815bb8918609201b5e6</fieldentry>
            </qtimetadatafield>
          </qtimetadata>
        </itemmetadata>
        <presentation>
          <material>
            <mattext texttype="text/html">&lt;p&gt;What is the complete syntax of chunk_split() function in PHP?&lt;/p&gt;</mattext>
          </material>
          <response_lid ident="response1" rcardinality="Single">
            <render_choice>
              <response_label ident="text2qti_choice_205015da428d77677e649ec5d65487e507e9b5bdea417328515ef021b644db4e">
                <material>
                  <mattext texttype="text/html">&lt;p&gt;chunk_split(string,length,end)&lt;/p&gt;</mattext>
                </material>
              </response_label>
              <response_label ident="text2qti_choice_8f565058d76cc2847a51f85c8c75811f52c5cde73f4d25da18a2380375264c76">
                <material>
                  <mattext texttype="text/html">&lt;p&gt;chunk_split(string)&lt;/p&gt;</mattext>
                </material>
              </response_label>
              <response_label ident="text2qti_choice_52d653eab14ce8cfadd35023b73a64abe49da59dc77b1efabe65a381ff63a3e8">
                <material>
                  <mattext texttype="text/html">&lt;p&gt;chunk_split(string,end)&lt;/p&gt;</mattext>
                </material>
              </response_label>
              <response_label ident="text2qti_choice_19cf8d61ca01950cd25565cd2459a17baa5c51e6bc8b6180dba2025c0f5063fa">
                <material>
                  <mattext texttype="text/html">&lt;p&gt;chunk_split(length)&lt;/p&gt;</mattext>
                </material>
              </response_label>
            </render_choice>
          </response_lid>
        </presentation>
        <resprocessing>
          <outcomes>
            <decvar maxvalue="100" minvalue="0" varname="SCORE" vartype="Decimal"/>
          </outcomes>
          <respcondition continue="No">
            <conditionvar>
              <varequal respident="response1">text2qti_choice_205015da428d77677e649ec5d65487e507e9b5bdea417328515ef021b644db4e</varequal>
            </conditionvar>
            <setvar action="Set" varname="SCORE">100</setvar>
          </respcondition>
        </resprocessing>
      </item>
      <item ident="text2qti_question_25efbc54c5c40e1adbd4d82575c9d1934ae98b117d75578bb0a16325cb0f5156" title="Question">
        <itemmetadata>
          <qtimetadata>
            <qtimetadatafield>
              <fieldlabel>question_type</fieldlabel>
              <fieldentry>multiple_choice_question</fieldentry>
            </qtimetadatafield>
            <qtimetadatafield>
              <fieldlabel>points_possible</fieldlabel>
              <fieldentry>1</fieldentry>
            </qtimetadatafield>
            <qtimetadatafield>
              <fieldlabel>original_answer_ids</fieldlabel>
              <fieldentry>text2qti_choice_6f0165c0f57f70fef78dde9edb61c2a5fca32c1e6164a4e0a7426651a119f081,text2qti_choice_b72d6daeb854fe0badc76f90a0b5008d3ee6dd80f00a32d925eac6465da982af,text2qti_choice_d72c94a61c4fdb347a3ea0cc54dc4fc67f00ec7e165b74610c3d961051d38c02,text2qti_choice_e453631045ba371b292b0b3e86dbc45c7833ee4c60f7ee03dfadb31b9c1b06c2</fieldentry>
            </qtimetadatafield>
            <qtimetadatafield>
              <fieldlabel>assessment_question_identifierref</fieldlabel>
              <fieldentry>text2qti_question_ref_25efbc54c5c40e1adbd4d82575c9d1934ae98b117d75578bb0a16325cb0f5156</fieldentry>
            </qtimetadatafield>
          </qtimetadata>
        </itemmetadata>
        <presentation>
          <material>
            <mattext texttype="text/html">&lt;p&gt;Which function is used to convert hexadecimal values to the ASCII characters?&lt;/p&gt;</mattext>
          </material>
          <response_lid ident="response1" rcardinality="Single">
            <render_choice>
              <response_label ident="text2qti_choice_6f0165c0f57f70fef78dde9edb61c2a5fca32c1e6164a4e0a7426651a119f081">
                <material>
                  <mattext texttype="text/html">&lt;p&gt;hex2bin()&lt;/p&gt;</mattext>
                </material>
              </response_label>
              <response_label ident="text2qti_choice_b72d6daeb854fe0badc76f90a0b5008d3ee6dd80f00a32d925eac6465da982af">
                <material>
                  <mattext texttype="text/html">&lt;p&gt;hex2str()&lt;/p&gt;</mattext>
                </material>
              </response_label>
              <response_label ident="text2qti_choice_d72c94a61c4fdb347a3ea0cc54dc4fc67f00ec7e165b74610c3d961051d38c02">
                <material>
                  <mattext texttype="text/html">&lt;p&gt;hex2asc()&lt;/p&gt;</mattext>
                </material>
              </response_label>
              <response_label ident="text2qti_choice_e453631045ba371b292b0b3e86dbc45c7833ee4c60f7ee03dfadb31b9c1b06c2">
                <material>
                  <mattext texttype="text/html">&lt;p&gt;hex_string()&lt;/p&gt;</mattext>
                </material>
              </response_label>
            </render_choice>
          </response_lid>
        </presentation>
        <resprocessing>
          <outcomes>
            <decvar maxvalue="100" minvalue="0" varname="SCORE" vartype="Decimal"/>
          </outcomes>
          <respcondition continue="No">
            <conditionvar>
              <varequal respident="response1">text2qti_choice_6f0165c0f57f70fef78dde9edb61c2a5fca32c1e6164a4e0a7426651a119f081</varequal>
            </conditionvar>
            <setvar action="Set" varname="SCORE">100</setvar>
          </respcondition>
        </resprocessing>
      </item>
      <item ident="text2qti_question_3d1d1f4cf3ba178cbf7cd737be47b51b86ecc528c048738af82f14fecb4ac77f" title="Question">
        <itemmetadata>
          <qtimetadata>
            <qtimetadatafield>
              <fieldlabel>question_type</fieldlabel>
              <fieldentry>multiple_choice_question</fieldentry>
            </qtimetadatafield>
            <qtimetadatafield>
              <fieldlabel>points_possible</fieldlabel>
              <fieldentry>1</fieldentry>
            </qtimetadatafield>
            <qtimetadatafield>
              <fieldlabel>original_answer_ids</fieldlabel>
              <fieldentry>text2qti_choice_b328497d318f96d850808bbac90f9616db2d6f316b6f14a45cd52e6efc9f054a,text2qti_choice_071758ff338071fdfa3e641acc65d2b15cfd95d4c09059806c39f026f78c8927,text2qti_choice_9291ba75391ee4a1057787f1d77fc6a038a07348aa3961400794cd07860338a1,text2qti_choice_acefcd8c02f5b0fee60b0d1fe0ecc699aaaab5e925a7dcfed4a4da16bc84e170</fieldentry>
            </qtimetadatafield>
            <qtimetadatafield>
              <fieldlabel>assessment_question_identifierref</fieldlabel>
              <fieldentry>text2qti_question_ref_3d1d1f4cf3ba178cbf7cd737be47b51b86ecc528c048738af82f14fecb4ac77f</fieldentry>
            </qtimetadatafield>
          </qtimetadata>
        </itemmetadata>
        <presentation>
          <material>
            <mattext texttype="text/html">&lt;p&gt;What is the complete syntax of join() function in PHP?&lt;/p&gt;</mattext>
          </material>
          <response_lid ident="response1" rcardinality="Single">
            <render_choice>
              <response_label ident="text2qti_choice_b328497d318f96d850808bbac90f9616db2d6f316b6f14a45cd52e6efc9f054a">
                <material>
                  <mattext texttype="text/html">&lt;p&gt;join(string1, string2)&lt;/p&gt;</mattext>
                </material>
              </response_label>
              <response_label ident="text2qti_choice_071758ff338071fdfa3e641acc65d2b15cfd95d4c09059806c39f026f78c8927">
                <material>
                  <mattext texttype="text/html">&lt;p&gt;join(string1, string2, separator)&lt;/p&gt;</mattext>
                </material>
              </response_label>
              <response_label ident="text2qti_choice_9291ba75391ee4a1057787f1d77fc6a038a07348aa3961400794cd07860338a1">
                <material>
                  <mattext texttype="text/html">&lt;p&gt;join(separator, array)&lt;/p&gt;</mattext>
                </material>
              </response_label>
              <response_label ident="text2qti_choice_acefcd8c02f5b0fee60b0d1fe0ecc699aaaab5e925a7dcfed4a4da16bc84e170">
                <material>
                  <mattext texttype="text/html">&lt;p&gt;join(separator, string1, string2)&lt;/p&gt;</mattext>
                </material>
              </response_label>
            </render_choice>
          </response_lid>
        </presentation>
        <resprocessing>
          <outcomes>
            <decvar maxvalue="100" minvalue="0" varname="SCORE" vartype="Decimal"/>
          </outcomes>
          <respcondition continue="No">
            <conditionvar>
              <varequal respident="response1">text2qti_choice_9291ba75391ee4a1057787f1d77fc6a038a07348aa3961400794cd07860338a1</varequal>
            </conditionvar>
            <setvar action="Set" varname="SCORE">100</setvar>
          </respcondition>
        </resprocessing>
      </item>
      <item ident="text2qti_question_153c2c1c3e85880d7e4652301ddf6b8a2ae8fc8975106f4ac17fc80fa08a80bc" title="Question">
        <itemmetadata>
          <qtimetadata>
            <qtimetadatafield>
              <fieldlabel>question_type</fieldlabel>
              <fieldentry>multiple_choice_question</fieldentry>
            </qtimetadatafield>
            <qtimetadatafield>
              <fieldlabel>points_possible</fieldlabel>
              <fieldentry>1</fieldentry>
            </qtimetadatafield>
            <qtimetadatafield>
              <fieldlabel>original_answer_ids</fieldlabel>
              <fieldentry>text2qti_choice_9e9081620656c005aadbbb53d3e7b3a1bcceaebc6aa052290c9f13a450f1b59d,text2qti_choice_cb86150bde047fbfbf7ff5fb7d2ccfc6f447086c8cb95457c4abc69bf09f4971,text2qti_choice_c88cecdc1cbf81073daa1e7e455547510c7af9fca1c0f9d662b8ae615b097639,text2qti_choice_9c33b5fdaba2840a6e2bb78c523fd73050908adec325ccde4bd2654d0d91c441</fieldentry>
            </qtimetadatafield>
            <qtimetadatafield>
              <fieldlabel>assessment_question_identifierref</fieldlabel>
              <fieldentry>text2qti_question_ref_153c2c1c3e85880d7e4652301ddf6b8a2ae8fc8975106f4ac17fc80fa08a80bc</fieldentry>
            </qtimetadatafield>
          </qtimetadata>
        </itemmetadata>
        <presentation>
          <material>
            <mattext texttype="text/html">&lt;p&gt;There are two strings (in an array) &amp;ldquo;Hello&amp;rdquo; and &amp;ldquo;World&amp;rdquo;, which is the correct PHP statement to join them with the separator &amp;ldquo;,&amp;rdquo;?&lt;/p&gt;</mattext>
          </material>
          <response_lid ident="response1" rcardinality="Single">
            <render_choice>
              <response_label ident="text2qti_choice_9e9081620656c005aadbbb53d3e7b3a1bcceaebc6aa052290c9f13a450f1b59d">
                <material>
                  <mattext texttype="text/html">&lt;p&gt;join(&amp;ldquo;,&amp;rdquo;,&amp;rdquo;Hello&amp;rdquo;,&amp;rdquo;World&amp;rdquo;)&lt;/p&gt;</mattext>
                </material>
              </response_label>
              <response_label ident="text2qti_choice_cb86150bde047fbfbf7ff5fb7d2ccfc6f447086c8cb95457c4abc69bf09f4971">
                <material>
                  <mattext texttype="text/html">&lt;p&gt;join(&amp;ldquo;Hello&amp;rdquo;,&amp;rdquo;World&amp;rdquo;,&amp;rdquo;,&amp;rdquo;)&lt;/p&gt;</mattext>
                </material>
              </response_label>
              <response_label ident="text2qti_choice_c88cecdc1cbf81073daa1e7e455547510c7af9fca1c0f9d662b8ae615b097639">
                <material>
                  <mattext texttype="text/html">&lt;p&gt;join(&amp;ldquo;,&amp;rdquo;, (&amp;ldquo;Hello&amp;rdquo;,&amp;rdquo;World&amp;rdquo;))&lt;/p&gt;</mattext>
                </material>
              </response_label>
              <response_label ident="text2qti_choice_9c33b5fdaba2840a6e2bb78c523fd73050908adec325ccde4bd2654d0d91c441">
                <material>
                  <mattext texttype="text/html">&lt;p&gt;join(&amp;ldquo;,&amp;rdquo;,array(&amp;ldquo;Hello&amp;rdquo;,&amp;rdquo;World&amp;rdquo;))&lt;/p&gt;</mattext>
                </material>
              </response_label>
            </render_choice>
          </response_lid>
        </presentation>
        <resprocessing>
          <outcomes>
            <decvar maxvalue="100" minvalue="0" varname="SCORE" vartype="Decimal"/>
          </outcomes>
          <respcondition continue="No">
            <conditionvar>
              <varequal respident="response1">text2qti_choice_9c33b5fdaba2840a6e2bb78c523fd73050908adec325ccde4bd2654d0d91c441</varequal>
            </conditionvar>
            <setvar action="Set" varname="SCORE">100</setvar>
          </respcondition>
        </resprocessing>
      </item>
      <item ident="text2qti_question_dc1093397204bd97b034f3912a1fa9c2e5ded1051dec144f3b612b75280e4663" title="Question">
        <itemmetadata>
          <qtimetadata>
            <qtimetadatafield>
              <fieldlabel>question_type</fieldlabel>
              <fieldentry>multiple_choice_question</fieldentry>
            </qtimetadatafield>
            <qtimetadatafield>
              <fieldlabel>points_possible</fieldlabel>
              <fieldentry>1</fieldentry>
            </qtimetadatafield>
            <qtimetadatafield>
              <fieldlabel>original_answer_ids</fieldlabel>
              <fieldentry>text2qti_choice_9c959036ac32926ab9ee974c7356859ea0b304b94f12ebab4b067a363bbba322,text2qti_choice_05a62f16f5ac211c3ab8f967033e6c8777beb9ee3e98dd4424967430b0f9f064,text2qti_choice_2c59ff9eb7b96429e77a131a591c9a9baf89bea850b459d3a544fdfa5456ce5b,text2qti_choice_5b21ad8cdfd3bc05f9ca27659d3fbdc00df121c4778438ed472283c0e4304341</fieldentry>
            </qtimetadatafield>
            <qtimetadatafield>
              <fieldlabel>assessment_question_identifierref</fieldlabel>
              <fieldentry>text2qti_question_ref_dc1093397204bd97b034f3912a1fa9c2e5ded1051dec144f3b612b75280e4663</fieldentry>
            </qtimetadatafield>
          </qtimetadata>
        </itemmetadata>
        <presentation>
          <material>
            <mattext texttype="text/html">&lt;p&gt;Which PHP function is used to print (output) a formatted string?&lt;/p&gt;</mattext>
          </material>
          <response_lid ident="response1" rcardinality="Single">
            <render_choice>
              <response_label ident="text2qti_choice_9c959036ac32926ab9ee974c7356859ea0b304b94f12ebab4b067a363bbba322">
                <material>
                  <mattext texttype="text/html">&lt;p&gt;echo()&lt;/p&gt;</mattext>
                </material>
              </response_label>
              <response_label ident="text2qti_choice_05a62f16f5ac211c3ab8f967033e6c8777beb9ee3e98dd4424967430b0f9f064">
                <material>
                  <mattext texttype="text/html">&lt;p&gt;print()&lt;/p&gt;</mattext>
                </material>
              </response_label>
              <response_label ident="text2qti_choice_2c59ff9eb7b96429e77a131a591c9a9baf89bea850b459d3a544fdfa5456ce5b">
                <material>
                  <mattext texttype="text/html">&lt;p&gt;printf()&lt;/p&gt;</mattext>
                </material>
              </response_label>
              <response_label ident="text2qti_choice_5b21ad8cdfd3bc05f9ca27659d3fbdc00df121c4778438ed472283c0e4304341">
                <material>
                  <mattext texttype="text/html">&lt;p&gt;prints()&lt;/p&gt;</mattext>
                </material>
              </response_label>
            </render_choice>
          </response_lid>
        </presentation>
        <resprocessing>
          <outcomes>
            <decvar maxvalue="100" minvalue="0" varname="SCORE" vartype="Decimal"/>
          </outcomes>
          <respcondition continue="No">
            <conditionvar>
              <varequal respident="response1">text2qti_choice_2c59ff9eb7b96429e77a131a591c9a9baf89bea850b459d3a544fdfa5456ce5b</varequal>
            </conditionvar>
            <setvar action="Set" varname="SCORE">100</setvar>
          </respcondition>
        </resprocessing>
      </item>
      <item ident="text2qti_question_b712bdda1449d4f02d309813bae96a6e90b29a685a43651597a5319fa524732b" title="Question">
        <itemmetadata>
          <qtimetadata>
            <qtimetadatafield>
              <fieldlabel>question_type</fieldlabel>
              <fieldentry>multiple_choice_question</fieldentry>
            </qtimetadatafield>
            <qtimetadatafield>
              <fieldlabel>points_possible</fieldlabel>
              <fieldentry>1</fieldentry>
            </qtimetadatafield>
            <qtimetadatafield>
              <fieldlabel>original_answer_ids</fieldlabel>
              <fieldentry>text2qti_choice_cfd8778c7bf7dedd5a4c319fcaa0ef8af7bc3d7278a0966417042063a099b9f8,text2qti_choice_0b056bd1b1466e53f539b54c2f00788e577a06ed1b39f1bb2f319d96f5ad3fb0,text2qti_choice_ba4305513b74ff596808708ae959b68d83bd4dfead6802716e26c87fc058870d,text2qti_choice_b379db0ae6d31b22b5913adc0ecdd82fdf1a1bd06d19748a9b58b7b68fc966b2</fieldentry>
            </qtimetadatafield>
            <qtimetadatafield>
              <fieldlabel>assessment_question_identifierref</fieldlabel>
              <fieldentry>text2qti_question_ref_b712bdda1449d4f02d309813bae96a6e90b29a685a43651597a5319fa524732b</fieldentry>
            </qtimetadatafield>
          </qtimetadata>
        </itemmetadata>
        <presentation>
          <material>
            <mattext texttype="text/html">&lt;p&gt;What will be the output of the following PHP code?5&lt;/p&gt;</mattext>
          </material>
          <response_lid ident="response1" rcardinality="Single">
            <render_choice>
              <response_label ident="text2qti_choice_cfd8778c7bf7dedd5a4c319fcaa0ef8af7bc3d7278a0966417042063a099b9f8">
                <material>
                  <mattext texttype="text/html">&lt;p&gt;ffff&lt;/p&gt;</mattext>
                </material>
              </response_label>
              <response_label ident="text2qti_choice_0b056bd1b1466e53f539b54c2f00788e577a06ed1b39f1bb2f319d96f5ad3fb0">
                <material>
                  <mattext texttype="text/html">&lt;p&gt;0xffff&lt;/p&gt;</mattext>
                </material>
              </response_label>
              <response_label ident="text2qti_choice_ba4305513b74ff596808708ae959b68d83bd4dfead6802716e26c87fc058870d">
                <material>
                  <mattext texttype="text/html">&lt;p&gt;FFFF&lt;/p&gt;</mattext>
                </material>
              </response_label>
              <response_label ident="text2qti_choice_b379db0ae6d31b22b5913adc0ecdd82fdf1a1bd06d19748a9b58b7b68fc966b2">
                <material>
                  <mattext texttype="text/html">&lt;p&gt;0XFFFF&lt;/p&gt;</mattext>
                </material>
              </response_label>
            </render_choice>
          </response_lid>
        </presentation>
        <resprocessing>
          <outcomes>
            <decvar maxvalue="100" minvalue="0" varname="SCORE" vartype="Decimal"/>
          </outcomes>
          <respcondition continue="No">
            <conditionvar>
              <varequal respident="response1">text2qti_choice_cfd8778c7bf7dedd5a4c319fcaa0ef8af7bc3d7278a0966417042063a099b9f8</varequal>
            </conditionvar>
            <setvar action="Set" varname="SCORE">100</setvar>
          </respcondition>
        </resprocessing>
      </item>
      <item ident="text2qti_question_867f3721985a595efbfe16ac47ca0dd59ee171fa0a1999a9aba678c243992ca4" title="Question">
        <itemmetadata>
          <qtimetadata>
            <qtimetadatafield>
              <fieldlabel>question_type</fieldlabel>
              <fieldentry>multiple_choice_question</fieldentry>
            </qtimetadatafield>
            <qtimetadatafield>
              <fieldlabel>points_possible</fieldlabel>
              <fieldentry>1</fieldentry>
            </qtimetadatafield>
            <qtimetadatafield>
              <fieldlabel>original_answer_ids</fieldlabel>
              <fieldentry>text2qti_choice_d300b89bd56929885abda2df007760c78b2b7df5a8639e75c78b1ed3c3e9869d,text2qti_choice_dd4f782d3dc480692dfd45aaa41bedc5323d1da6eb0854fb3ad7df913b5f168d,text2qti_choice_b1abb273a713427473dd837e534b8e82f12b335b89624a8c80c71306a0147ada,text2qti_choice_003ed2405f3737cb9b863dfe9f8336018666c0857029caa9983f3820d26c8f73</fieldentry>
            </qtimetadatafield>
            <qtimetadatafield>
              <fieldlabel>assessment_question_identifierref</fieldlabel>
              <fieldentry>text2qti_question_ref_867f3721985a595efbfe16ac47ca0dd59ee171fa0a1999a9aba678c243992ca4</fieldentry>
            </qtimetadatafield>
          </qtimetadata>
        </itemmetadata>
        <presentation>
          <material>
            <mattext texttype="text/html">&lt;p&gt;Which PHP function is used to get the length of the string?&lt;/p&gt;</mattext>
          </material>
          <response_lid ident="response1" rcardinality="Single">
            <render_choice>
              <response_label ident="text2qti_choice_d300b89bd56929885abda2df007760c78b2b7df5a8639e75c78b1ed3c3e9869d">
                <material>
                  <mattext texttype="text/html">&lt;p&gt;strlength()&lt;/p&gt;</mattext>
                </material>
              </response_label>
              <response_label ident="text2qti_choice_dd4f782d3dc480692dfd45aaa41bedc5323d1da6eb0854fb3ad7df913b5f168d">
                <material>
                  <mattext texttype="text/html">&lt;p&gt;strlen()&lt;/p&gt;</mattext>
                </material>
              </response_label>
              <response_label ident="text2qti_choice_b1abb273a713427473dd837e534b8e82f12b335b89624a8c80c71306a0147ada">
                <material>
                  <mattext texttype="text/html">&lt;p&gt;length()&lt;/p&gt;</mattext>
                </material>
              </response_label>
              <response_label ident="text2qti_choice_003ed2405f3737cb9b863dfe9f8336018666c0857029caa9983f3820d26c8f73">
                <material>
                  <mattext texttype="text/html">&lt;p&gt;str_len()&lt;/p&gt;</mattext>
                </material>
              </response_label>
            </render_choice>
          </response_lid>
        </presentation>
        <resprocessing>
          <outcomes>
            <decvar maxvalue="100" minvalue="0" varname="SCORE" vartype="Decimal"/>
          </outcomes>
          <respcondition continue="No">
            <conditionvar>
              <varequal respident="response1">text2qti_choice_b1abb273a713427473dd837e534b8e82f12b335b89624a8c80c71306a0147ada</varequal>
            </conditionvar>
            <setvar action="Set" varname="SCORE">100</setvar>
          </respcondition>
        </resprocessing>
      </item>
      <item ident="text2qti_question_090d70eba005b2237e9fab7de9dcd011f965cc5ee8795e3a3f055dfb4ad5b12b" title="Question">
        <itemmetadata>
          <qtimetadata>
            <qtimetadatafield>
              <fieldlabel>question_type</fieldlabel>
              <fieldentry>multiple_choice_question</fieldentry>
            </qtimetadatafield>
            <qtimetadatafield>
              <fieldlabel>points_possible</fieldlabel>
              <fieldentry>1</fieldentry>
            </qtimetadatafield>
            <qtimetadatafield>
              <fieldlabel>original_answer_ids</fieldlabel>
              <fieldentry>text2qti_choice_2ac68ae765ab6062820dec970e4450e3c8e7b818b2e411547bf8f7e0062791bf,text2qti_choice_06d5c8682c56251aaefd87f282b18574f528cde60de13725cc53f93ca72a90e5,text2qti_choice_6d6ab2ff7ef35371bc2d7945b7a3b2aef9320a6d0dbcc66310e5debd0794f3c8,text2qti_choice_e61eb251820d33aa3e46c080dd6c359dc8881bd07dc452a3612926046a8ec665</fieldentry>
            </qtimetadatafield>
            <qtimetadatafield>
              <fieldlabel>assessment_question_identifierref</fieldlabel>
              <fieldentry>text2qti_question_ref_090d70eba005b2237e9fab7de9dcd011f965cc5ee8795e3a3f055dfb4ad5b12b</fieldentry>
            </qtimetadatafield>
          </qtimetadata>
        </itemmetadata>
        <presentation>
          <material>
            <mattext texttype="text/html">&lt;p&gt;What will be the output of the following PHP code?6&lt;/p&gt;</mattext>
          </material>
          <response_lid ident="response1" rcardinality="Single">
            <render_choice>
              <response_label ident="text2qti_choice_2ac68ae765ab6062820dec970e4450e3c8e7b818b2e411547bf8f7e0062791bf">
                <material>
                  <mattext texttype="text/html">&lt;p&gt;Hi, there how are you?&lt;/p&gt;</mattext>
                </material>
              </response_label>
              <response_label ident="text2qti_choice_06d5c8682c56251aaefd87f282b18574f528cde60de13725cc53f93ca72a90e5">
                <material>
                  <mattext texttype="text/html">&lt;p&gt;Hi, There How Are You?&lt;/p&gt;</mattext>
                </material>
              </response_label>
              <response_label ident="text2qti_choice_6d6ab2ff7ef35371bc2d7945b7a3b2aef9320a6d0dbcc66310e5debd0794f3c8">
                <material>
                  <mattext texttype="text/html">&lt;p&gt;hi, there how are you?&lt;/p&gt;</mattext>
                </material>
              </response_label>
              <response_label ident="text2qti_choice_e61eb251820d33aa3e46c080dd6c359dc8881bd07dc452a3612926046a8ec665">
                <material>
                  <mattext texttype="text/html">&lt;p&gt;HI, THERE HOW ARE YOU?&lt;/p&gt;</mattext>
                </material>
              </response_label>
            </render_choice>
          </response_lid>
        </presentation>
        <resprocessing>
          <outcomes>
            <decvar maxvalue="100" minvalue="0" varname="SCORE" vartype="Decimal"/>
          </outcomes>
          <respcondition continue="No">
            <conditionvar>
              <varequal respident="response1">text2qti_choice_06d5c8682c56251aaefd87f282b18574f528cde60de13725cc53f93ca72a90e5</varequal>
            </conditionvar>
            <setvar action="Set" varname="SCORE">100</setvar>
          </respcondition>
        </resprocessing>
      </item>
      <item ident="text2qti_question_c2ff258234d94362491fadd981e072c948c0f6cd65bbb28ef5215656642aca50" title="Question">
        <itemmetadata>
          <qtimetadata>
            <qtimetadatafield>
              <fieldlabel>question_type</fieldlabel>
              <fieldentry>multiple_choice_question</fieldentry>
            </qtimetadatafield>
            <qtimetadatafield>
              <fieldlabel>points_possible</fieldlabel>
              <fieldentry>1</fieldentry>
            </qtimetadatafield>
            <qtimetadatafield>
              <fieldlabel>original_answer_ids</fieldlabel>
              <fieldentry>text2qti_choice_53c3337f05807816ebb3e609314120d7b810bacc2641047c5b2b016816dda7e9,text2qti_choice_e1d72b191ed4c1d2e8686d4ff315add9a93b2d871f19c6bb6e668c1d26ad0c03,text2qti_choice_512b7f5afe7edd511ba19d677e39520dd0984dadfafd588952596cbf836754c6,text2qti_choice_f4f9ff3ebfa1ee66c7204495fbdc51550ebc5bba1ea7c4ef1007e090f01a4a74</fieldentry>
            </qtimetadatafield>
            <qtimetadatafield>
              <fieldlabel>assessment_question_identifierref</fieldlabel>
              <fieldentry>text2qti_question_ref_c2ff258234d94362491fadd981e072c948c0f6cd65bbb28ef5215656642aca50</fieldentry>
            </qtimetadatafield>
          </qtimetadata>
        </itemmetadata>
        <presentation>
          <material>
            <mattext texttype="text/html">&lt;p&gt;Which PHP functions are used to convert string to lowercase and uppercase?&lt;/p&gt;</mattext>
          </material>
          <response_lid ident="response1" rcardinality="Single">
            <render_choice>
              <response_label ident="text2qti_choice_53c3337f05807816ebb3e609314120d7b810bacc2641047c5b2b016816dda7e9">
                <material>
                  <mattext texttype="text/html">&lt;p&gt;strupper() and strlower()&lt;/p&gt;</mattext>
                </material>
              </response_label>
              <response_label ident="text2qti_choice_e1d72b191ed4c1d2e8686d4ff315add9a93b2d871f19c6bb6e668c1d26ad0c03">
                <material>
                  <mattext texttype="text/html">&lt;p&gt;str_toupper() and str_tolower()&lt;/p&gt;</mattext>
                </material>
              </response_label>
              <response_label ident="text2qti_choice_512b7f5afe7edd511ba19d677e39520dd0984dadfafd588952596cbf836754c6">
                <material>
                  <mattext texttype="text/html">&lt;p&gt;toupper() and tolower()&lt;/p&gt;</mattext>
                </material>
              </response_label>
              <response_label ident="text2qti_choice_f4f9ff3ebfa1ee66c7204495fbdc51550ebc5bba1ea7c4ef1007e090f01a4a74">
                <material>
                  <mattext texttype="text/html">&lt;p&gt;strtoupper() and strtolower()&lt;/p&gt;</mattext>
                </material>
              </response_label>
            </render_choice>
          </response_lid>
        </presentation>
        <resprocessing>
          <outcomes>
            <decvar maxvalue="100" minvalue="0" varname="SCORE" vartype="Decimal"/>
          </outcomes>
          <respcondition continue="No">
            <conditionvar>
              <varequal respident="response1">text2qti_choice_f4f9ff3ebfa1ee66c7204495fbdc51550ebc5bba1ea7c4ef1007e090f01a4a74</varequal>
            </conditionvar>
            <setvar action="Set" varname="SCORE">100</setvar>
          </respcondition>
        </resprocessing>
      </item>
    </section>
  </assessment>
</questestinterop>
