<?xml version="1.0" encoding="UTF-8"?>
<questestinterop xmlns="http://www.imsglobal.org/xsd/ims_qtiasiv1p2" xmlns:xsi="http://www.w3.org/2001/XMLSchema-instance" xsi:schemaLocation="http://www.imsglobal.org/xsd/ims_qtiasiv1p2 http://www.imsglobal.org/xsd/ims_qtiasiv1p2p1.xsd">
  <assessment ident="text2qti_assessment_d69d366f52d6a8e0856b33d3cdadec3deaadfdd29885f74d59b315124ce40dce" title="PHP include and require Statement">
    <qtimetadata>
      <qtimetadatafield>
        <fieldlabel>cc_maxattempts</fieldlabel>
        <fieldentry>1</fieldentry>
      </qtimetadatafield>
    </qtimetadata>
    <section ident="root_section">
      <item ident="text2qti_question_12def04bd1ae23a9b6625e7c4b8bcd53733497500fea9cf302ced12c3c92ff4f" title="Question">
        <itemmetadata>
          <qtimetadata>
            <qtimetadatafield>
              <fieldlabel>question_type</fieldlabel>
              <fieldentry>multiple_choice_question</fieldentry>
            </qtimetadatafield>
            <qtimetadatafield>
              <fieldlabel>points_possible</fieldlabel>
              <fieldentry>1</fieldentry>
            </qtimetadatafield>
            <qtimetadatafield>
              <fieldlabel>original_answer_ids</fieldlabel>
              <fieldentry>text2qti_choice_121d9d93cd5e660cb96f010812ca1a644057d69baf6ac5859a67f531c822c481,text2qti_choice_f567241a963df3a69de574a49e935274f9786c6065d1530c5c4f64e5255e41b0,text2qti_choice_ceb9c4399d7a2bc360f7ab7d9e8c857e0dc82581cb867e6652761436657811bd,text2qti_choice_affedc82d8ab41c6acba5879d162bb446687a9c1ca898495521ae7b0931c0cb6</fieldentry>
            </qtimetadatafield>
            <qtimetadatafield>
              <fieldlabel>assessment_question_identifierref</fieldlabel>
              <fieldentry>text2qti_question_ref_12def04bd1ae23a9b6625e7c4b8bcd53733497500fea9cf302ced12c3c92ff4f</fieldentry>
            </qtimetadatafield>
          </qtimetadata>
        </itemmetadata>
        <presentation>
          <material>
            <mattext texttype="text/html">&lt;p&gt;What is the difference of include and require statements in PHP?&lt;/p&gt;</mattext>
          </material>
          <response_lid ident="response1" rcardinality="Single">
            <render_choice>
              <response_label ident="text2qti_choice_121d9d93cd5e660cb96f010812ca1a644057d69baf6ac5859a67f531c822c481">
                <material>
                  <mattext texttype="text/html">&lt;p&gt;There is not difference both are the same&lt;/p&gt;</mattext>
                </material>
              </response_label>
              <response_label ident="text2qti_choice_f567241a963df3a69de574a49e935274f9786c6065d1530c5c4f64e5255e41b0">
                <material>
                  <mattext texttype="text/html">&lt;p&gt;require is an alias of include&lt;/p&gt;</mattext>
                </material>
              </response_label>
              <response_label ident="text2qti_choice_ceb9c4399d7a2bc360f7ab7d9e8c857e0dc82581cb867e6652761436657811bd">
                <material>
                  <mattext texttype="text/html">&lt;p&gt;require returns the Fatal Error, while include returns the Warning&lt;/p&gt;</mattext>
                </material>
              </response_label>
              <response_label ident="text2qti_choice_affedc82d8ab41c6acba5879d162bb446687a9c1ca898495521ae7b0931c0cb6">
                <material>
                  <mattext texttype="text/html">&lt;p&gt;include includes one PHP file while require can include multiple PHP files&lt;/p&gt;</mattext>
                </material>
              </response_label>
            </render_choice>
          </response_lid>
        </presentation>
        <resprocessing>
          <outcomes>
            <decvar maxvalue="100" minvalue="0" varname="SCORE" vartype="Decimal"/>
          </outcomes>
          <respcondition continue="No">
            <conditionvar>
              <varequal respident="response1">text2qti_choice_ceb9c4399d7a2bc360f7ab7d9e8c857e0dc82581cb867e6652761436657811bd</varequal>
            </conditionvar>
            <setvar action="Set" varname="SCORE">100</setvar>
          </respcondition>
        </resprocessing>
      </item>
      <item ident="text2qti_question_609f0fd6cbca7e27456d5b87062f7c48f6328437233341952e0cfbb074aeda03" title="Question">
        <itemmetadata>
          <qtimetadata>
            <qtimetadatafield>
              <fieldlabel>question_type</fieldlabel>
              <fieldentry>multiple_choice_question</fieldentry>
            </qtimetadatafield>
            <qtimetadatafield>
              <fieldlabel>points_possible</fieldlabel>
              <fieldentry>1</fieldentry>
            </qtimetadatafield>
            <qtimetadatafield>
              <fieldlabel>original_answer_ids</fieldlabel>
              <fieldentry>text2qti_choice_3ba98c5555664c3a81e6fcfa71dfea9bdadfd407e4a13e1f8b48cc3d9fe2354f,text2qti_choice_681cb9164a7afa8b390e8fb836f7e1e6af2095917ccc1bda59132cb4dd05c7a9,text2qti_choice_4f34612a865070ea713fb260d34303392171881a408cdc381ff5240d9ad82a81,text2qti_choice_0d60cc27c0ad9a9d3472ae72a67298d9c702142a46b52d0d2abf2e173738a28c</fieldentry>
            </qtimetadatafield>
            <qtimetadatafield>
              <fieldlabel>assessment_question_identifierref</fieldlabel>
              <fieldentry>text2qti_question_ref_609f0fd6cbca7e27456d5b87062f7c48f6328437233341952e0cfbb074aeda03</fieldentry>
            </qtimetadatafield>
          </qtimetadata>
        </itemmetadata>
        <presentation>
          <material>
            <mattext texttype="text/html">&lt;p&gt;What is the syntax of PHP &amp;ldquo;include&amp;rdquo; statement?&lt;/p&gt;</mattext>
          </material>
          <response_lid ident="response1" rcardinality="Single">
            <render_choice>
              <response_label ident="text2qti_choice_3ba98c5555664c3a81e6fcfa71dfea9bdadfd407e4a13e1f8b48cc3d9fe2354f">
                <material>
                  <mattext texttype="text/html">&lt;p&gt;include {&amp;lsquo;filename&amp;rsquo;};&lt;/p&gt;</mattext>
                </material>
              </response_label>
              <response_label ident="text2qti_choice_681cb9164a7afa8b390e8fb836f7e1e6af2095917ccc1bda59132cb4dd05c7a9">
                <material>
                  <mattext texttype="text/html">&lt;p&gt;&lt;include 'filename'&gt;;&lt;/p&gt;</mattext>
                </material>
              </response_label>
              <response_label ident="text2qti_choice_4f34612a865070ea713fb260d34303392171881a408cdc381ff5240d9ad82a81">
                <material>
                  <mattext texttype="text/html">&lt;p&gt;include &amp;lt;&amp;rsquo;filename&amp;rsquo;&amp;gt;;&lt;/p&gt;</mattext>
                </material>
              </response_label>
              <response_label ident="text2qti_choice_0d60cc27c0ad9a9d3472ae72a67298d9c702142a46b52d0d2abf2e173738a28c">
                <material>
                  <mattext texttype="text/html">&lt;p&gt;include &amp;lsquo;filename&amp;rsquo;;&lt;/p&gt;</mattext>
                </material>
              </response_label>
            </render_choice>
          </response_lid>
        </presentation>
        <resprocessing>
          <outcomes>
            <decvar maxvalue="100" minvalue="0" varname="SCORE" vartype="Decimal"/>
          </outcomes>
          <respcondition continue="No">
            <conditionvar>
              <varequal respident="response1">text2qti_choice_0d60cc27c0ad9a9d3472ae72a67298d9c702142a46b52d0d2abf2e173738a28c</varequal>
            </conditionvar>
            <setvar action="Set" varname="SCORE">100</setvar>
          </respcondition>
        </resprocessing>
      </item>
      <item ident="text2qti_question_6c46cb5d22829a973ba9db26b83e5bc20857c1d7a1037f4296c2e51971f9a9f1" title="Question">
        <itemmetadata>
          <qtimetadata>
            <qtimetadatafield>
              <fieldlabel>question_type</fieldlabel>
              <fieldentry>multiple_choice_question</fieldentry>
            </qtimetadatafield>
            <qtimetadatafield>
              <fieldlabel>points_possible</fieldlabel>
              <fieldentry>1</fieldentry>
            </qtimetadatafield>
            <qtimetadatafield>
              <fieldlabel>original_answer_ids</fieldlabel>
              <fieldentry>text2qti_choice_5985aba38fe28cb805950a4e0c8d563daaa933b3058c3f7c0a57b1e7139d0172,text2qti_choice_63286bade1acf82530b314e8601baa828f8947717f137dadff542ef1194f9201,text2qti_choice_d8b99df1448a15ca5d70b435242870a0ff430ecbe8e5200c765986f8f6cc03ce,text2qti_choice_28e8dfffc4af18dff6d42008565f9853736879806a7bfbf9d1bffe12af1153c7</fieldentry>
            </qtimetadatafield>
            <qtimetadatafield>
              <fieldlabel>assessment_question_identifierref</fieldlabel>
              <fieldentry>text2qti_question_ref_6c46cb5d22829a973ba9db26b83e5bc20857c1d7a1037f4296c2e51971f9a9f1</fieldentry>
            </qtimetadatafield>
          </qtimetadata>
        </itemmetadata>
        <presentation>
          <material>
            <mattext texttype="text/html">&lt;p&gt;What is the syntax of PHP &amp;ldquo;require&amp;rdquo; statement?&lt;/p&gt;</mattext>
          </material>
          <response_lid ident="response1" rcardinality="Single">
            <render_choice>
              <response_label ident="text2qti_choice_5985aba38fe28cb805950a4e0c8d563daaa933b3058c3f7c0a57b1e7139d0172">
                <material>
                  <mattext texttype="text/html">&lt;p&gt;require {&amp;lsquo;filename&amp;rsquo;};&lt;/p&gt;</mattext>
                </material>
              </response_label>
              <response_label ident="text2qti_choice_63286bade1acf82530b314e8601baa828f8947717f137dadff542ef1194f9201">
                <material>
                  <mattext texttype="text/html">&lt;p&gt;&lt;require 'filename'&gt;;&lt;/p&gt;</mattext>
                </material>
              </response_label>
              <response_label ident="text2qti_choice_d8b99df1448a15ca5d70b435242870a0ff430ecbe8e5200c765986f8f6cc03ce">
                <material>
                  <mattext texttype="text/html">&lt;p&gt;require &amp;lt;&amp;rsquo;filename&amp;rsquo;&amp;gt;;&lt;/p&gt;</mattext>
                </material>
              </response_label>
              <response_label ident="text2qti_choice_28e8dfffc4af18dff6d42008565f9853736879806a7bfbf9d1bffe12af1153c7">
                <material>
                  <mattext texttype="text/html">&lt;p&gt;require &amp;lsquo;filename&amp;rsquo;;&lt;/p&gt;</mattext>
                </material>
              </response_label>
            </render_choice>
          </response_lid>
        </presentation>
        <resprocessing>
          <outcomes>
            <decvar maxvalue="100" minvalue="0" varname="SCORE" vartype="Decimal"/>
          </outcomes>
          <respcondition continue="No">
            <conditionvar>
              <varequal respident="response1">text2qti_choice_28e8dfffc4af18dff6d42008565f9853736879806a7bfbf9d1bffe12af1153c7</varequal>
            </conditionvar>
            <setvar action="Set" varname="SCORE">100</setvar>
          </respcondition>
        </resprocessing>
      </item>
      <item ident="text2qti_question_38491eca1f75764f786f96652c3251698ec615457fab4a5e6dd2cd2f4beca263" title="Question">
        <itemmetadata>
          <qtimetadata>
            <qtimetadatafield>
              <fieldlabel>question_type</fieldlabel>
              <fieldentry>multiple_choice_question</fieldentry>
            </qtimetadatafield>
            <qtimetadatafield>
              <fieldlabel>points_possible</fieldlabel>
              <fieldentry>1</fieldentry>
            </qtimetadatafield>
            <qtimetadatafield>
              <fieldlabel>original_answer_ids</fieldlabel>
              <fieldentry>text2qti_choice_d1555e1fe6607fc2fef7710807f5de36ee2a2fb077be56816664d3ea157d0044,text2qti_choice_b83384ea2f28e5165ae0c67d66bbd2604d5df2dda79f4386319afbd0c99070d8,text2qti_choice_e1aff663c78f740d4e075a37ae3f8a351e17bac07a61753fee74ef3f65444145,text2qti_choice_066ac08075db57740ff6123015fb5068fe02b38eb9759c607a6819f9d802c42e</fieldentry>
            </qtimetadatafield>
            <qtimetadatafield>
              <fieldlabel>assessment_question_identifierref</fieldlabel>
              <fieldentry>text2qti_question_ref_38491eca1f75764f786f96652c3251698ec615457fab4a5e6dd2cd2f4beca263</fieldentry>
            </qtimetadatafield>
          </qtimetadata>
        </itemmetadata>
        <presentation>
          <material>
            <mattext texttype="text/html">&lt;p&gt;Which PHP function is used to open a file?&lt;/p&gt;</mattext>
          </material>
          <response_lid ident="response1" rcardinality="Single">
            <render_choice>
              <response_label ident="text2qti_choice_d1555e1fe6607fc2fef7710807f5de36ee2a2fb077be56816664d3ea157d0044">
                <material>
                  <mattext texttype="text/html">&lt;p&gt;fopen()&lt;/p&gt;</mattext>
                </material>
              </response_label>
              <response_label ident="text2qti_choice_b83384ea2f28e5165ae0c67d66bbd2604d5df2dda79f4386319afbd0c99070d8">
                <material>
                  <mattext texttype="text/html">&lt;p&gt;open()&lt;/p&gt;</mattext>
                </material>
              </response_label>
              <response_label ident="text2qti_choice_e1aff663c78f740d4e075a37ae3f8a351e17bac07a61753fee74ef3f65444145">
                <material>
                  <mattext texttype="text/html">&lt;p&gt;open_file()&lt;/p&gt;</mattext>
                </material>
              </response_label>
              <response_label ident="text2qti_choice_066ac08075db57740ff6123015fb5068fe02b38eb9759c607a6819f9d802c42e">
                <material>
                  <mattext texttype="text/html">&lt;p&gt;PHP_open()&lt;/p&gt;</mattext>
                </material>
              </response_label>
            </render_choice>
          </response_lid>
        </presentation>
        <resprocessing>
          <outcomes>
            <decvar maxvalue="100" minvalue="0" varname="SCORE" vartype="Decimal"/>
          </outcomes>
          <respcondition continue="No">
            <conditionvar>
              <varequal respident="response1">text2qti_choice_d1555e1fe6607fc2fef7710807f5de36ee2a2fb077be56816664d3ea157d0044</varequal>
            </conditionvar>
            <setvar action="Set" varname="SCORE">100</setvar>
          </respcondition>
        </resprocessing>
      </item>
      <item ident="text2qti_question_e727b7304f4f38bb099a50bcc037d07b55628c4935a80269dd200a8b9c183736" title="Question">
        <itemmetadata>
          <qtimetadata>
            <qtimetadatafield>
              <fieldlabel>question_type</fieldlabel>
              <fieldentry>multiple_choice_question</fieldentry>
            </qtimetadatafield>
            <qtimetadatafield>
              <fieldlabel>points_possible</fieldlabel>
              <fieldentry>1</fieldentry>
            </qtimetadatafield>
            <qtimetadatafield>
              <fieldlabel>original_answer_ids</fieldlabel>
              <fieldentry>text2qti_choice_61cea4cfa097094307057533c1046f97b3ca3fd861bfd54dcb6489afe9eb2003,text2qti_choice_4afedf10c3a6213ef623eaedfd602de303645ffa8a0ea9643e3d8924db1f5208,text2qti_choice_b7ea78902c7f204ff741830cf1f9577209e40a62f6ee5313578860ca22976897,text2qti_choice_cd8575f2d7c9eb853cdb2dabd9ef6be6db03b74e35dda64cf1e084a5101016b9</fieldentry>
            </qtimetadatafield>
            <qtimetadatafield>
              <fieldlabel>assessment_question_identifierref</fieldlabel>
              <fieldentry>text2qti_question_ref_e727b7304f4f38bb099a50bcc037d07b55628c4935a80269dd200a8b9c183736</fieldentry>
            </qtimetadatafield>
          </qtimetadata>
        </itemmetadata>
        <presentation>
          <material>
            <mattext texttype="text/html">&lt;p&gt;Which PHP function is used to close a file?&lt;/p&gt;</mattext>
          </material>
          <response_lid ident="response1" rcardinality="Single">
            <render_choice>
              <response_label ident="text2qti_choice_61cea4cfa097094307057533c1046f97b3ca3fd861bfd54dcb6489afe9eb2003">
                <material>
                  <mattext texttype="text/html">&lt;p&gt;fclose()&lt;/p&gt;</mattext>
                </material>
              </response_label>
              <response_label ident="text2qti_choice_4afedf10c3a6213ef623eaedfd602de303645ffa8a0ea9643e3d8924db1f5208">
                <material>
                  <mattext texttype="text/html">&lt;p&gt;close()&lt;/p&gt;</mattext>
                </material>
              </response_label>
              <response_label ident="text2qti_choice_b7ea78902c7f204ff741830cf1f9577209e40a62f6ee5313578860ca22976897">
                <material>
                  <mattext texttype="text/html">&lt;p&gt;close_file()&lt;/p&gt;</mattext>
                </material>
              </response_label>
              <response_label ident="text2qti_choice_cd8575f2d7c9eb853cdb2dabd9ef6be6db03b74e35dda64cf1e084a5101016b9">
                <material>
                  <mattext texttype="text/html">&lt;p&gt;PHP_close()&lt;/p&gt;</mattext>
                </material>
              </response_label>
            </render_choice>
          </response_lid>
        </presentation>
        <resprocessing>
          <outcomes>
            <decvar maxvalue="100" minvalue="0" varname="SCORE" vartype="Decimal"/>
          </outcomes>
          <respcondition continue="No">
            <conditionvar>
              <varequal respident="response1">text2qti_choice_61cea4cfa097094307057533c1046f97b3ca3fd861bfd54dcb6489afe9eb2003</varequal>
            </conditionvar>
            <setvar action="Set" varname="SCORE">100</setvar>
          </respcondition>
        </resprocessing>
      </item>
      <item ident="text2qti_question_2ed3afc7739289b4cd53036687361a26053008c3ce1d1b99c03c268035dfabd0" title="Question">
        <itemmetadata>
          <qtimetadata>
            <qtimetadatafield>
              <fieldlabel>question_type</fieldlabel>
              <fieldentry>multiple_choice_question</fieldentry>
            </qtimetadatafield>
            <qtimetadatafield>
              <fieldlabel>points_possible</fieldlabel>
              <fieldentry>1</fieldentry>
            </qtimetadatafield>
            <qtimetadatafield>
              <fieldlabel>original_answer_ids</fieldlabel>
              <fieldentry>text2qti_choice_e8133c2ae4317bd833035a8d3ef8cba93f9c12e859823937c7b3093cba63227d,text2qti_choice_eee8ffa60a49fdef0e6af554793902c7f06a2a732d2175c4c76ff43720b3aca9,text2qti_choice_6d3a9b56a5601fb9b050a1d735512cdb11e2c2a2ffc98e32703ef47cf7f71700,text2qti_choice_88c4ff10fd572687fe4f5eff8c98b508c8bb532abffce99b09195da3f765fc6e</fieldentry>
            </qtimetadatafield>
            <qtimetadatafield>
              <fieldlabel>assessment_question_identifierref</fieldlabel>
              <fieldentry>text2qti_question_ref_2ed3afc7739289b4cd53036687361a26053008c3ce1d1b99c03c268035dfabd0</fieldentry>
            </qtimetadatafield>
          </qtimetadata>
        </itemmetadata>
        <presentation>
          <material>
            <mattext texttype="text/html">&lt;p&gt;Which PHP function is used to read the content of a file?&lt;/p&gt;</mattext>
          </material>
          <response_lid ident="response1" rcardinality="Single">
            <render_choice>
              <response_label ident="text2qti_choice_e8133c2ae4317bd833035a8d3ef8cba93f9c12e859823937c7b3093cba63227d">
                <material>
                  <mattext texttype="text/html">&lt;p&gt;read()&lt;/p&gt;</mattext>
                </material>
              </response_label>
              <response_label ident="text2qti_choice_eee8ffa60a49fdef0e6af554793902c7f06a2a732d2175c4c76ff43720b3aca9">
                <material>
                  <mattext texttype="text/html">&lt;p&gt;getfile()&lt;/p&gt;</mattext>
                </material>
              </response_label>
              <response_label ident="text2qti_choice_6d3a9b56a5601fb9b050a1d735512cdb11e2c2a2ffc98e32703ef47cf7f71700">
                <material>
                  <mattext texttype="text/html">&lt;p&gt;readfile()&lt;/p&gt;</mattext>
                </material>
              </response_label>
              <response_label ident="text2qti_choice_88c4ff10fd572687fe4f5eff8c98b508c8bb532abffce99b09195da3f765fc6e">
                <material>
                  <mattext texttype="text/html">&lt;p&gt;All of the above&lt;/p&gt;</mattext>
                </material>
              </response_label>
            </render_choice>
          </response_lid>
        </presentation>
        <resprocessing>
          <outcomes>
            <decvar maxvalue="100" minvalue="0" varname="SCORE" vartype="Decimal"/>
          </outcomes>
          <respcondition continue="No">
            <conditionvar>
              <varequal respident="response1">text2qti_choice_6d3a9b56a5601fb9b050a1d735512cdb11e2c2a2ffc98e32703ef47cf7f71700</varequal>
            </conditionvar>
            <setvar action="Set" varname="SCORE">100</setvar>
          </respcondition>
        </resprocessing>
      </item>
      <item ident="text2qti_question_697a440c9ceed1e8b92e29223389ca1e9b1cd2d29d7999fedbc34416bf14077f" title="Question">
        <itemmetadata>
          <qtimetadata>
            <qtimetadatafield>
              <fieldlabel>question_type</fieldlabel>
              <fieldentry>multiple_choice_question</fieldentry>
            </qtimetadatafield>
            <qtimetadatafield>
              <fieldlabel>points_possible</fieldlabel>
              <fieldentry>1</fieldentry>
            </qtimetadatafield>
            <qtimetadatafield>
              <fieldlabel>original_answer_ids</fieldlabel>
              <fieldentry>text2qti_choice_486670a8d8ff2ecd06b9cd12cc2b0f52f8352928cbf0cda2332b22550281110c,text2qti_choice_29c007415edb4d20fbb21f5065868e2a8aca7538fabf90d80456b62b55a01aba,text2qti_choice_218662cce100ee50dc2d1c8748f1bafbc8b8d889dc791d4ae289977cb8dd6fbc,text2qti_choice_54ea32d68ee94fbc96a6279af724c764c98a766fb3ccac9417acda492995425a</fieldentry>
            </qtimetadatafield>
            <qtimetadatafield>
              <fieldlabel>assessment_question_identifierref</fieldlabel>
              <fieldentry>text2qti_question_ref_697a440c9ceed1e8b92e29223389ca1e9b1cd2d29d7999fedbc34416bf14077f</fieldentry>
            </qtimetadatafield>
          </qtimetadata>
        </itemmetadata>
        <presentation>
          <material>
            <mattext texttype="text/html">&lt;p&gt;Which PHP function reads a single line from a file?&lt;/p&gt;</mattext>
          </material>
          <response_lid ident="response1" rcardinality="Single">
            <render_choice>
              <response_label ident="text2qti_choice_486670a8d8ff2ecd06b9cd12cc2b0f52f8352928cbf0cda2332b22550281110c">
                <material>
                  <mattext texttype="text/html">&lt;p&gt;readline()&lt;/p&gt;</mattext>
                </material>
              </response_label>
              <response_label ident="text2qti_choice_29c007415edb4d20fbb21f5065868e2a8aca7538fabf90d80456b62b55a01aba">
                <material>
                  <mattext texttype="text/html">&lt;p&gt;getline()&lt;/p&gt;</mattext>
                </material>
              </response_label>
              <response_label ident="text2qti_choice_218662cce100ee50dc2d1c8748f1bafbc8b8d889dc791d4ae289977cb8dd6fbc">
                <material>
                  <mattext texttype="text/html">&lt;p&gt;fget()&lt;/p&gt;</mattext>
                </material>
              </response_label>
              <response_label ident="text2qti_choice_54ea32d68ee94fbc96a6279af724c764c98a766fb3ccac9417acda492995425a">
                <material>
                  <mattext texttype="text/html">&lt;p&gt;fgets()&lt;/p&gt;</mattext>
                </material>
              </response_label>
            </render_choice>
          </response_lid>
        </presentation>
        <resprocessing>
          <outcomes>
            <decvar maxvalue="100" minvalue="0" varname="SCORE" vartype="Decimal"/>
          </outcomes>
          <respcondition continue="No">
            <conditionvar>
              <varequal respident="response1">text2qti_choice_54ea32d68ee94fbc96a6279af724c764c98a766fb3ccac9417acda492995425a</varequal>
            </conditionvar>
            <setvar action="Set" varname="SCORE">100</setvar>
          </respcondition>
        </resprocessing>
      </item>
      <item ident="text2qti_question_c4850ff8091c9047a59a8847a019217322e9fcf81b18ab16c5f663bb87afe09f" title="Question">
        <itemmetadata>
          <qtimetadata>
            <qtimetadatafield>
              <fieldlabel>question_type</fieldlabel>
              <fieldentry>multiple_choice_question</fieldentry>
            </qtimetadatafield>
            <qtimetadatafield>
              <fieldlabel>points_possible</fieldlabel>
              <fieldentry>1</fieldentry>
            </qtimetadatafield>
            <qtimetadatafield>
              <fieldlabel>original_answer_ids</fieldlabel>
              <fieldentry>text2qti_choice_caf0e4c19c142be4e7dd2aafb3995dfa0c88d943b449e44e349b9b25aed52c64,text2qti_choice_30edc06b86e580568d0c4872494a86af6bf44e04c92ffcf8351d6a5aa23e8616,text2qti_choice_0a818db0e0572491a5bb73db7c6be6179a10fc7253cf6b74ba54bcd23b87f7ef,text2qti_choice_0083495119ef7339b24eb74e0f923dadb6f8522713a0b12d22732509f8d800ee</fieldentry>
            </qtimetadatafield>
            <qtimetadatafield>
              <fieldlabel>assessment_question_identifierref</fieldlabel>
              <fieldentry>text2qti_question_ref_c4850ff8091c9047a59a8847a019217322e9fcf81b18ab16c5f663bb87afe09f</fieldentry>
            </qtimetadatafield>
          </qtimetadata>
        </itemmetadata>
        <presentation>
          <material>
            <mattext texttype="text/html">&lt;p&gt;Which PHP function reads a single character from a file?&lt;/p&gt;</mattext>
          </material>
          <response_lid ident="response1" rcardinality="Single">
            <render_choice>
              <response_label ident="text2qti_choice_caf0e4c19c142be4e7dd2aafb3995dfa0c88d943b449e44e349b9b25aed52c64">
                <material>
                  <mattext texttype="text/html">&lt;p&gt;readcharacter()&lt;/p&gt;</mattext>
                </material>
              </response_label>
              <response_label ident="text2qti_choice_30edc06b86e580568d0c4872494a86af6bf44e04c92ffcf8351d6a5aa23e8616">
                <material>
                  <mattext texttype="text/html">&lt;p&gt;getchar()&lt;/p&gt;</mattext>
                </material>
              </response_label>
              <response_label ident="text2qti_choice_0a818db0e0572491a5bb73db7c6be6179a10fc7253cf6b74ba54bcd23b87f7ef">
                <material>
                  <mattext texttype="text/html">&lt;p&gt;fgetc()&lt;/p&gt;</mattext>
                </material>
              </response_label>
              <response_label ident="text2qti_choice_0083495119ef7339b24eb74e0f923dadb6f8522713a0b12d22732509f8d800ee">
                <material>
                  <mattext texttype="text/html">&lt;p&gt;fchars()&lt;/p&gt;</mattext>
                </material>
              </response_label>
            </render_choice>
          </response_lid>
        </presentation>
        <resprocessing>
          <outcomes>
            <decvar maxvalue="100" minvalue="0" varname="SCORE" vartype="Decimal"/>
          </outcomes>
          <respcondition continue="No">
            <conditionvar>
              <varequal respident="response1">text2qti_choice_0a818db0e0572491a5bb73db7c6be6179a10fc7253cf6b74ba54bcd23b87f7ef</varequal>
            </conditionvar>
            <setvar action="Set" varname="SCORE">100</setvar>
          </respcondition>
        </resprocessing>
      </item>
    </section>
  </assessment>
</questestinterop>
