<?xml version="1.0" encoding="UTF-8"?>
<questestinterop xmlns="http://www.imsglobal.org/xsd/ims_qtiasiv1p2" xmlns:xsi="http://www.w3.org/2001/XMLSchema-instance" xsi:schemaLocation="http://www.imsglobal.org/xsd/ims_qtiasiv1p2 http://www.imsglobal.org/xsd/ims_qtiasiv1p2p1.xsd">
  <assessment ident="text2qti_assessment_775b46966dfc32957a92dfcdcb758498e208960c605f5d46c2fc8050d4fafa20" title="PHP Loops">
    <qtimetadata>
      <qtimetadatafield>
        <fieldlabel>cc_maxattempts</fieldlabel>
        <fieldentry>1</fieldentry>
      </qtimetadatafield>
    </qtimetadata>
    <section ident="root_section">
      <item ident="text2qti_question_731224b0f0cd19a504a55f5a117fc226853ebf8d3d3cc545df2a8c3ca90abe3e" title="Question">
        <itemmetadata>
          <qtimetadata>
            <qtimetadatafield>
              <fieldlabel>question_type</fieldlabel>
              <fieldentry>multiple_choice_question</fieldentry>
            </qtimetadatafield>
            <qtimetadatafield>
              <fieldlabel>points_possible</fieldlabel>
              <fieldentry>1</fieldentry>
            </qtimetadatafield>
            <qtimetadatafield>
              <fieldlabel>original_answer_ids</fieldlabel>
              <fieldentry>text2qti_choice_ff02ec85116b1cb8c6b0d1c469fb788a09d83d6fafa1af93551282d0ec0c81c8,text2qti_choice_1b79e8abf53cb2b8b6751339af0a03e37436d7a7de1a5a9d4d16922b644a932a,text2qti_choice_06788ac354b9013a4a0178d12946ec143e2ce87256828052b75a7e5a89ccaa07,text2qti_choice_88594fdb5c05ff93dd55a9a66dafe73d9b9ab40957db9c19ac68af85444f93eb</fieldentry>
            </qtimetadatafield>
            <qtimetadatafield>
              <fieldlabel>assessment_question_identifierref</fieldlabel>
              <fieldentry>text2qti_question_ref_731224b0f0cd19a504a55f5a117fc226853ebf8d3d3cc545df2a8c3ca90abe3e</fieldentry>
            </qtimetadatafield>
          </qtimetadata>
        </itemmetadata>
        <presentation>
          <material>
            <mattext texttype="text/html">&lt;p&gt;How many loops are there in PHP?&lt;/p&gt;</mattext>
          </material>
          <response_lid ident="response1" rcardinality="Single">
            <render_choice>
              <response_label ident="text2qti_choice_ff02ec85116b1cb8c6b0d1c469fb788a09d83d6fafa1af93551282d0ec0c81c8">
                <material>
                  <mattext texttype="text/html">&lt;p&gt;2&lt;/p&gt;</mattext>
                </material>
              </response_label>
              <response_label ident="text2qti_choice_1b79e8abf53cb2b8b6751339af0a03e37436d7a7de1a5a9d4d16922b644a932a">
                <material>
                  <mattext texttype="text/html">&lt;p&gt;3&lt;/p&gt;</mattext>
                </material>
              </response_label>
              <response_label ident="text2qti_choice_06788ac354b9013a4a0178d12946ec143e2ce87256828052b75a7e5a89ccaa07">
                <material>
                  <mattext texttype="text/html">&lt;p&gt;4&lt;/p&gt;</mattext>
                </material>
              </response_label>
              <response_label ident="text2qti_choice_88594fdb5c05ff93dd55a9a66dafe73d9b9ab40957db9c19ac68af85444f93eb">
                <material>
                  <mattext texttype="text/html">&lt;p&gt;5&lt;/p&gt;</mattext>
                </material>
              </response_label>
            </render_choice>
          </response_lid>
        </presentation>
        <resprocessing>
          <outcomes>
            <decvar maxvalue="100" minvalue="0" varname="SCORE" vartype="Decimal"/>
          </outcomes>
          <respcondition continue="No">
            <conditionvar>
              <varequal respident="response1">text2qti_choice_06788ac354b9013a4a0178d12946ec143e2ce87256828052b75a7e5a89ccaa07</varequal>
            </conditionvar>
            <setvar action="Set" varname="SCORE">100</setvar>
          </respcondition>
        </resprocessing>
      </item>
      <item ident="text2qti_question_558d5d92aaeeaa20a86fa49695a4ae11a7d8c087dbddb540c6fa0de9d0066a90" title="Question">
        <itemmetadata>
          <qtimetadata>
            <qtimetadatafield>
              <fieldlabel>question_type</fieldlabel>
              <fieldentry>multiple_choice_question</fieldentry>
            </qtimetadatafield>
            <qtimetadatafield>
              <fieldlabel>points_possible</fieldlabel>
              <fieldentry>1</fieldentry>
            </qtimetadatafield>
            <qtimetadatafield>
              <fieldlabel>original_answer_ids</fieldlabel>
              <fieldentry>text2qti_choice_37ece9ce342483cb7394c45dd4016e32e2b4118ce7d60220d7e8fe126f315384,text2qti_choice_e73a329ae03309e63ae811db84bf6aa0415cca1e0035ae97184d84078fafa725,text2qti_choice_d248a5f8381a7557e3040b00439a9823849b8471cbd8345858f3efaacbe4bbbf,text2qti_choice_19586f6a843ad7bd87a7ac26842460390e3bdde49426fb0740a6762daecfe913</fieldentry>
            </qtimetadatafield>
            <qtimetadatafield>
              <fieldlabel>assessment_question_identifierref</fieldlabel>
              <fieldentry>text2qti_question_ref_558d5d92aaeeaa20a86fa49695a4ae11a7d8c087dbddb540c6fa0de9d0066a90</fieldentry>
            </qtimetadatafield>
          </qtimetadata>
        </itemmetadata>
        <presentation>
          <material>
            <mattext texttype="text/html">&lt;p&gt;What will be the output of the following PHP code?1&lt;/p&gt;</mattext>
          </material>
          <response_lid ident="response1" rcardinality="Single">
            <render_choice>
              <response_label ident="text2qti_choice_37ece9ce342483cb7394c45dd4016e32e2b4118ce7d60220d7e8fe126f315384">
                <material>
                  <mattext texttype="text/html">&lt;p&gt;2,4,&lt;/p&gt;</mattext>
                </material>
              </response_label>
              <response_label ident="text2qti_choice_e73a329ae03309e63ae811db84bf6aa0415cca1e0035ae97184d84078fafa725">
                <material>
                  <mattext texttype="text/html">&lt;p&gt;1,2,3,4,5,&lt;/p&gt;</mattext>
                </material>
              </response_label>
              <response_label ident="text2qti_choice_d248a5f8381a7557e3040b00439a9823849b8471cbd8345858f3efaacbe4bbbf">
                <material>
                  <mattext texttype="text/html">&lt;p&gt;2,4,6,&lt;/p&gt;</mattext>
                </material>
              </response_label>
              <response_label ident="text2qti_choice_19586f6a843ad7bd87a7ac26842460390e3bdde49426fb0740a6762daecfe913">
                <material>
                  <mattext texttype="text/html">&lt;p&gt;1,2,4,&lt;/p&gt;</mattext>
                </material>
              </response_label>
            </render_choice>
          </response_lid>
        </presentation>
        <resprocessing>
          <outcomes>
            <decvar maxvalue="100" minvalue="0" varname="SCORE" vartype="Decimal"/>
          </outcomes>
          <respcondition continue="No">
            <conditionvar>
              <varequal respident="response1">text2qti_choice_d248a5f8381a7557e3040b00439a9823849b8471cbd8345858f3efaacbe4bbbf</varequal>
            </conditionvar>
            <setvar action="Set" varname="SCORE">100</setvar>
          </respcondition>
        </resprocessing>
      </item>
      <item ident="text2qti_question_e7bda6ecc9276be67715ca1ba7a302c07deb45b577f94ee6d277ad82d5ce062b" title="Question">
        <itemmetadata>
          <qtimetadata>
            <qtimetadatafield>
              <fieldlabel>question_type</fieldlabel>
              <fieldentry>multiple_choice_question</fieldentry>
            </qtimetadatafield>
            <qtimetadatafield>
              <fieldlabel>points_possible</fieldlabel>
              <fieldentry>1</fieldentry>
            </qtimetadatafield>
            <qtimetadatafield>
              <fieldlabel>original_answer_ids</fieldlabel>
              <fieldentry>text2qti_choice_b6745ffb07024c61bb7fdd7882ee1b676c48a5af0bd7db0a8f4d3c2e55111d94,text2qti_choice_eca22243cd895e0a2195c6b8c1bf65454e192e15e725c97d4b1f73f8caf1b175,text2qti_choice_bc8c885d107cd91b5cb68d621e0b306788d5dfa997c7b7801abce80c9145a28a,text2qti_choice_d730a6af56e2353da1979d36793df9882bd9aa3d1ab818336b64db7141016892</fieldentry>
            </qtimetadatafield>
            <qtimetadatafield>
              <fieldlabel>assessment_question_identifierref</fieldlabel>
              <fieldentry>text2qti_question_ref_e7bda6ecc9276be67715ca1ba7a302c07deb45b577f94ee6d277ad82d5ce062b</fieldentry>
            </qtimetadatafield>
          </qtimetadata>
        </itemmetadata>
        <presentation>
          <material>
            <mattext texttype="text/html">&lt;p&gt;Which loop statement is used to loop through a block of code a specified number of times?&lt;/p&gt;</mattext>
          </material>
          <response_lid ident="response1" rcardinality="Single">
            <render_choice>
              <response_label ident="text2qti_choice_b6745ffb07024c61bb7fdd7882ee1b676c48a5af0bd7db0a8f4d3c2e55111d94">
                <material>
                  <mattext texttype="text/html">&lt;p&gt;while&lt;/p&gt;</mattext>
                </material>
              </response_label>
              <response_label ident="text2qti_choice_eca22243cd895e0a2195c6b8c1bf65454e192e15e725c97d4b1f73f8caf1b175">
                <material>
                  <mattext texttype="text/html">&lt;p&gt;do&amp;hellip;while&lt;/p&gt;</mattext>
                </material>
              </response_label>
              <response_label ident="text2qti_choice_bc8c885d107cd91b5cb68d621e0b306788d5dfa997c7b7801abce80c9145a28a">
                <material>
                  <mattext texttype="text/html">&lt;p&gt;for&lt;/p&gt;</mattext>
                </material>
              </response_label>
              <response_label ident="text2qti_choice_d730a6af56e2353da1979d36793df9882bd9aa3d1ab818336b64db7141016892">
                <material>
                  <mattext texttype="text/html">&lt;p&gt;foreach&lt;/p&gt;</mattext>
                </material>
              </response_label>
            </render_choice>
          </response_lid>
        </presentation>
        <resprocessing>
          <outcomes>
            <decvar maxvalue="100" minvalue="0" varname="SCORE" vartype="Decimal"/>
          </outcomes>
          <respcondition continue="No">
            <conditionvar>
              <varequal respident="response1">text2qti_choice_bc8c885d107cd91b5cb68d621e0b306788d5dfa997c7b7801abce80c9145a28a</varequal>
            </conditionvar>
            <setvar action="Set" varname="SCORE">100</setvar>
          </respcondition>
        </resprocessing>
      </item>
      <item ident="text2qti_question_fee908dbb3ca4a4371f063991f4645098f720eb811c621ee7959e193994201c9" title="Question">
        <itemmetadata>
          <qtimetadata>
            <qtimetadatafield>
              <fieldlabel>question_type</fieldlabel>
              <fieldentry>multiple_choice_question</fieldentry>
            </qtimetadatafield>
            <qtimetadatafield>
              <fieldlabel>points_possible</fieldlabel>
              <fieldentry>1</fieldentry>
            </qtimetadatafield>
            <qtimetadatafield>
              <fieldlabel>original_answer_ids</fieldlabel>
              <fieldentry>text2qti_choice_269bb982e035ab2ce0e870996870972e7b9abd5bb5f855f0f02f50d57c2eecc7,text2qti_choice_d6ff4fc2fd09bee6b19517777ad110540d039dbd86a5e1c5cccc997f09e3a071,text2qti_choice_348c7c6f232d6b51634f764f0ba0e42a67b4c065de5ff60b4c1cc10d7ead3c3e,text2qti_choice_4596aab1893d761acb1fdafc528f22e4b49c20e73714f9786accd4154ed49a9c</fieldentry>
            </qtimetadatafield>
            <qtimetadatafield>
              <fieldlabel>assessment_question_identifierref</fieldlabel>
              <fieldentry>text2qti_question_ref_fee908dbb3ca4a4371f063991f4645098f720eb811c621ee7959e193994201c9</fieldentry>
            </qtimetadatafield>
          </qtimetadata>
        </itemmetadata>
        <presentation>
          <material>
            <mattext texttype="text/html">&lt;p&gt;Which loop statement is used to loop through a block of code for each element in an array?&lt;/p&gt;</mattext>
          </material>
          <response_lid ident="response1" rcardinality="Single">
            <render_choice>
              <response_label ident="text2qti_choice_269bb982e035ab2ce0e870996870972e7b9abd5bb5f855f0f02f50d57c2eecc7">
                <material>
                  <mattext texttype="text/html">&lt;p&gt;while&lt;/p&gt;</mattext>
                </material>
              </response_label>
              <response_label ident="text2qti_choice_d6ff4fc2fd09bee6b19517777ad110540d039dbd86a5e1c5cccc997f09e3a071">
                <material>
                  <mattext texttype="text/html">&lt;p&gt;do&amp;hellip;while&lt;/p&gt;</mattext>
                </material>
              </response_label>
              <response_label ident="text2qti_choice_348c7c6f232d6b51634f764f0ba0e42a67b4c065de5ff60b4c1cc10d7ead3c3e">
                <material>
                  <mattext texttype="text/html">&lt;p&gt;for&lt;/p&gt;</mattext>
                </material>
              </response_label>
              <response_label ident="text2qti_choice_4596aab1893d761acb1fdafc528f22e4b49c20e73714f9786accd4154ed49a9c">
                <material>
                  <mattext texttype="text/html">&lt;p&gt;foreach&lt;/p&gt;</mattext>
                </material>
              </response_label>
            </render_choice>
          </response_lid>
        </presentation>
        <resprocessing>
          <outcomes>
            <decvar maxvalue="100" minvalue="0" varname="SCORE" vartype="Decimal"/>
          </outcomes>
          <respcondition continue="No">
            <conditionvar>
              <varequal respident="response1">text2qti_choice_4596aab1893d761acb1fdafc528f22e4b49c20e73714f9786accd4154ed49a9c</varequal>
            </conditionvar>
            <setvar action="Set" varname="SCORE">100</setvar>
          </respcondition>
        </resprocessing>
      </item>
      <item ident="text2qti_question_da398b877301f486b5451a36f885c40b7dddbd473cd4a7c314f11c246bbe4f5d" title="Question">
        <itemmetadata>
          <qtimetadata>
            <qtimetadatafield>
              <fieldlabel>question_type</fieldlabel>
              <fieldentry>multiple_choice_question</fieldentry>
            </qtimetadatafield>
            <qtimetadatafield>
              <fieldlabel>points_possible</fieldlabel>
              <fieldentry>1</fieldentry>
            </qtimetadatafield>
            <qtimetadatafield>
              <fieldlabel>original_answer_ids</fieldlabel>
              <fieldentry>text2qti_choice_ae560948be0f3fd4c78f192036f15908992f7e6a326fdf12600212871e4d8f05,text2qti_choice_cee7de0d8bd43a498f31b93779b485837457be3e4631f8184dc1a922466c5269,text2qti_choice_f15c8032602d9bd9e3b219bd489c8ec437cea7c95efeb7fd70fe21049c461334,text2qti_choice_e6203891618817bd83d01f65d79a9ab450c868f34fd0f7dbfd38fa41102790fc</fieldentry>
            </qtimetadatafield>
            <qtimetadatafield>
              <fieldlabel>assessment_question_identifierref</fieldlabel>
              <fieldentry>text2qti_question_ref_da398b877301f486b5451a36f885c40b7dddbd473cd4a7c314f11c246bbe4f5d</fieldentry>
            </qtimetadatafield>
          </qtimetadata>
        </itemmetadata>
        <presentation>
          <material>
            <mattext texttype="text/html">&lt;p&gt;What will be the output of the following PHP code?2&lt;/p&gt;</mattext>
          </material>
          <response_lid ident="response1" rcardinality="Single">
            <render_choice>
              <response_label ident="text2qti_choice_ae560948be0f3fd4c78f192036f15908992f7e6a326fdf12600212871e4d8f05">
                <material>
                  <mattext texttype="text/html">&lt;p&gt;BMW Mercedes Honda&lt;/p&gt;</mattext>
                </material>
              </response_label>
              <response_label ident="text2qti_choice_cee7de0d8bd43a498f31b93779b485837457be3e4631f8184dc1a922466c5269">
                <material>
                  <mattext texttype="text/html">&lt;p&gt;Honda Mercedes BMW&lt;/p&gt;</mattext>
                </material>
              </response_label>
              <response_label ident="text2qti_choice_f15c8032602d9bd9e3b219bd489c8ec437cea7c95efeb7fd70fe21049c461334">
                <material>
                  <mattext texttype="text/html">&lt;p&gt;SyntaxError&lt;/p&gt;</mattext>
                </material>
              </response_label>
              <response_label ident="text2qti_choice_e6203891618817bd83d01f65d79a9ab450c868f34fd0f7dbfd38fa41102790fc">
                <material>
                  <mattext texttype="text/html">&lt;p&gt;TypeError&lt;/p&gt;</mattext>
                </material>
              </response_label>
            </render_choice>
          </response_lid>
        </presentation>
        <resprocessing>
          <outcomes>
            <decvar maxvalue="100" minvalue="0" varname="SCORE" vartype="Decimal"/>
          </outcomes>
          <respcondition continue="No">
            <conditionvar>
              <varequal respident="response1">text2qti_choice_ae560948be0f3fd4c78f192036f15908992f7e6a326fdf12600212871e4d8f05</varequal>
            </conditionvar>
            <setvar action="Set" varname="SCORE">100</setvar>
          </respcondition>
        </resprocessing>
      </item>
      <item ident="text2qti_question_54426afd309b6e523cc422a08b45a1e8ac479638532c556d5a3c03d6db9cd36b" title="Question">
        <itemmetadata>
          <qtimetadata>
            <qtimetadatafield>
              <fieldlabel>question_type</fieldlabel>
              <fieldentry>multiple_choice_question</fieldentry>
            </qtimetadatafield>
            <qtimetadatafield>
              <fieldlabel>points_possible</fieldlabel>
              <fieldentry>1</fieldentry>
            </qtimetadatafield>
            <qtimetadatafield>
              <fieldlabel>original_answer_ids</fieldlabel>
              <fieldentry>text2qti_choice_ad70ad6b74f29b1725153a60d3d29b8c502af7f27e9cb4c035456f3f02587afb,text2qti_choice_6dde8d327ba8d68eda82774cfdfc19dc500368815add054240540a32adeaa850,text2qti_choice_97fbf4d207789260c3dfae2f9a4be521aca69984f9cbd50d729fcbbb979be613,text2qti_choice_2fa3b07d06be61927af82b65a0bde707a90c097078d2662c62f2ab0658da0956</fieldentry>
            </qtimetadatafield>
            <qtimetadatafield>
              <fieldlabel>assessment_question_identifierref</fieldlabel>
              <fieldentry>text2qti_question_ref_54426afd309b6e523cc422a08b45a1e8ac479638532c556d5a3c03d6db9cd36b</fieldentry>
            </qtimetadatafield>
          </qtimetadata>
        </itemmetadata>
        <presentation>
          <material>
            <mattext texttype="text/html">&lt;p&gt;Which PHP statement is used to jump out of a loop?&lt;/p&gt;</mattext>
          </material>
          <response_lid ident="response1" rcardinality="Single">
            <render_choice>
              <response_label ident="text2qti_choice_ad70ad6b74f29b1725153a60d3d29b8c502af7f27e9cb4c035456f3f02587afb">
                <material>
                  <mattext texttype="text/html">&lt;p&gt;exit&lt;/p&gt;</mattext>
                </material>
              </response_label>
              <response_label ident="text2qti_choice_6dde8d327ba8d68eda82774cfdfc19dc500368815add054240540a32adeaa850">
                <material>
                  <mattext texttype="text/html">&lt;p&gt;break&lt;/p&gt;</mattext>
                </material>
              </response_label>
              <response_label ident="text2qti_choice_97fbf4d207789260c3dfae2f9a4be521aca69984f9cbd50d729fcbbb979be613">
                <material>
                  <mattext texttype="text/html">&lt;p&gt;continue&lt;/p&gt;</mattext>
                </material>
              </response_label>
              <response_label ident="text2qti_choice_2fa3b07d06be61927af82b65a0bde707a90c097078d2662c62f2ab0658da0956">
                <material>
                  <mattext texttype="text/html">&lt;p&gt;stop&lt;/p&gt;</mattext>
                </material>
              </response_label>
            </render_choice>
          </response_lid>
        </presentation>
        <resprocessing>
          <outcomes>
            <decvar maxvalue="100" minvalue="0" varname="SCORE" vartype="Decimal"/>
          </outcomes>
          <respcondition continue="No">
            <conditionvar>
              <varequal respident="response1">text2qti_choice_6dde8d327ba8d68eda82774cfdfc19dc500368815add054240540a32adeaa850</varequal>
            </conditionvar>
            <setvar action="Set" varname="SCORE">100</setvar>
          </respcondition>
        </resprocessing>
      </item>
      <item ident="text2qti_question_992ff9f6fd41d460fdb3663c683f67ae05b8787d901a20b0c69bd8f4bf11468a" title="Question">
        <itemmetadata>
          <qtimetadata>
            <qtimetadatafield>
              <fieldlabel>question_type</fieldlabel>
              <fieldentry>multiple_choice_question</fieldentry>
            </qtimetadatafield>
            <qtimetadatafield>
              <fieldlabel>points_possible</fieldlabel>
              <fieldentry>1</fieldentry>
            </qtimetadatafield>
            <qtimetadatafield>
              <fieldlabel>original_answer_ids</fieldlabel>
              <fieldentry>text2qti_choice_7559f9aad4d5810e6da5d8d0ef3db8798532ffd81f123dd0d507194fdbf03cc9,text2qti_choice_8bd71cd0a24a4791514d44a2b988b1a189ab55b829c7fc248e78ce8332f7d930,text2qti_choice_d51d1a29f37608df27e46a1ac21ff29bb4c80b813db5b3a8d3041aa07a527a09,text2qti_choice_781b85be0eccc850eb7876709e9cd67b3a6ee0c85b9f832c5fc90c5b186ba950</fieldentry>
            </qtimetadatafield>
            <qtimetadatafield>
              <fieldlabel>assessment_question_identifierref</fieldlabel>
              <fieldentry>text2qti_question_ref_992ff9f6fd41d460fdb3663c683f67ae05b8787d901a20b0c69bd8f4bf11468a</fieldentry>
            </qtimetadatafield>
          </qtimetadata>
        </itemmetadata>
        <presentation>
          <material>
            <mattext texttype="text/html">&lt;p&gt;What is the use of PHP &amp;ldquo;continue&amp;rdquo; statement?&lt;/p&gt;</mattext>
          </material>
          <response_lid ident="response1" rcardinality="Single">
            <render_choice>
              <response_label ident="text2qti_choice_7559f9aad4d5810e6da5d8d0ef3db8798532ffd81f123dd0d507194fdbf03cc9">
                <material>
                  <mattext texttype="text/html">&lt;p&gt;breaks the loop and transfers the control to the statement written just after the loop body&lt;/p&gt;</mattext>
                </material>
              </response_label>
              <response_label ident="text2qti_choice_8bd71cd0a24a4791514d44a2b988b1a189ab55b829c7fc248e78ce8332f7d930">
                <material>
                  <mattext texttype="text/html">&lt;p&gt;breaks the all loop statement (outer loops and inner loops)&lt;/p&gt;</mattext>
                </material>
              </response_label>
              <response_label ident="text2qti_choice_d51d1a29f37608df27e46a1ac21ff29bb4c80b813db5b3a8d3041aa07a527a09">
                <material>
                  <mattext texttype="text/html">&lt;p&gt;breaks one iteration of the loop and transfers the control to the next loop iteration&lt;/p&gt;</mattext>
                </material>
              </response_label>
              <response_label ident="text2qti_choice_781b85be0eccc850eb7876709e9cd67b3a6ee0c85b9f832c5fc90c5b186ba950">
                <material>
                  <mattext texttype="text/html">&lt;p&gt;All of the above&lt;/p&gt;</mattext>
                </material>
              </response_label>
            </render_choice>
          </response_lid>
        </presentation>
        <resprocessing>
          <outcomes>
            <decvar maxvalue="100" minvalue="0" varname="SCORE" vartype="Decimal"/>
          </outcomes>
          <respcondition continue="No">
            <conditionvar>
              <varequal respident="response1">text2qti_choice_d51d1a29f37608df27e46a1ac21ff29bb4c80b813db5b3a8d3041aa07a527a09</varequal>
            </conditionvar>
            <setvar action="Set" varname="SCORE">100</setvar>
          </respcondition>
        </resprocessing>
      </item>
      <item ident="text2qti_question_908417a1cdf75835e8fae76a1c5491c49b304fcd03acc446465e1a36f959b764" title="Question">
        <itemmetadata>
          <qtimetadata>
            <qtimetadatafield>
              <fieldlabel>question_type</fieldlabel>
              <fieldentry>multiple_choice_question</fieldentry>
            </qtimetadatafield>
            <qtimetadatafield>
              <fieldlabel>points_possible</fieldlabel>
              <fieldentry>1</fieldentry>
            </qtimetadatafield>
            <qtimetadatafield>
              <fieldlabel>original_answer_ids</fieldlabel>
              <fieldentry>text2qti_choice_66f65a7fde35fa7821a8652e26efb7f3b263adb6d09b26191d3cf9076f294d12,text2qti_choice_3378c956382d850f21884ce5a72fe711dfec41d5b15a31f278b74cb9b3033d98,text2qti_choice_6a780c4659f1e608f54fb06c18466de00cea200a23d9e1c67108b0e1b17ec962,text2qti_choice_375660372c64e6ab619448bb58a6803f232d3835c1423fbeed380d888c27ead8</fieldentry>
            </qtimetadatafield>
            <qtimetadatafield>
              <fieldlabel>assessment_question_identifierref</fieldlabel>
              <fieldentry>text2qti_question_ref_908417a1cdf75835e8fae76a1c5491c49b304fcd03acc446465e1a36f959b764</fieldentry>
            </qtimetadatafield>
          </qtimetadata>
        </itemmetadata>
        <presentation>
          <material>
            <mattext texttype="text/html">&lt;p&gt;What will be the output of the following PHP code?3&lt;/p&gt;</mattext>
          </material>
          <response_lid ident="response1" rcardinality="Single">
            <render_choice>
              <response_label ident="text2qti_choice_66f65a7fde35fa7821a8652e26efb7f3b263adb6d09b26191d3cf9076f294d12">
                <material>
                  <mattext texttype="text/html">&lt;p&gt;1 2 3 4 5 7 8 9 10&lt;/p&gt;</mattext>
                </material>
              </response_label>
              <response_label ident="text2qti_choice_3378c956382d850f21884ce5a72fe711dfec41d5b15a31f278b74cb9b3033d98">
                <material>
                  <mattext texttype="text/html">&lt;p&gt;1 2 3 4 5 6 7 8 9 10&lt;/p&gt;</mattext>
                </material>
              </response_label>
              <response_label ident="text2qti_choice_6a780c4659f1e608f54fb06c18466de00cea200a23d9e1c67108b0e1b17ec962">
                <material>
                  <mattext texttype="text/html">&lt;p&gt;1 2 3 4 5 6&lt;/p&gt;</mattext>
                </material>
              </response_label>
              <response_label ident="text2qti_choice_375660372c64e6ab619448bb58a6803f232d3835c1423fbeed380d888c27ead8">
                <material>
                  <mattext texttype="text/html">&lt;p&gt;1 2 3 4 5&lt;/p&gt;</mattext>
                </material>
              </response_label>
            </render_choice>
          </response_lid>
        </presentation>
        <resprocessing>
          <outcomes>
            <decvar maxvalue="100" minvalue="0" varname="SCORE" vartype="Decimal"/>
          </outcomes>
          <respcondition continue="No">
            <conditionvar>
              <varequal respident="response1">text2qti_choice_66f65a7fde35fa7821a8652e26efb7f3b263adb6d09b26191d3cf9076f294d12</varequal>
            </conditionvar>
            <setvar action="Set" varname="SCORE">100</setvar>
          </respcondition>
        </resprocessing>
      </item>
      <item ident="text2qti_question_06c66d7dd4074de6f8633f659846079266fc1b33fc068e69aca1896d194fa5a1" title="Question">
        <itemmetadata>
          <qtimetadata>
            <qtimetadatafield>
              <fieldlabel>question_type</fieldlabel>
              <fieldentry>multiple_choice_question</fieldentry>
            </qtimetadatafield>
            <qtimetadatafield>
              <fieldlabel>points_possible</fieldlabel>
              <fieldentry>1</fieldentry>
            </qtimetadatafield>
            <qtimetadatafield>
              <fieldlabel>original_answer_ids</fieldlabel>
              <fieldentry>text2qti_choice_03a6d69ae1ce3d612fdbe50494ddc57dc9c59b7cfd5d539485ffe52d7423a6f9,text2qti_choice_5671e298a89faa981164b84a75b97d34c456fe378e0647cdcbf0b8f531aedfee</fieldentry>
            </qtimetadatafield>
            <qtimetadatafield>
              <fieldlabel>assessment_question_identifierref</fieldlabel>
              <fieldentry>text2qti_question_ref_06c66d7dd4074de6f8633f659846079266fc1b33fc068e69aca1896d194fa5a1</fieldentry>
            </qtimetadatafield>
          </qtimetadata>
        </itemmetadata>
        <presentation>
          <material>
            <mattext texttype="text/html">&lt;p&gt;The &amp;ldquo;break&amp;rdquo; statement is used in switch and loop statements, can the &amp;ldquo;continue&amp;rdquo; statement be used in the switch statement instead of the &amp;ldquo;break&amp;rdquo; statement?&lt;/p&gt;</mattext>
          </material>
          <response_lid ident="response1" rcardinality="Single">
            <render_choice>
              <response_label ident="text2qti_choice_03a6d69ae1ce3d612fdbe50494ddc57dc9c59b7cfd5d539485ffe52d7423a6f9">
                <material>
                  <mattext texttype="text/html">&lt;p&gt;Yes&lt;/p&gt;</mattext>
                </material>
              </response_label>
              <response_label ident="text2qti_choice_5671e298a89faa981164b84a75b97d34c456fe378e0647cdcbf0b8f531aedfee">
                <material>
                  <mattext texttype="text/html">&lt;p&gt;No&lt;/p&gt;</mattext>
                </material>
              </response_label>
            </render_choice>
          </response_lid>
        </presentation>
        <resprocessing>
          <outcomes>
            <decvar maxvalue="100" minvalue="0" varname="SCORE" vartype="Decimal"/>
          </outcomes>
          <respcondition continue="No">
            <conditionvar>
              <varequal respident="response1">text2qti_choice_5671e298a89faa981164b84a75b97d34c456fe378e0647cdcbf0b8f531aedfee</varequal>
            </conditionvar>
            <setvar action="Set" varname="SCORE">100</setvar>
          </respcondition>
        </resprocessing>
      </item>
      <item ident="text2qti_question_e20ceddda78fee9d00db50e6c0c2134d4e901cf5d9d64ad2ac7f249fd67d01fc" title="Question">
        <itemmetadata>
          <qtimetadata>
            <qtimetadatafield>
              <fieldlabel>question_type</fieldlabel>
              <fieldentry>multiple_choice_question</fieldentry>
            </qtimetadatafield>
            <qtimetadatafield>
              <fieldlabel>points_possible</fieldlabel>
              <fieldentry>1</fieldentry>
            </qtimetadatafield>
            <qtimetadatafield>
              <fieldlabel>original_answer_ids</fieldlabel>
              <fieldentry>text2qti_choice_5f5b2ff7a02d0fe31bcf181fe534418ad3b69d7a624417c129a53b8971cf28d3,text2qti_choice_82e64525ff3cab232cde6bd080b97c9ddae02f0ed1c9ffa0782d4e05ec441c83,text2qti_choice_56363e632d6904a90769cf15867a9fa3791b2eaa0d6469ef7bddb331e41b1f8b,text2qti_choice_00020fb39a71d56f571b3933b4ceca09ad06276cfa0a7d6a4af36f422d93ea74</fieldentry>
            </qtimetadatafield>
            <qtimetadatafield>
              <fieldlabel>assessment_question_identifierref</fieldlabel>
              <fieldentry>text2qti_question_ref_e20ceddda78fee9d00db50e6c0c2134d4e901cf5d9d64ad2ac7f249fd67d01fc</fieldentry>
            </qtimetadatafield>
          </qtimetadata>
        </itemmetadata>
        <presentation>
          <material>
            <mattext texttype="text/html">&lt;p&gt;What will be the output of the following PHP code?4&lt;/p&gt;</mattext>
          </material>
          <response_lid ident="response1" rcardinality="Single">
            <render_choice>
              <response_label ident="text2qti_choice_5f5b2ff7a02d0fe31bcf181fe534418ad3b69d7a624417c129a53b8971cf28d3">
                <material>
                  <mattext texttype="text/html">&lt;p&gt;Infinite loop&lt;/p&gt;</mattext>
                </material>
              </response_label>
              <response_label ident="text2qti_choice_82e64525ff3cab232cde6bd080b97c9ddae02f0ed1c9ffa0782d4e05ec441c83">
                <material>
                  <mattext texttype="text/html">&lt;p&gt;Error&lt;/p&gt;</mattext>
                </material>
              </response_label>
              <response_label ident="text2qti_choice_56363e632d6904a90769cf15867a9fa3791b2eaa0d6469ef7bddb331e41b1f8b">
                <material>
                  <mattext texttype="text/html">&lt;p&gt;10, 11,&lt;/p&gt;</mattext>
                </material>
              </response_label>
              <response_label ident="text2qti_choice_00020fb39a71d56f571b3933b4ceca09ad06276cfa0a7d6a4af36f422d93ea74">
                <material>
                  <mattext texttype="text/html">&lt;p&gt;No output&lt;/p&gt;</mattext>
                </material>
              </response_label>
            </render_choice>
          </response_lid>
        </presentation>
        <resprocessing>
          <outcomes>
            <decvar maxvalue="100" minvalue="0" varname="SCORE" vartype="Decimal"/>
          </outcomes>
          <respcondition continue="No">
            <conditionvar>
              <varequal respident="response1">text2qti_choice_00020fb39a71d56f571b3933b4ceca09ad06276cfa0a7d6a4af36f422d93ea74</varequal>
            </conditionvar>
            <setvar action="Set" varname="SCORE">100</setvar>
          </respcondition>
        </resprocessing>
      </item>
      <item ident="text2qti_question_5c5f5d6b70b5a473f64ea4c08a6d53dbc8ba102592d179f954873abc58996e5c" title="Question">
        <itemmetadata>
          <qtimetadata>
            <qtimetadatafield>
              <fieldlabel>question_type</fieldlabel>
              <fieldentry>multiple_choice_question</fieldentry>
            </qtimetadatafield>
            <qtimetadatafield>
              <fieldlabel>points_possible</fieldlabel>
              <fieldentry>1</fieldentry>
            </qtimetadatafield>
            <qtimetadatafield>
              <fieldlabel>original_answer_ids</fieldlabel>
              <fieldentry>text2qti_choice_e05ba51158c7c89a44c8e28459e7e69ffccbfdc99a5656b3597c28e753ebd1b3,text2qti_choice_7766bb7775780b5c4586477ce0e40d267cb61001d00f4449f0560ceb8fbe0795,text2qti_choice_4d4e44ea297b703499e6e142dca4b8398c9ed2c56e9f90d79a2d2614aeba279d,text2qti_choice_149c6d61d2d91aa651f2a0ae06b48aa9d4f0b4919accb5bfbab28086e4f9659c</fieldentry>
            </qtimetadatafield>
            <qtimetadatafield>
              <fieldlabel>assessment_question_identifierref</fieldlabel>
              <fieldentry>text2qti_question_ref_5c5f5d6b70b5a473f64ea4c08a6d53dbc8ba102592d179f954873abc58996e5c</fieldentry>
            </qtimetadatafield>
          </qtimetadata>
        </itemmetadata>
        <presentation>
          <material>
            <mattext texttype="text/html">&lt;p&gt;Which keyword is used to define a function in PHP?&lt;/p&gt;</mattext>
          </material>
          <response_lid ident="response1" rcardinality="Single">
            <render_choice>
              <response_label ident="text2qti_choice_e05ba51158c7c89a44c8e28459e7e69ffccbfdc99a5656b3597c28e753ebd1b3">
                <material>
                  <mattext texttype="text/html">&lt;p&gt;def&lt;/p&gt;</mattext>
                </material>
              </response_label>
              <response_label ident="text2qti_choice_7766bb7775780b5c4586477ce0e40d267cb61001d00f4449f0560ceb8fbe0795">
                <material>
                  <mattext texttype="text/html">&lt;p&gt;fun&lt;/p&gt;</mattext>
                </material>
              </response_label>
              <response_label ident="text2qti_choice_4d4e44ea297b703499e6e142dca4b8398c9ed2c56e9f90d79a2d2614aeba279d">
                <material>
                  <mattext texttype="text/html">&lt;p&gt;func&lt;/p&gt;</mattext>
                </material>
              </response_label>
              <response_label ident="text2qti_choice_149c6d61d2d91aa651f2a0ae06b48aa9d4f0b4919accb5bfbab28086e4f9659c">
                <material>
                  <mattext texttype="text/html">&lt;p&gt;function&lt;/p&gt;</mattext>
                </material>
              </response_label>
            </render_choice>
          </response_lid>
        </presentation>
        <resprocessing>
          <outcomes>
            <decvar maxvalue="100" minvalue="0" varname="SCORE" vartype="Decimal"/>
          </outcomes>
          <respcondition continue="No">
            <conditionvar>
              <varequal respident="response1">text2qti_choice_149c6d61d2d91aa651f2a0ae06b48aa9d4f0b4919accb5bfbab28086e4f9659c</varequal>
            </conditionvar>
            <setvar action="Set" varname="SCORE">100</setvar>
          </respcondition>
        </resprocessing>
      </item>
      <item ident="text2qti_question_89a1ab4e0a00b54da69cdcbdd8fe90b4f14b18d93722f3da212b5cd303755474" title="Question">
        <itemmetadata>
          <qtimetadata>
            <qtimetadatafield>
              <fieldlabel>question_type</fieldlabel>
              <fieldentry>multiple_choice_question</fieldentry>
            </qtimetadatafield>
            <qtimetadatafield>
              <fieldlabel>points_possible</fieldlabel>
              <fieldentry>1</fieldentry>
            </qtimetadatafield>
            <qtimetadatafield>
              <fieldlabel>original_answer_ids</fieldlabel>
              <fieldentry>text2qti_choice_5931ded47fae0891cfc7da9af9b8b5d784e49e9af70fbd35b21137c49c8bde97,text2qti_choice_2fcf81dd8b4756ff4f201d9e49c29c246931f757c6d07f9fae2a6ba217f55a3e</fieldentry>
            </qtimetadatafield>
            <qtimetadatafield>
              <fieldlabel>assessment_question_identifierref</fieldlabel>
              <fieldentry>text2qti_question_ref_89a1ab4e0a00b54da69cdcbdd8fe90b4f14b18d93722f3da212b5cd303755474</fieldentry>
            </qtimetadatafield>
          </qtimetadata>
        </itemmetadata>
        <presentation>
          <material>
            <mattext texttype="text/html">&lt;p&gt;The PHP function names are case-sensitive?&lt;/p&gt;</mattext>
          </material>
          <response_lid ident="response1" rcardinality="Single">
            <render_choice>
              <response_label ident="text2qti_choice_5931ded47fae0891cfc7da9af9b8b5d784e49e9af70fbd35b21137c49c8bde97">
                <material>
                  <mattext texttype="text/html">&lt;p&gt;Yes&lt;/p&gt;</mattext>
                </material>
              </response_label>
              <response_label ident="text2qti_choice_2fcf81dd8b4756ff4f201d9e49c29c246931f757c6d07f9fae2a6ba217f55a3e">
                <material>
                  <mattext texttype="text/html">&lt;p&gt;No&lt;/p&gt;</mattext>
                </material>
              </response_label>
            </render_choice>
          </response_lid>
        </presentation>
        <resprocessing>
          <outcomes>
            <decvar maxvalue="100" minvalue="0" varname="SCORE" vartype="Decimal"/>
          </outcomes>
          <respcondition continue="No">
            <conditionvar>
              <varequal respident="response1">text2qti_choice_5931ded47fae0891cfc7da9af9b8b5d784e49e9af70fbd35b21137c49c8bde97</varequal>
            </conditionvar>
            <setvar action="Set" varname="SCORE">100</setvar>
          </respcondition>
        </resprocessing>
      </item>
    </section>
  </assessment>
</questestinterop>
