<?xml version="1.0" encoding="UTF-8"?>
<questestinterop xmlns="http://www.imsglobal.org/xsd/ims_qtiasiv1p2" xmlns:xsi="http://www.w3.org/2001/XMLSchema-instance" xsi:schemaLocation="http://www.imsglobal.org/xsd/ims_qtiasiv1p2 http://www.imsglobal.org/xsd/ims_qtiasiv1p2p1.xsd">
  <assessment ident="text2qti_assessment_16ea0b779eabc405ba2ce495d6e70ee22012666597617cdf81c08f1ad1f23f59" title="Javasctipt MCQ">
    <qtimetadata>
      <qtimetadatafield>
        <fieldlabel>cc_maxattempts</fieldlabel>
        <fieldentry>1</fieldentry>
      </qtimetadatafield>
    </qtimetadata>
    <section ident="root_section">
      <item ident="text2qti_question_e61fce29fad6760b4b04b98df75e5e4effc8367bc405949214d5d6ff13367fc3" title="Question">
        <itemmetadata>
          <qtimetadata>
            <qtimetadatafield>
              <fieldlabel>question_type</fieldlabel>
              <fieldentry>multiple_choice_question</fieldentry>
            </qtimetadatafield>
            <qtimetadatafield>
              <fieldlabel>points_possible</fieldlabel>
              <fieldentry>1</fieldentry>
            </qtimetadatafield>
            <qtimetadatafield>
              <fieldlabel>original_answer_ids</fieldlabel>
              <fieldentry>text2qti_choice_4845752d514c83d757660f83e5047a99ff27464070b0030694b254cfc437b799,text2qti_choice_b615bf60f441b0d3d7e2bfd4e2a8198bc1af9f792d035ec81f0ae5882ef40249,text2qti_choice_83214779c55c4c61f4402e3e9b6e6813cc351164cd988ce87895f3e2bd5c66bf,text2qti_choice_68c65fe06c4dab55f4e95306319c8f95d8032b1a7d061fce3d6ee6cab6f63589</fieldentry>
            </qtimetadatafield>
            <qtimetadatafield>
              <fieldlabel>assessment_question_identifierref</fieldlabel>
              <fieldentry>text2qti_question_ref_e61fce29fad6760b4b04b98df75e5e4effc8367bc405949214d5d6ff13367fc3</fieldentry>
            </qtimetadatafield>
          </qtimetadata>
        </itemmetadata>
        <presentation>
          <material>
            <mattext texttype="text/html">&lt;p&gt;The &amp;ldquo;var&amp;rdquo; and &amp;ldquo;function&amp;rdquo; are known as &lt;strong&gt;&lt;em&gt;_&lt;/em&gt;&lt;/strong&gt;______.&lt;/p&gt;</mattext>
          </material>
          <response_lid ident="response1" rcardinality="Single">
            <render_choice>
              <response_label ident="text2qti_choice_4845752d514c83d757660f83e5047a99ff27464070b0030694b254cfc437b799">
                <material>
                  <mattext texttype="text/html">&lt;p&gt;Data types&lt;/p&gt;</mattext>
                </material>
              </response_label>
              <response_label ident="text2qti_choice_b615bf60f441b0d3d7e2bfd4e2a8198bc1af9f792d035ec81f0ae5882ef40249">
                <material>
                  <mattext texttype="text/html">&lt;p&gt;Keywords&lt;/p&gt;</mattext>
                </material>
              </response_label>
              <response_label ident="text2qti_choice_83214779c55c4c61f4402e3e9b6e6813cc351164cd988ce87895f3e2bd5c66bf">
                <material>
                  <mattext texttype="text/html">&lt;p&gt;Prototypes&lt;/p&gt;</mattext>
                </material>
              </response_label>
              <response_label ident="text2qti_choice_68c65fe06c4dab55f4e95306319c8f95d8032b1a7d061fce3d6ee6cab6f63589">
                <material>
                  <mattext texttype="text/html">&lt;p&gt;Declaration statements&lt;/p&gt;</mattext>
                </material>
              </response_label>
            </render_choice>
          </response_lid>
        </presentation>
        <resprocessing>
          <outcomes>
            <decvar maxvalue="100" minvalue="0" varname="SCORE" vartype="Decimal"/>
          </outcomes>
          <respcondition continue="No">
            <conditionvar>
              <varequal respident="response1">text2qti_choice_68c65fe06c4dab55f4e95306319c8f95d8032b1a7d061fce3d6ee6cab6f63589</varequal>
            </conditionvar>
            <setvar action="Set" varname="SCORE">100</setvar>
          </respcondition>
        </resprocessing>
      </item>
      <item ident="text2qti_question_7e915190bfde8ec82a9655e5bc29900f4a82a6d9a45c73ba102f38e5d07481aa" title="Question">
        <itemmetadata>
          <qtimetadata>
            <qtimetadatafield>
              <fieldlabel>question_type</fieldlabel>
              <fieldentry>multiple_choice_question</fieldentry>
            </qtimetadatafield>
            <qtimetadatafield>
              <fieldlabel>points_possible</fieldlabel>
              <fieldentry>1</fieldentry>
            </qtimetadatafield>
            <qtimetadatafield>
              <fieldlabel>original_answer_ids</fieldlabel>
              <fieldentry>text2qti_choice_6626cd0112a5b5ba93babb8768ead3af63544434a20ccc2f9a0b21224d7f24c3,text2qti_choice_c201c366c7dd1f8b7cd58d0acf32006c3c275611149e96e417324d2f70aea80a,text2qti_choice_7dcc14cbf263e14379884455c1e9409bbf7d4cb01160e4c0f0dd5cc252c67f42,text2qti_choice_c4e631f0397d66574871ef8c27b1d6d08c8278be9cf06f59fea0a37d6327b013</fieldentry>
            </qtimetadatafield>
            <qtimetadatafield>
              <fieldlabel>assessment_question_identifierref</fieldlabel>
              <fieldentry>text2qti_question_ref_7e915190bfde8ec82a9655e5bc29900f4a82a6d9a45c73ba102f38e5d07481aa</fieldentry>
            </qtimetadatafield>
          </qtimetadata>
        </itemmetadata>
        <presentation>
          <material>
            <mattext texttype="text/html">&lt;p&gt;Which of these is the correct way in which we can call the JavaScript code?&lt;/p&gt;</mattext>
          </material>
          <response_lid ident="response1" rcardinality="Single">
            <render_choice>
              <response_label ident="text2qti_choice_6626cd0112a5b5ba93babb8768ead3af63544434a20ccc2f9a0b21224d7f24c3">
                <material>
                  <mattext texttype="text/html">&lt;p&gt;Triggering Event&lt;/p&gt;</mattext>
                </material>
              </response_label>
              <response_label ident="text2qti_choice_c201c366c7dd1f8b7cd58d0acf32006c3c275611149e96e417324d2f70aea80a">
                <material>
                  <mattext texttype="text/html">&lt;p&gt;Preprocessor&lt;/p&gt;</mattext>
                </material>
              </response_label>
              <response_label ident="text2qti_choice_7dcc14cbf263e14379884455c1e9409bbf7d4cb01160e4c0f0dd5cc252c67f42">
                <material>
                  <mattext texttype="text/html">&lt;p&gt;Function/Method&lt;/p&gt;</mattext>
                </material>
              </response_label>
              <response_label ident="text2qti_choice_c4e631f0397d66574871ef8c27b1d6d08c8278be9cf06f59fea0a37d6327b013">
                <material>
                  <mattext texttype="text/html">&lt;p&gt;RMI&lt;/p&gt;</mattext>
                </material>
              </response_label>
            </render_choice>
          </response_lid>
        </presentation>
        <resprocessing>
          <outcomes>
            <decvar maxvalue="100" minvalue="0" varname="SCORE" vartype="Decimal"/>
          </outcomes>
          <respcondition continue="No">
            <conditionvar>
              <varequal respident="response1">text2qti_choice_7dcc14cbf263e14379884455c1e9409bbf7d4cb01160e4c0f0dd5cc252c67f42</varequal>
            </conditionvar>
            <setvar action="Set" varname="SCORE">100</setvar>
          </respcondition>
        </resprocessing>
      </item>
      <item ident="text2qti_question_29b564dad0ecf4b4092b70bdab18dbe0a90d50ce28afca1267775233659bd16b" title="Question">
        <itemmetadata>
          <qtimetadata>
            <qtimetadatafield>
              <fieldlabel>question_type</fieldlabel>
              <fieldentry>multiple_choice_question</fieldentry>
            </qtimetadatafield>
            <qtimetadatafield>
              <fieldlabel>points_possible</fieldlabel>
              <fieldentry>1</fieldentry>
            </qtimetadatafield>
            <qtimetadatafield>
              <fieldlabel>original_answer_ids</fieldlabel>
              <fieldentry>text2qti_choice_987af9b0e2295da991c8e04cbb5480c7e5998ec52b08c2cde76dab0f114ca884,text2qti_choice_59357eb1d894b16f5e078e4b86f3763ed4e67abfa7992a757474727a54982ca3,text2qti_choice_35e70b06c58066088efb0bd56c6aae042f6f77ea7ff5a4146c5ef29027efb487,text2qti_choice_c16fcf158507369b8e83b61a70a108a75f25b479b724ad8ff810535851245e71</fieldentry>
            </qtimetadatafield>
            <qtimetadatafield>
              <fieldlabel>assessment_question_identifierref</fieldlabel>
              <fieldentry>text2qti_question_ref_29b564dad0ecf4b4092b70bdab18dbe0a90d50ce28afca1267775233659bd16b</fieldentry>
            </qtimetadatafield>
          </qtimetadata>
        </itemmetadata>
        <presentation>
          <material>
            <mattext texttype="text/html">&lt;p&gt;Which of these functions of the Number Object would format a number with different numbers of digits to the decimal’s right?&lt;/p&gt;</mattext>
          </material>
          <response_lid ident="response1" rcardinality="Single">
            <render_choice>
              <response_label ident="text2qti_choice_987af9b0e2295da991c8e04cbb5480c7e5998ec52b08c2cde76dab0f114ca884">
                <material>
                  <mattext texttype="text/html">&lt;p&gt;toFixed()&lt;/p&gt;</mattext>
                </material>
              </response_label>
              <response_label ident="text2qti_choice_59357eb1d894b16f5e078e4b86f3763ed4e67abfa7992a757474727a54982ca3">
                <material>
                  <mattext texttype="text/html">&lt;p&gt;toExponential()&lt;/p&gt;</mattext>
                </material>
              </response_label>
              <response_label ident="text2qti_choice_35e70b06c58066088efb0bd56c6aae042f6f77ea7ff5a4146c5ef29027efb487">
                <material>
                  <mattext texttype="text/html">&lt;p&gt;toLocaleString()&lt;/p&gt;</mattext>
                </material>
              </response_label>
              <response_label ident="text2qti_choice_c16fcf158507369b8e83b61a70a108a75f25b479b724ad8ff810535851245e71">
                <material>
                  <mattext texttype="text/html">&lt;p&gt;toPrecision()&lt;/p&gt;</mattext>
                </material>
              </response_label>
            </render_choice>
          </response_lid>
        </presentation>
        <resprocessing>
          <outcomes>
            <decvar maxvalue="100" minvalue="0" varname="SCORE" vartype="Decimal"/>
          </outcomes>
          <respcondition continue="No">
            <conditionvar>
              <varequal respident="response1">text2qti_choice_987af9b0e2295da991c8e04cbb5480c7e5998ec52b08c2cde76dab0f114ca884</varequal>
            </conditionvar>
            <setvar action="Set" varname="SCORE">100</setvar>
          </respcondition>
        </resprocessing>
      </item>
      <item ident="text2qti_question_24796a2235c9415f6aeb2ec43aba09a033022a4f2babd332e04f7bb2867131e0" title="Question">
        <itemmetadata>
          <qtimetadata>
            <qtimetadatafield>
              <fieldlabel>question_type</fieldlabel>
              <fieldentry>multiple_choice_question</fieldentry>
            </qtimetadatafield>
            <qtimetadatafield>
              <fieldlabel>points_possible</fieldlabel>
              <fieldentry>1</fieldentry>
            </qtimetadatafield>
            <qtimetadatafield>
              <fieldlabel>original_answer_ids</fieldlabel>
              <fieldentry>text2qti_choice_375602aaa336b6af010818aedc21c53eac1c78df0bf46fe8298b4beb4c72f116,text2qti_choice_9d3ea8a963cc34a001b368f45fce4681900469fba5e10f6bae14c71ffb04e4d9,text2qti_choice_7626baca9318c2ba562b1ce6129d18ef2c5e9565983c2a3225dcb813404e8a80,text2qti_choice_7b71b77b10c84e52703604e6f048a68d2f3791d9d5499bf5660f6b12ae56e974</fieldentry>
            </qtimetadatafield>
            <qtimetadatafield>
              <fieldlabel>assessment_question_identifierref</fieldlabel>
              <fieldentry>text2qti_question_ref_24796a2235c9415f6aeb2ec43aba09a033022a4f2babd332e04f7bb2867131e0</fieldentry>
            </qtimetadatafield>
          </qtimetadata>
        </itemmetadata>
        <presentation>
          <material>
            <mattext texttype="text/html">&lt;p&gt;Out of the following functions of the string object, which one would return the character in any string via the specified number of characters starting at a specified position?&lt;/p&gt;</mattext>
          </material>
          <response_lid ident="response1" rcardinality="Single">
            <render_choice>
              <response_label ident="text2qti_choice_375602aaa336b6af010818aedc21c53eac1c78df0bf46fe8298b4beb4c72f116">
                <material>
                  <mattext texttype="text/html">&lt;p&gt;search()&lt;/p&gt;</mattext>
                </material>
              </response_label>
              <response_label ident="text2qti_choice_9d3ea8a963cc34a001b368f45fce4681900469fba5e10f6bae14c71ffb04e4d9">
                <material>
                  <mattext texttype="text/html">&lt;p&gt;substr()&lt;/p&gt;</mattext>
                </material>
              </response_label>
              <response_label ident="text2qti_choice_7626baca9318c2ba562b1ce6129d18ef2c5e9565983c2a3225dcb813404e8a80">
                <material>
                  <mattext texttype="text/html">&lt;p&gt;split()&lt;/p&gt;</mattext>
                </material>
              </response_label>
              <response_label ident="text2qti_choice_7b71b77b10c84e52703604e6f048a68d2f3791d9d5499bf5660f6b12ae56e974">
                <material>
                  <mattext texttype="text/html">&lt;p&gt;slice()&lt;/p&gt;</mattext>
                </material>
              </response_label>
            </render_choice>
          </response_lid>
        </presentation>
        <resprocessing>
          <outcomes>
            <decvar maxvalue="100" minvalue="0" varname="SCORE" vartype="Decimal"/>
          </outcomes>
          <respcondition continue="No">
            <conditionvar>
              <varequal respident="response1">text2qti_choice_9d3ea8a963cc34a001b368f45fce4681900469fba5e10f6bae14c71ffb04e4d9</varequal>
            </conditionvar>
            <setvar action="Set" varname="SCORE">100</setvar>
          </respcondition>
        </resprocessing>
      </item>
      <item ident="text2qti_question_03353cf9b0a6a43fd08cdd2ada038b925c07831a4f2d4a3f386ad2768181810a" title="Question">
        <itemmetadata>
          <qtimetadata>
            <qtimetadatafield>
              <fieldlabel>question_type</fieldlabel>
              <fieldentry>multiple_choice_question</fieldentry>
            </qtimetadatafield>
            <qtimetadatafield>
              <fieldlabel>points_possible</fieldlabel>
              <fieldentry>1</fieldentry>
            </qtimetadatafield>
            <qtimetadatafield>
              <fieldlabel>original_answer_ids</fieldlabel>
              <fieldentry>text2qti_choice_d3627407c365658ef7ceebdc19a1c089c767b416dbb39ae5127da8aac4d66168,text2qti_choice_89e19d850a4a2210afb6916f22b8d1b40c887e75d932e33c9dbb11a8cb305568,text2qti_choice_d56890f81fd26595da2b389809f123758532ce33ff1302b3b7c8ab9091585e67,text2qti_choice_7f5dee0dade7e97cdf850fc01fdf6373d6758de6852a2200af5e36ff384c0254</fieldentry>
            </qtimetadatafield>
            <qtimetadatafield>
              <fieldlabel>assessment_question_identifierref</fieldlabel>
              <fieldentry>text2qti_question_ref_03353cf9b0a6a43fd08cdd2ada038b925c07831a4f2d4a3f386ad2768181810a</fieldentry>
            </qtimetadatafield>
          </qtimetadata>
        </itemmetadata>
        <presentation>
          <material>
            <mattext texttype="text/html">&lt;p&gt;Look at the snippets given below and check the one in which the variable &amp;ldquo;a&amp;rdquo; isn’t equal to the &amp;ldquo;NULL&amp;rdquo;.&lt;/p&gt;</mattext>
          </material>
          <response_lid ident="response1" rcardinality="Single">
            <render_choice>
              <response_label ident="text2qti_choice_d3627407c365658ef7ceebdc19a1c089c767b416dbb39ae5127da8aac4d66168">
                <material>
                  <mattext texttype="text/html">&lt;p&gt;if (a!)&lt;/p&gt;</mattext>
                </material>
              </response_label>
              <response_label ident="text2qti_choice_89e19d850a4a2210afb6916f22b8d1b40c887e75d932e33c9dbb11a8cb305568">
                <material>
                  <mattext texttype="text/html">&lt;p&gt;if(a!=null)&lt;/p&gt;</mattext>
                </material>
              </response_label>
              <response_label ident="text2qti_choice_d56890f81fd26595da2b389809f123758532ce33ff1302b3b7c8ab9091585e67">
                <material>
                  <mattext texttype="text/html">&lt;p&gt;if(a!==null)&lt;/p&gt;</mattext>
                </material>
              </response_label>
              <response_label ident="text2qti_choice_7f5dee0dade7e97cdf850fc01fdf6373d6758de6852a2200af5e36ff384c0254">
                <material>
                  <mattext texttype="text/html">&lt;p&gt;if(a!null)&lt;/p&gt;</mattext>
                </material>
              </response_label>
            </render_choice>
          </response_lid>
        </presentation>
        <resprocessing>
          <outcomes>
            <decvar maxvalue="100" minvalue="0" varname="SCORE" vartype="Decimal"/>
          </outcomes>
          <respcondition continue="No">
            <conditionvar>
              <varequal respident="response1">text2qti_choice_d56890f81fd26595da2b389809f123758532ce33ff1302b3b7c8ab9091585e67</varequal>
            </conditionvar>
            <setvar action="Set" varname="SCORE">100</setvar>
          </respcondition>
        </resprocessing>
      </item>
      <item ident="text2qti_question_2cf9521df062c9698ab8d8a837359e4f4e1cb82ac55d3e27b120529ea27e2bcd" title="Question">
        <itemmetadata>
          <qtimetadata>
            <qtimetadatafield>
              <fieldlabel>question_type</fieldlabel>
              <fieldentry>multiple_choice_question</fieldentry>
            </qtimetadatafield>
            <qtimetadatafield>
              <fieldlabel>points_possible</fieldlabel>
              <fieldentry>1</fieldentry>
            </qtimetadatafield>
            <qtimetadatafield>
              <fieldlabel>original_answer_ids</fieldlabel>
              <fieldentry>text2qti_choice_9eb71f3d1f264cf9940f4398466baffab7e682587633912f6a5be6ce63456d4a,text2qti_choice_aef9f283d5e296063da08e5fd76fecddc4edafaa06b5e19dadda451403b68638,text2qti_choice_962bed7fa6031910de1dec9c405e96dce4e09a8cfe5323c450ad15f640d0102c,text2qti_choice_63880e1f0b814e986183e4dca2b245ca81041d891d683f3a56b6e84a96392006</fieldentry>
            </qtimetadatafield>
            <qtimetadatafield>
              <fieldlabel>assessment_question_identifierref</fieldlabel>
              <fieldentry>text2qti_question_ref_2cf9521df062c9698ab8d8a837359e4f4e1cb82ac55d3e27b120529ea27e2bcd</fieldentry>
            </qtimetadatafield>
          </qtimetadata>
        </itemmetadata>
        <presentation>
          <material>
            <mattext texttype="text/html">&lt;p&gt;In JavaScript, what do we use for calling the expression for function definition?&lt;/p&gt;</mattext>
          </material>
          <response_lid ident="response1" rcardinality="Single">
            <render_choice>
              <response_label ident="text2qti_choice_9eb71f3d1f264cf9940f4398466baffab7e682587633912f6a5be6ce63456d4a">
                <material>
                  <mattext texttype="text/html">&lt;p&gt;Function literal&lt;/p&gt;</mattext>
                </material>
              </response_label>
              <response_label ident="text2qti_choice_aef9f283d5e296063da08e5fd76fecddc4edafaa06b5e19dadda451403b68638">
                <material>
                  <mattext texttype="text/html">&lt;p&gt;Function prototype&lt;/p&gt;</mattext>
                </material>
              </response_label>
              <response_label ident="text2qti_choice_962bed7fa6031910de1dec9c405e96dce4e09a8cfe5323c450ad15f640d0102c">
                <material>
                  <mattext texttype="text/html">&lt;p&gt;Function declaration&lt;/p&gt;</mattext>
                </material>
              </response_label>
              <response_label ident="text2qti_choice_63880e1f0b814e986183e4dca2b245ca81041d891d683f3a56b6e84a96392006">
                <material>
                  <mattext texttype="text/html">&lt;p&gt;Function calling&lt;/p&gt;</mattext>
                </material>
              </response_label>
            </render_choice>
          </response_lid>
        </presentation>
        <resprocessing>
          <outcomes>
            <decvar maxvalue="100" minvalue="0" varname="SCORE" vartype="Decimal"/>
          </outcomes>
          <respcondition continue="No">
            <conditionvar>
              <varequal respident="response1">text2qti_choice_9eb71f3d1f264cf9940f4398466baffab7e682587633912f6a5be6ce63456d4a</varequal>
            </conditionvar>
            <setvar action="Set" varname="SCORE">100</setvar>
          </respcondition>
        </resprocessing>
      </item>
      <item ident="text2qti_question_2e4c2b1a4c5d441871905b7c64808430617a37851c0233f4b176be5845ffb147" title="Question">
        <itemmetadata>
          <qtimetadata>
            <qtimetadatafield>
              <fieldlabel>question_type</fieldlabel>
              <fieldentry>multiple_choice_question</fieldentry>
            </qtimetadatafield>
            <qtimetadatafield>
              <fieldlabel>points_possible</fieldlabel>
              <fieldentry>1</fieldentry>
            </qtimetadatafield>
            <qtimetadatafield>
              <fieldlabel>original_answer_ids</fieldlabel>
              <fieldentry>text2qti_choice_e182e16f49125a2f6914bad57ec210c363aee887d5ccd55ca43eb97619f09ace,text2qti_choice_3f4d0411f470ac552598515271eb44eb1fa3168d09062e822335b2dfc3ecc4ed,text2qti_choice_fd0d205a5dc9c0b42fe0389d21aa3360e268feeec19462c3f97c201c9adb72a5,text2qti_choice_a52fa51d6940bfbed1c5f19d39dbb556896a457808254910121433ca843d6efe</fieldentry>
            </qtimetadatafield>
            <qtimetadatafield>
              <fieldlabel>assessment_question_identifierref</fieldlabel>
              <fieldentry>text2qti_question_ref_2e4c2b1a4c5d441871905b7c64808430617a37851c0233f4b176be5845ffb147</fieldentry>
            </qtimetadatafield>
          </qtimetadata>
        </itemmetadata>
        <presentation>
          <material>
            <mattext texttype="text/html">&lt;p&gt;Which of these is used in JavaScript for calling a method or a function?&lt;/p&gt;</mattext>
          </material>
          <response_lid ident="response1" rcardinality="Single">
            <render_choice>
              <response_label ident="text2qti_choice_e182e16f49125a2f6914bad57ec210c363aee887d5ccd55ca43eb97619f09ace">
                <material>
                  <mattext texttype="text/html">&lt;p&gt;Functional Expression&lt;/p&gt;</mattext>
                </material>
              </response_label>
              <response_label ident="text2qti_choice_3f4d0411f470ac552598515271eb44eb1fa3168d09062e822335b2dfc3ecc4ed">
                <material>
                  <mattext texttype="text/html">&lt;p&gt;Property Access Expression&lt;/p&gt;</mattext>
                </material>
              </response_label>
              <response_label ident="text2qti_choice_fd0d205a5dc9c0b42fe0389d21aa3360e268feeec19462c3f97c201c9adb72a5">
                <material>
                  <mattext texttype="text/html">&lt;p&gt;Primary Expression&lt;/p&gt;</mattext>
                </material>
              </response_label>
              <response_label ident="text2qti_choice_a52fa51d6940bfbed1c5f19d39dbb556896a457808254910121433ca843d6efe">
                <material>
                  <mattext texttype="text/html">&lt;p&gt;Invocation Expression&lt;/p&gt;</mattext>
                </material>
              </response_label>
            </render_choice>
          </response_lid>
        </presentation>
        <resprocessing>
          <outcomes>
            <decvar maxvalue="100" minvalue="0" varname="SCORE" vartype="Decimal"/>
          </outcomes>
          <respcondition continue="No">
            <conditionvar>
              <varequal respident="response1">text2qti_choice_a52fa51d6940bfbed1c5f19d39dbb556896a457808254910121433ca843d6efe</varequal>
            </conditionvar>
            <setvar action="Set" varname="SCORE">100</setvar>
          </respcondition>
        </resprocessing>
      </item>
      <item ident="text2qti_question_de03919207ffe73578ac0b65e754ba26967c4c5dda1646ab45045ad5e008066b" title="Question">
        <itemmetadata>
          <qtimetadata>
            <qtimetadatafield>
              <fieldlabel>question_type</fieldlabel>
              <fieldentry>multiple_choice_question</fieldentry>
            </qtimetadatafield>
            <qtimetadatafield>
              <fieldlabel>points_possible</fieldlabel>
              <fieldentry>1</fieldentry>
            </qtimetadatafield>
            <qtimetadatafield>
              <fieldlabel>original_answer_ids</fieldlabel>
              <fieldentry>text2qti_choice_9d6a7a69cb59881530194e42bad5df9b92417546ce36438c91e6587738dd54fb,text2qti_choice_032df2f130b40191d8daf62715f09b5e6f9d17354960f9080a9a4583cd354f87,text2qti_choice_8364427c019babb84bcb7f159b2be43c8be1b05b2358a1ff2a2e2a6e662b52d6,text2qti_choice_b9ac3b7e4a5e43dd1b3ce3945ef944beffbb4dae5eadf266b7aa426d49922f2e</fieldentry>
            </qtimetadatafield>
            <qtimetadatafield>
              <fieldlabel>assessment_question_identifierref</fieldlabel>
              <fieldentry>text2qti_question_ref_de03919207ffe73578ac0b65e754ba26967c4c5dda1646ab45045ad5e008066b</fieldentry>
            </qtimetadatafield>
          </qtimetadata>
        </itemmetadata>
        <presentation>
          <material>
            <mattext texttype="text/html">&lt;p&gt;Which of these operators are used for checking if a specific property exists?&lt;/p&gt;</mattext>
          </material>
          <response_lid ident="response1" rcardinality="Single">
            <render_choice>
              <response_label ident="text2qti_choice_9d6a7a69cb59881530194e42bad5df9b92417546ce36438c91e6587738dd54fb">
                <material>
                  <mattext texttype="text/html">&lt;p&gt;in&lt;/p&gt;</mattext>
                </material>
              </response_label>
              <response_label ident="text2qti_choice_032df2f130b40191d8daf62715f09b5e6f9d17354960f9080a9a4583cd354f87">
                <material>
                  <mattext texttype="text/html">&lt;p&gt;within&lt;/p&gt;</mattext>
                </material>
              </response_label>
              <response_label ident="text2qti_choice_8364427c019babb84bcb7f159b2be43c8be1b05b2358a1ff2a2e2a6e662b52d6">
                <material>
                  <mattext texttype="text/html">&lt;p&gt;exist&lt;/p&gt;</mattext>
                </material>
              </response_label>
              <response_label ident="text2qti_choice_b9ac3b7e4a5e43dd1b3ce3945ef944beffbb4dae5eadf266b7aa426d49922f2e">
                <material>
                  <mattext texttype="text/html">&lt;p&gt;exists&lt;/p&gt;</mattext>
                </material>
              </response_label>
            </render_choice>
          </response_lid>
        </presentation>
        <resprocessing>
          <outcomes>
            <decvar maxvalue="100" minvalue="0" varname="SCORE" vartype="Decimal"/>
          </outcomes>
          <respcondition continue="No">
            <conditionvar>
              <varequal respident="response1">text2qti_choice_9d6a7a69cb59881530194e42bad5df9b92417546ce36438c91e6587738dd54fb</varequal>
            </conditionvar>
            <setvar action="Set" varname="SCORE">100</setvar>
          </respcondition>
        </resprocessing>
      </item>
      <item ident="text2qti_question_e7305e0b3b1e221ec0bba8c6daf605ac261ab9d4cbdfa94c665bd1bb0f143c33" title="Question">
        <itemmetadata>
          <qtimetadata>
            <qtimetadatafield>
              <fieldlabel>question_type</fieldlabel>
              <fieldentry>multiple_choice_question</fieldentry>
            </qtimetadatafield>
            <qtimetadatafield>
              <fieldlabel>points_possible</fieldlabel>
              <fieldentry>1</fieldentry>
            </qtimetadatafield>
            <qtimetadatafield>
              <fieldlabel>original_answer_ids</fieldlabel>
              <fieldentry>text2qti_choice_7205d2e82f48ab99e16d5ab496ebdb68b504bec94e5e4f3022c1ac03e5153f1e,text2qti_choice_4b9c2902e51d9b0836d99b706aaf29fd8cab8964324b5d9c9b1e28214608750f,text2qti_choice_84e1c239b26492eb472161d7dcc5ba90cb453bf265cdcc5bdae38cd670610918,text2qti_choice_0aa4c2706865ac76a726a405243e1d64c4f4cb019a4c8ee4e08e077805a21b0e</fieldentry>
            </qtimetadatafield>
            <qtimetadatafield>
              <fieldlabel>assessment_question_identifierref</fieldlabel>
              <fieldentry>text2qti_question_ref_e7305e0b3b1e221ec0bba8c6daf605ac261ab9d4cbdfa94c665bd1bb0f143c33</fieldentry>
            </qtimetadatafield>
          </qtimetadata>
        </itemmetadata>
        <presentation>
          <material>
            <mattext texttype="text/html">&lt;p&gt;&amp;ldquo;The expression that can appear legally on an assignment expression’s left side&amp;rdquo; is a common explanation for variables, elements of arrays, and properties of objects. These are known as &lt;strong&gt;&lt;em&gt;_&lt;/em&gt;&lt;/strong&gt;___:&lt;/p&gt;</mattext>
          </material>
          <response_lid ident="response1" rcardinality="Single">
            <render_choice>
              <response_label ident="text2qti_choice_7205d2e82f48ab99e16d5ab496ebdb68b504bec94e5e4f3022c1ac03e5153f1e">
                <material>
                  <mattext texttype="text/html">&lt;p&gt;Prototypes&lt;/p&gt;</mattext>
                </material>
              </response_label>
              <response_label ident="text2qti_choice_4b9c2902e51d9b0836d99b706aaf29fd8cab8964324b5d9c9b1e28214608750f">
                <material>
                  <mattext texttype="text/html">&lt;p&gt;Properties&lt;/p&gt;</mattext>
                </material>
              </response_label>
              <response_label ident="text2qti_choice_84e1c239b26492eb472161d7dcc5ba90cb453bf265cdcc5bdae38cd670610918">
                <material>
                  <mattext texttype="text/html">&lt;p&gt;Lvalue&lt;/p&gt;</mattext>
                </material>
              </response_label>
              <response_label ident="text2qti_choice_0aa4c2706865ac76a726a405243e1d64c4f4cb019a4c8ee4e08e077805a21b0e">
                <material>
                  <mattext texttype="text/html">&lt;p&gt;Definition&lt;/p&gt;</mattext>
                </material>
              </response_label>
            </render_choice>
          </response_lid>
        </presentation>
        <resprocessing>
          <outcomes>
            <decvar maxvalue="100" minvalue="0" varname="SCORE" vartype="Decimal"/>
          </outcomes>
          <respcondition continue="No">
            <conditionvar>
              <varequal respident="response1">text2qti_choice_84e1c239b26492eb472161d7dcc5ba90cb453bf265cdcc5bdae38cd670610918</varequal>
            </conditionvar>
            <setvar action="Set" varname="SCORE">100</setvar>
          </respcondition>
        </resprocessing>
      </item>
      <item ident="text2qti_question_e93e5a38d84fcb9160ed738d1c75f271863dd123a8ebc1f1a204c648e494baa1" title="Question">
        <itemmetadata>
          <qtimetadata>
            <qtimetadatafield>
              <fieldlabel>question_type</fieldlabel>
              <fieldentry>multiple_choice_question</fieldentry>
            </qtimetadatafield>
            <qtimetadatafield>
              <fieldlabel>points_possible</fieldlabel>
              <fieldentry>1</fieldentry>
            </qtimetadatafield>
            <qtimetadatafield>
              <fieldlabel>original_answer_ids</fieldlabel>
              <fieldentry>text2qti_choice_042acfa2eb9a7ccafb9dc933f7b1a9ce49e158af82c2b5c4863557388748418e,text2qti_choice_b005be169c68898503666c441dcfef86d6745960ccdc5a9613a8cbd4c3e5db45,text2qti_choice_38a0557929c6881bd2b2e9bc3c3829f032af1c372684060a820e3967eaf25f12,text2qti_choice_cf5ba257ae9bc2a11cc8da8574af0d8981c0cc96f1e720ffc9b943a56d79374e</fieldentry>
            </qtimetadatafield>
            <qtimetadatafield>
              <fieldlabel>assessment_question_identifierref</fieldlabel>
              <fieldentry>text2qti_question_ref_e93e5a38d84fcb9160ed738d1c75f271863dd123a8ebc1f1a204c648e494baa1</fieldentry>
            </qtimetadatafield>
          </qtimetadata>
        </itemmetadata>
        <presentation>
          <material>
            <mattext texttype="text/html">&lt;p&gt;Which of these is a correct output for the JavaScript code given below?string X=&amp;rdquo;Hey&amp;rdquo;;string Y=&amp;rdquo;There&amp;rdquo;;alert(X+Y);&lt;/p&gt;</mattext>
          </material>
          <response_lid ident="response1" rcardinality="Single">
            <render_choice>
              <response_label ident="text2qti_choice_042acfa2eb9a7ccafb9dc933f7b1a9ce49e158af82c2b5c4863557388748418e">
                <material>
                  <mattext texttype="text/html">&lt;p&gt;Hey There&lt;/p&gt;</mattext>
                </material>
              </response_label>
              <response_label ident="text2qti_choice_b005be169c68898503666c441dcfef86d6745960ccdc5a9613a8cbd4c3e5db45">
                <material>
                  <mattext texttype="text/html">&lt;p&gt;Hey_There&lt;/p&gt;</mattext>
                </material>
              </response_label>
              <response_label ident="text2qti_choice_38a0557929c6881bd2b2e9bc3c3829f032af1c372684060a820e3967eaf25f12">
                <material>
                  <mattext texttype="text/html">&lt;p&gt;HeyThere&lt;/p&gt;</mattext>
                </material>
              </response_label>
              <response_label ident="text2qti_choice_cf5ba257ae9bc2a11cc8da8574af0d8981c0cc96f1e720ffc9b943a56d79374e">
                <material>
                  <mattext texttype="text/html">&lt;p&gt;undefined&lt;/p&gt;</mattext>
                </material>
              </response_label>
            </render_choice>
          </response_lid>
        </presentation>
        <resprocessing>
          <outcomes>
            <decvar maxvalue="100" minvalue="0" varname="SCORE" vartype="Decimal"/>
          </outcomes>
          <respcondition continue="No">
            <conditionvar>
              <varequal respident="response1">text2qti_choice_38a0557929c6881bd2b2e9bc3c3829f032af1c372684060a820e3967eaf25f12</varequal>
            </conditionvar>
            <setvar action="Set" varname="SCORE">100</setvar>
          </respcondition>
        </resprocessing>
      </item>
      <item ident="text2qti_question_f12a1b2b1adcbd507d0ac1c625c9e54017a9a95cfd37104e77fb953ec69bfb3f" title="Question">
        <itemmetadata>
          <qtimetadata>
            <qtimetadatafield>
              <fieldlabel>question_type</fieldlabel>
              <fieldentry>multiple_choice_question</fieldentry>
            </qtimetadatafield>
            <qtimetadatafield>
              <fieldlabel>points_possible</fieldlabel>
              <fieldentry>1</fieldentry>
            </qtimetadatafield>
            <qtimetadatafield>
              <fieldlabel>original_answer_ids</fieldlabel>
              <fieldentry>text2qti_choice_f26e9ce7477ff8577e891ac1ff47bab2eaca02f3bafc2ad20137eab8ba9ec566,text2qti_choice_50262f5818a6c337d284d8890405f4664b04ec316a646c2a6fb40cddfefec4db,text2qti_choice_f43d73d9b3a7c5f71898b33c0565aa14693e66f2574255f21d3e1ab257409c50,text2qti_choice_7245932c2b7aacf469acf9da8e33bfa3958389ba5934e2b725d859d0d996adb5</fieldentry>
            </qtimetadatafield>
            <qtimetadatafield>
              <fieldlabel>assessment_question_identifierref</fieldlabel>
              <fieldentry>text2qti_question_ref_f12a1b2b1adcbd507d0ac1c625c9e54017a9a95cfd37104e77fb953ec69bfb3f</fieldentry>
            </qtimetadatafield>
          </qtimetadata>
        </itemmetadata>
        <presentation>
          <material>
            <mattext texttype="text/html">&lt;p&gt;Which of these is known as the Equality operator used for checking whether both the values are equal?&lt;/p&gt;</mattext>
          </material>
          <response_lid ident="response1" rcardinality="Single">
            <render_choice>
              <response_label ident="text2qti_choice_f26e9ce7477ff8577e891ac1ff47bab2eaca02f3bafc2ad20137eab8ba9ec566">
                <material>
                  <mattext texttype="text/html">&lt;p&gt;=&lt;/p&gt;</mattext>
                </material>
              </response_label>
              <response_label ident="text2qti_choice_50262f5818a6c337d284d8890405f4664b04ec316a646c2a6fb40cddfefec4db">
                <material>
                  <mattext texttype="text/html">&lt;p&gt;==&lt;/p&gt;</mattext>
                </material>
              </response_label>
              <response_label ident="text2qti_choice_f43d73d9b3a7c5f71898b33c0565aa14693e66f2574255f21d3e1ab257409c50">
                <material>
                  <mattext texttype="text/html">&lt;p&gt;===&lt;/p&gt;</mattext>
                </material>
              </response_label>
              <response_label ident="text2qti_choice_7245932c2b7aacf469acf9da8e33bfa3958389ba5934e2b725d859d0d996adb5">
                <material>
                  <mattext texttype="text/html">&lt;p&gt;&amp;amp;&amp;amp;&lt;/p&gt;</mattext>
                </material>
              </response_label>
            </render_choice>
          </response_lid>
        </presentation>
        <resprocessing>
          <outcomes>
            <decvar maxvalue="100" minvalue="0" varname="SCORE" vartype="Decimal"/>
          </outcomes>
          <respcondition continue="No">
            <conditionvar>
              <varequal respident="response1">text2qti_choice_50262f5818a6c337d284d8890405f4664b04ec316a646c2a6fb40cddfefec4db</varequal>
            </conditionvar>
            <setvar action="Set" varname="SCORE">100</setvar>
          </respcondition>
        </resprocessing>
      </item>
      <item ident="text2qti_question_a6abcedb3e8460b4339f0b9f2ec9e96d2158fdac95de93cb35c327a11b1d82d1" title="Question">
        <itemmetadata>
          <qtimetadata>
            <qtimetadatafield>
              <fieldlabel>question_type</fieldlabel>
              <fieldentry>multiple_choice_question</fieldentry>
            </qtimetadatafield>
            <qtimetadatafield>
              <fieldlabel>points_possible</fieldlabel>
              <fieldentry>1</fieldentry>
            </qtimetadatafield>
            <qtimetadatafield>
              <fieldlabel>original_answer_ids</fieldlabel>
              <fieldentry>text2qti_choice_cef2febe1f729e9c361d7d4ffc974ec4cd0c60a57de5deca4dc08c8c56264527,text2qti_choice_54dd4504135129b0cd6d60a429d9a4e0bb6259f92f4c643f52e813d16e10cc7b,text2qti_choice_8d33ba633c5c3c99d47525cd800e6dba56d41ef1ef639a5422edf25ff8977c4f,text2qti_choice_88e6a0c554d289a6d76feaec0f1ecb885e4cd72ca66a58d6c35d8ac8a0f5f7aa</fieldentry>
            </qtimetadatafield>
            <qtimetadatafield>
              <fieldlabel>assessment_question_identifierref</fieldlabel>
              <fieldentry>text2qti_question_ref_a6abcedb3e8460b4339f0b9f2ec9e96d2158fdac95de93cb35c327a11b1d82d1</fieldentry>
            </qtimetadatafield>
          </qtimetadata>
        </itemmetadata>
        <presentation>
          <material>
            <mattext texttype="text/html">&lt;p&gt;In case a value of an operator is NULL, then the unary operator would return the &lt;strong&gt;&lt;em&gt;_&lt;/em&gt;&lt;/strong&gt;_____ typeof.&lt;/p&gt;</mattext>
          </material>
          <response_lid ident="response1" rcardinality="Single">
            <render_choice>
              <response_label ident="text2qti_choice_cef2febe1f729e9c361d7d4ffc974ec4cd0c60a57de5deca4dc08c8c56264527">
                <material>
                  <mattext texttype="text/html">&lt;p&gt;object&lt;/p&gt;</mattext>
                </material>
              </response_label>
              <response_label ident="text2qti_choice_54dd4504135129b0cd6d60a429d9a4e0bb6259f92f4c643f52e813d16e10cc7b">
                <material>
                  <mattext texttype="text/html">&lt;p&gt;boolean&lt;/p&gt;</mattext>
                </material>
              </response_label>
              <response_label ident="text2qti_choice_8d33ba633c5c3c99d47525cd800e6dba56d41ef1ef639a5422edf25ff8977c4f">
                <material>
                  <mattext texttype="text/html">&lt;p&gt;string&lt;/p&gt;</mattext>
                </material>
              </response_label>
              <response_label ident="text2qti_choice_88e6a0c554d289a6d76feaec0f1ecb885e4cd72ca66a58d6c35d8ac8a0f5f7aa">
                <material>
                  <mattext texttype="text/html">&lt;p&gt;undefined&lt;/p&gt;</mattext>
                </material>
              </response_label>
            </render_choice>
          </response_lid>
        </presentation>
        <resprocessing>
          <outcomes>
            <decvar maxvalue="100" minvalue="0" varname="SCORE" vartype="Decimal"/>
          </outcomes>
          <respcondition continue="No">
            <conditionvar>
              <varequal respident="response1">text2qti_choice_88e6a0c554d289a6d76feaec0f1ecb885e4cd72ca66a58d6c35d8ac8a0f5f7aa</varequal>
            </conditionvar>
            <setvar action="Set" varname="SCORE">100</setvar>
          </respcondition>
        </resprocessing>
      </item>
      <item ident="text2qti_question_f52c82de73c68c3523fa6b2d054747529a35bf3a67f4110c3dcc84d4a7d5e1f1" title="Question">
        <itemmetadata>
          <qtimetadata>
            <qtimetadatafield>
              <fieldlabel>question_type</fieldlabel>
              <fieldentry>multiple_choice_question</fieldentry>
            </qtimetadatafield>
            <qtimetadatafield>
              <fieldlabel>points_possible</fieldlabel>
              <fieldentry>1</fieldentry>
            </qtimetadatafield>
            <qtimetadatafield>
              <fieldlabel>original_answer_ids</fieldlabel>
              <fieldentry>text2qti_choice_934285fb613379ec8cb92e73623c6d6b7aa43484c9a661eb25ec1c1b1a3cb6bd,text2qti_choice_458ff49cd479e6fe36f1bcd26cd2b819888ef975b06c6565f2c15a87ebed3eaa,text2qti_choice_a478136837bdd557fbcd00d1148f3f8358448bdf28d88142604e53a19b4ea661,text2qti_choice_6d1b0697bc0e026e12ef01da9e2a4ccd5c474bfacff065effd95d03a4f5a59a4</fieldentry>
            </qtimetadatafield>
            <qtimetadatafield>
              <fieldlabel>assessment_question_identifierref</fieldlabel>
              <fieldentry>text2qti_question_ref_f52c82de73c68c3523fa6b2d054747529a35bf3a67f4110c3dcc84d4a7d5e1f1</fieldentry>
            </qtimetadatafield>
          </qtimetadata>
        </itemmetadata>
        <presentation>
          <material>
            <mattext texttype="text/html">&lt;p&gt;Which of these is not a keyword?&lt;/p&gt;</mattext>
          </material>
          <response_lid ident="response1" rcardinality="Single">
            <render_choice>
              <response_label ident="text2qti_choice_934285fb613379ec8cb92e73623c6d6b7aa43484c9a661eb25ec1c1b1a3cb6bd">
                <material>
                  <mattext texttype="text/html">&lt;p&gt;debugger&lt;/p&gt;</mattext>
                </material>
              </response_label>
              <response_label ident="text2qti_choice_458ff49cd479e6fe36f1bcd26cd2b819888ef975b06c6565f2c15a87ebed3eaa">
                <material>
                  <mattext texttype="text/html">&lt;p&gt;use strict&lt;/p&gt;</mattext>
                </material>
              </response_label>
              <response_label ident="text2qti_choice_a478136837bdd557fbcd00d1148f3f8358448bdf28d88142604e53a19b4ea661">
                <material>
                  <mattext texttype="text/html">&lt;p&gt;with&lt;/p&gt;</mattext>
                </material>
              </response_label>
              <response_label ident="text2qti_choice_6d1b0697bc0e026e12ef01da9e2a4ccd5c474bfacff065effd95d03a4f5a59a4">
                <material>
                  <mattext texttype="text/html">&lt;p&gt;if&lt;/p&gt;</mattext>
                </material>
              </response_label>
            </render_choice>
          </response_lid>
        </presentation>
        <resprocessing>
          <outcomes>
            <decvar maxvalue="100" minvalue="0" varname="SCORE" vartype="Decimal"/>
          </outcomes>
          <respcondition continue="No">
            <conditionvar>
              <varequal respident="response1">text2qti_choice_458ff49cd479e6fe36f1bcd26cd2b819888ef975b06c6565f2c15a87ebed3eaa</varequal>
            </conditionvar>
            <setvar action="Set" varname="SCORE">100</setvar>
          </respcondition>
        </resprocessing>
      </item>
      <item ident="text2qti_question_b6307917c59f1086ed57573d491e0c50b458d8a90c6d7ad4c3f759c5bdd6edde" title="Question">
        <itemmetadata>
          <qtimetadata>
            <qtimetadatafield>
              <fieldlabel>question_type</fieldlabel>
              <fieldentry>multiple_choice_question</fieldentry>
            </qtimetadatafield>
            <qtimetadatafield>
              <fieldlabel>points_possible</fieldlabel>
              <fieldentry>1</fieldentry>
            </qtimetadatafield>
            <qtimetadatafield>
              <fieldlabel>original_answer_ids</fieldlabel>
              <fieldentry>text2qti_choice_cd62bf1088fb068dd7ae2899567dcbfcaa95cff77ba74b64904dfe32e9a03e60,text2qti_choice_8f9206fa0a70a7d483dabbca539b09e8c8f52fd895b05172435c8367cf574745,text2qti_choice_6fb68ccb576df9b63ddf9a9e37e98da58a53c061f7ba54df742845bf018f1d73,text2qti_choice_c1931c78a10c68b9423bcfa610f2ff70a332c58df808ef5100bdc894f88fa82b</fieldentry>
            </qtimetadatafield>
            <qtimetadatafield>
              <fieldlabel>assessment_question_identifierref</fieldlabel>
              <fieldentry>text2qti_question_ref_b6307917c59f1086ed57573d491e0c50b458d8a90c6d7ad4c3f759c5bdd6edde</fieldentry>
            </qtimetadatafield>
          </qtimetadata>
        </itemmetadata>
        <presentation>
          <material>
            <mattext texttype="text/html">&lt;p&gt;Which of these symbols is used to create comments in JavaScript?&lt;/p&gt;</mattext>
          </material>
          <response_lid ident="response1" rcardinality="Single">
            <render_choice>
              <response_label ident="text2qti_choice_cd62bf1088fb068dd7ae2899567dcbfcaa95cff77ba74b64904dfe32e9a03e60">
                <material>
                  <mattext texttype="text/html">&lt;p&gt;//&lt;/p&gt;</mattext>
                </material>
              </response_label>
              <response_label ident="text2qti_choice_8f9206fa0a70a7d483dabbca539b09e8c8f52fd895b05172435c8367cf574745">
                <material>
                  <mattext texttype="text/html">&lt;p&gt;\&lt;/p&gt;</mattext>
                </material>
              </response_label>
              <response_label ident="text2qti_choice_6fb68ccb576df9b63ddf9a9e37e98da58a53c061f7ba54df742845bf018f1d73">
                <material>
                  <mattext texttype="text/html">&lt;p&gt;* */&lt;/p&gt;</mattext>
                </material>
              </response_label>
              <response_label ident="text2qti_choice_c1931c78a10c68b9423bcfa610f2ff70a332c58df808ef5100bdc894f88fa82b">
                <material>
                  <mattext texttype="text/html">&lt;p&gt;* *\&lt;/p&gt;</mattext>
                </material>
              </response_label>
            </render_choice>
          </response_lid>
        </presentation>
        <resprocessing>
          <outcomes>
            <decvar maxvalue="100" minvalue="0" varname="SCORE" vartype="Decimal"/>
          </outcomes>
          <respcondition continue="No">
            <conditionvar>
              <varequal respident="response1">text2qti_choice_cd62bf1088fb068dd7ae2899567dcbfcaa95cff77ba74b64904dfe32e9a03e60</varequal>
            </conditionvar>
            <setvar action="Set" varname="SCORE">100</setvar>
          </respcondition>
        </resprocessing>
      </item>
      <item ident="text2qti_question_57687403ae073bb7aac8af37fb4c75fac1f928b97268f2d92fea9d079c838cd0" title="Question">
        <itemmetadata>
          <qtimetadata>
            <qtimetadatafield>
              <fieldlabel>question_type</fieldlabel>
              <fieldentry>multiple_choice_question</fieldentry>
            </qtimetadatafield>
            <qtimetadatafield>
              <fieldlabel>points_possible</fieldlabel>
              <fieldentry>1</fieldentry>
            </qtimetadatafield>
            <qtimetadatafield>
              <fieldlabel>original_answer_ids</fieldlabel>
              <fieldentry>text2qti_choice_36cefbcd5bacdf570a770ba7a1e217741619834c8c52d4641c9aa4ca303a80e7,text2qti_choice_ac14518743699ea09b1cd29b92ff076e746962baf13a8053c6b3240d5aaa5382,text2qti_choice_5568781ea83906b3ee7454a32acd9deb0d5484db8cea9e266c4d7857177a2faf,text2qti_choice_110a5ecc38831345395a03201a194aa0b958d4477d02d99a85b46588b3d55081</fieldentry>
            </qtimetadatafield>
            <qtimetadatafield>
              <fieldlabel>assessment_question_identifierref</fieldlabel>
              <fieldentry>text2qti_question_ref_57687403ae073bb7aac8af37fb4c75fac1f928b97268f2d92fea9d079c838cd0</fieldentry>
            </qtimetadatafield>
          </qtimetadata>
        </itemmetadata>
        <presentation>
          <material>
            <mattext texttype="text/html">&lt;p&gt;In the line of code given below, what will the &amp;ldquo;datatype&amp;rdquo; written in brackets be called?article[datatype]=assignment_value;&lt;/p&gt;</mattext>
          </material>
          <response_lid ident="response1" rcardinality="Single">
            <render_choice>
              <response_label ident="text2qti_choice_36cefbcd5bacdf570a770ba7a1e217741619834c8c52d4641c9aa4ca303a80e7">
                <material>
                  <mattext texttype="text/html">&lt;p&gt;An object&lt;/p&gt;</mattext>
                </material>
              </response_label>
              <response_label ident="text2qti_choice_ac14518743699ea09b1cd29b92ff076e746962baf13a8053c6b3240d5aaa5382">
                <material>
                  <mattext texttype="text/html">&lt;p&gt;A String&lt;/p&gt;</mattext>
                </material>
              </response_label>
              <response_label ident="text2qti_choice_5568781ea83906b3ee7454a32acd9deb0d5484db8cea9e266c4d7857177a2faf">
                <material>
                  <mattext texttype="text/html">&lt;p&gt;Floating point&lt;/p&gt;</mattext>
                </material>
              </response_label>
              <response_label ident="text2qti_choice_110a5ecc38831345395a03201a194aa0b958d4477d02d99a85b46588b3d55081">
                <material>
                  <mattext texttype="text/html">&lt;p&gt;An integer&lt;/p&gt;</mattext>
                </material>
              </response_label>
            </render_choice>
          </response_lid>
        </presentation>
        <resprocessing>
          <outcomes>
            <decvar maxvalue="100" minvalue="0" varname="SCORE" vartype="Decimal"/>
          </outcomes>
          <respcondition continue="No">
            <conditionvar>
              <varequal respident="response1">text2qti_choice_ac14518743699ea09b1cd29b92ff076e746962baf13a8053c6b3240d5aaa5382</varequal>
            </conditionvar>
            <setvar action="Set" varname="SCORE">100</setvar>
          </respcondition>
        </resprocessing>
      </item>
      <item ident="text2qti_question_59e2e6a49626c8c67f6476e045aa11e3fb79ffbe4742becd79096f1045ddd927" title="Question">
        <itemmetadata>
          <qtimetadata>
            <qtimetadatafield>
              <fieldlabel>question_type</fieldlabel>
              <fieldentry>multiple_choice_question</fieldentry>
            </qtimetadatafield>
            <qtimetadatafield>
              <fieldlabel>points_possible</fieldlabel>
              <fieldentry>1</fieldentry>
            </qtimetadatafield>
            <qtimetadatafield>
              <fieldlabel>original_answer_ids</fieldlabel>
              <fieldentry>text2qti_choice_d440da263040d902184443ba6dfa709410b04360641886fc79c22b8bfdea83b6,text2qti_choice_6a65dc81cb416105f7872aeb7f95dc6a7ea7c8350a74e7a547e748325d1ec9af,text2qti_choice_38a53e9851fb8abc54192862859d1b5ed6556fa343e00559d39ec52d529dba0e,text2qti_choice_d653564bffa357c6c2863ee0c9b1d6c49ecfd3c0c224f66734e40d7045fb00ad</fieldentry>
            </qtimetadatafield>
            <qtimetadatafield>
              <fieldlabel>assessment_question_identifierref</fieldlabel>
              <fieldentry>text2qti_question_ref_59e2e6a49626c8c67f6476e045aa11e3fb79ffbe4742becd79096f1045ddd927</fieldentry>
            </qtimetadatafield>
          </qtimetadata>
        </itemmetadata>
        <presentation>
          <material>
            <mattext texttype="text/html">&lt;p&gt;In the line of code given below, the prototype represents the &lt;strong&gt;&lt;em&gt;_&lt;/em&gt;&lt;/strong&gt;______. functionx(){};&lt;/p&gt;</mattext>
          </material>
          <response_lid ident="response1" rcardinality="Single">
            <render_choice>
              <response_label ident="text2qti_choice_d440da263040d902184443ba6dfa709410b04360641886fc79c22b8bfdea83b6">
                <material>
                  <mattext texttype="text/html">&lt;p&gt;Prototype of a function&lt;/p&gt;</mattext>
                </material>
              </response_label>
              <response_label ident="text2qti_choice_6a65dc81cb416105f7872aeb7f95dc6a7ea7c8350a74e7a547e748325d1ec9af">
                <material>
                  <mattext texttype="text/html">&lt;p&gt;Function x&lt;/p&gt;</mattext>
                </material>
              </response_label>
              <response_label ident="text2qti_choice_38a53e9851fb8abc54192862859d1b5ed6556fa343e00559d39ec52d529dba0e">
                <material>
                  <mattext texttype="text/html">&lt;p&gt;Not valid&lt;/p&gt;</mattext>
                </material>
              </response_label>
              <response_label ident="text2qti_choice_d653564bffa357c6c2863ee0c9b1d6c49ecfd3c0c224f66734e40d7045fb00ad">
                <material>
                  <mattext texttype="text/html">&lt;p&gt;A custom constructor&lt;/p&gt;</mattext>
                </material>
              </response_label>
            </render_choice>
          </response_lid>
        </presentation>
        <resprocessing>
          <outcomes>
            <decvar maxvalue="100" minvalue="0" varname="SCORE" vartype="Decimal"/>
          </outcomes>
          <respcondition continue="No">
            <conditionvar>
              <varequal respident="response1">text2qti_choice_d440da263040d902184443ba6dfa709410b04360641886fc79c22b8bfdea83b6</varequal>
            </conditionvar>
            <setvar action="Set" varname="SCORE">100</setvar>
          </respcondition>
        </resprocessing>
      </item>
      <item ident="text2qti_question_2541977ea8bd510543e6c8913b9d244541a12cb7700af0107108092573c5e330" title="Question">
        <itemmetadata>
          <qtimetadata>
            <qtimetadatafield>
              <fieldlabel>question_type</fieldlabel>
              <fieldentry>multiple_choice_question</fieldentry>
            </qtimetadatafield>
            <qtimetadatafield>
              <fieldlabel>points_possible</fieldlabel>
              <fieldentry>1</fieldentry>
            </qtimetadatafield>
            <qtimetadatafield>
              <fieldlabel>original_answer_ids</fieldlabel>
              <fieldentry>text2qti_choice_cbb167a646f47f1c43fc2a9e6aa7e8156c3de14e2b0921f4468723db2f3c57b5,text2qti_choice_d0805019afc978a24fa90c71c9b6f93761de73476685d4bb36429cbfacfae445,text2qti_choice_60dafa493c635aa27d18c463d88b07b24cfa610771fedd504d71e753e5541fa8,text2qti_choice_250fae98ce0f68b05f45a7cc5a317ed9579423edf14c066d4a45820f26e8a65c</fieldentry>
            </qtimetadatafield>
            <qtimetadatafield>
              <fieldlabel>assessment_question_identifierref</fieldlabel>
              <fieldentry>text2qti_question_ref_2541977ea8bd510543e6c8913b9d244541a12cb7700af0107108092573c5e330</fieldentry>
            </qtimetadatafield>
          </qtimetadata>
        </itemmetadata>
        <presentation>
          <material>
            <mattext texttype="text/html">&lt;p&gt;Which of these methods or operators are used for identifying an array?&lt;/p&gt;</mattext>
          </material>
          <response_lid ident="response1" rcardinality="Single">
            <render_choice>
              <response_label ident="text2qti_choice_cbb167a646f47f1c43fc2a9e6aa7e8156c3de14e2b0921f4468723db2f3c57b5">
                <material>
                  <mattext texttype="text/html">&lt;p&gt;isarrayType()&lt;/p&gt;</mattext>
                </material>
              </response_label>
              <response_label ident="text2qti_choice_d0805019afc978a24fa90c71c9b6f93761de73476685d4bb36429cbfacfae445">
                <material>
                  <mattext texttype="text/html">&lt;p&gt;===&lt;/p&gt;</mattext>
                </material>
              </response_label>
              <response_label ident="text2qti_choice_60dafa493c635aa27d18c463d88b07b24cfa610771fedd504d71e753e5541fa8">
                <material>
                  <mattext texttype="text/html">&lt;p&gt;==&lt;/p&gt;</mattext>
                </material>
              </response_label>
              <response_label ident="text2qti_choice_250fae98ce0f68b05f45a7cc5a317ed9579423edf14c066d4a45820f26e8a65c">
                <material>
                  <mattext texttype="text/html">&lt;p&gt;Typeof&lt;/p&gt;</mattext>
                </material>
              </response_label>
            </render_choice>
          </response_lid>
        </presentation>
        <resprocessing>
          <outcomes>
            <decvar maxvalue="100" minvalue="0" varname="SCORE" vartype="Decimal"/>
          </outcomes>
          <respcondition continue="No">
            <conditionvar>
              <varequal respident="response1">text2qti_choice_cbb167a646f47f1c43fc2a9e6aa7e8156c3de14e2b0921f4468723db2f3c57b5</varequal>
            </conditionvar>
            <setvar action="Set" varname="SCORE">100</setvar>
          </respcondition>
        </resprocessing>
      </item>
      <item ident="text2qti_question_d5752d880494383e874ddf003e65fb41a95ea2c66a92a67553d7660ba2e0e98a" title="Question">
        <itemmetadata>
          <qtimetadata>
            <qtimetadatafield>
              <fieldlabel>question_type</fieldlabel>
              <fieldentry>multiple_choice_question</fieldentry>
            </qtimetadatafield>
            <qtimetadatafield>
              <fieldlabel>points_possible</fieldlabel>
              <fieldentry>1</fieldentry>
            </qtimetadatafield>
            <qtimetadatafield>
              <fieldlabel>original_answer_ids</fieldlabel>
              <fieldentry>text2qti_choice_6e4b28690d423400aea378e208e8b5709f0bf645a96065f42aa9e9c1b92492d2,text2qti_choice_6e693df3a68d32ed567952e1bf1afd1993df6b3f5aa8c51a5536f05b6ca6f38c,text2qti_choice_d43639315606e6529d287ee037c6965edda1c90bc7c8b72d3bdc6671b3fc780b,text2qti_choice_18d8f1b1b07cac0bde2ded6ea7b179a9dcec11601cb6e4035781f649527c843e</fieldentry>
            </qtimetadatafield>
            <qtimetadatafield>
              <fieldlabel>assessment_question_identifierref</fieldlabel>
              <fieldentry>text2qti_question_ref_d5752d880494383e874ddf003e65fb41a95ea2c66a92a67553d7660ba2e0e98a</fieldentry>
            </qtimetadatafield>
          </qtimetadata>
        </itemmetadata>
        <presentation>
          <material>
            <mattext texttype="text/html">&lt;p&gt;A function’s execution would stop whenever a program control would encounter the &lt;strong&gt;&lt;em&gt;_&lt;/em&gt;&lt;/strong&gt;__ statement in the function’s body.&lt;/p&gt;</mattext>
          </material>
          <response_lid ident="response1" rcardinality="Single">
            <render_choice>
              <response_label ident="text2qti_choice_6e4b28690d423400aea378e208e8b5709f0bf645a96065f42aa9e9c1b92492d2">
                <material>
                  <mattext texttype="text/html">&lt;p&gt;goto statement&lt;/p&gt;</mattext>
                </material>
              </response_label>
              <response_label ident="text2qti_choice_6e693df3a68d32ed567952e1bf1afd1993df6b3f5aa8c51a5536f05b6ca6f38c">
                <material>
                  <mattext texttype="text/html">&lt;p&gt;break statement&lt;/p&gt;</mattext>
                </material>
              </response_label>
              <response_label ident="text2qti_choice_d43639315606e6529d287ee037c6965edda1c90bc7c8b72d3bdc6671b3fc780b">
                <material>
                  <mattext texttype="text/html">&lt;p&gt;continue statement&lt;/p&gt;</mattext>
                </material>
              </response_label>
              <response_label ident="text2qti_choice_18d8f1b1b07cac0bde2ded6ea7b179a9dcec11601cb6e4035781f649527c843e">
                <material>
                  <mattext texttype="text/html">&lt;p&gt;return statement&lt;/p&gt;</mattext>
                </material>
              </response_label>
            </render_choice>
          </response_lid>
        </presentation>
        <resprocessing>
          <outcomes>
            <decvar maxvalue="100" minvalue="0" varname="SCORE" vartype="Decimal"/>
          </outcomes>
          <respcondition continue="No">
            <conditionvar>
              <varequal respident="response1">text2qti_choice_18d8f1b1b07cac0bde2ded6ea7b179a9dcec11601cb6e4035781f649527c843e</varequal>
            </conditionvar>
            <setvar action="Set" varname="SCORE">100</setvar>
          </respcondition>
        </resprocessing>
      </item>
      <item ident="text2qti_question_e25dfd44bd1726ec866549abb4ada58aa73b9195cdcc118178caba54399adc11" title="Question">
        <itemmetadata>
          <qtimetadata>
            <qtimetadatafield>
              <fieldlabel>question_type</fieldlabel>
              <fieldentry>multiple_choice_question</fieldentry>
            </qtimetadatafield>
            <qtimetadatafield>
              <fieldlabel>points_possible</fieldlabel>
              <fieldentry>1</fieldentry>
            </qtimetadatafield>
            <qtimetadatafield>
              <fieldlabel>original_answer_ids</fieldlabel>
              <fieldentry>text2qti_choice_8d49e4c850108fba82fb7ff0fb18175cf157328f49cbb387c68290a13a8d7ee4,text2qti_choice_1a541399f87459f4d4ccd70ba9b7e0584a6978a5303592d769819fce4deb754c,text2qti_choice_76c07fa51b6aa4b80d3ac5685695deed5656eeb1f8d871bc152d17dce4a82343,text2qti_choice_59b37e9d29f2a9206564c9f872a6ca75f49d8d93352abf8bee920ee233ef5fd9</fieldentry>
            </qtimetadatafield>
            <qtimetadatafield>
              <fieldlabel>assessment_question_identifierref</fieldlabel>
              <fieldentry>text2qti_question_ref_e25dfd44bd1726ec866549abb4ada58aa73b9195cdcc118178caba54399adc11</fieldentry>
            </qtimetadatafield>
          </qtimetadata>
        </itemmetadata>
        <presentation>
          <material>
            <mattext texttype="text/html">&lt;p&gt;Which of these codes is equivalent to the code given below? a.x(g,h);&lt;/p&gt;</mattext>
          </material>
          <response_lid ident="response1" rcardinality="Single">
            <render_choice>
              <response_label ident="text2qti_choice_8d49e4c850108fba82fb7ff0fb18175cf157328f49cbb387c68290a13a8d7ee4">
                <material>
                  <mattext texttype="text/html">&lt;p&gt;a [ “x” ] ( g , h );&lt;/p&gt;</mattext>
                </material>
              </response_label>
              <response_label ident="text2qti_choice_1a541399f87459f4d4ccd70ba9b7e0584a6978a5303592d769819fce4deb754c">
                <material>
                  <mattext texttype="text/html">&lt;p&gt;x (g) &amp;amp;&amp;amp;a.x (h);&lt;/p&gt;</mattext>
                </material>
              </response_label>
              <response_label ident="text2qti_choice_76c07fa51b6aa4b80d3ac5685695deed5656eeb1f8d871bc152d17dce4a82343">
                <material>
                  <mattext texttype="text/html">&lt;p&gt;x( g&amp;amp;&amp;amp;h );&lt;/p&gt;</mattext>
                </material>
              </response_label>
              <response_label ident="text2qti_choice_59b37e9d29f2a9206564c9f872a6ca75f49d8d93352abf8bee920ee233ef5fd9">
                <material>
                  <mattext texttype="text/html">&lt;p&gt;a (x )[ “g” , “h” ];&lt;/p&gt;</mattext>
                </material>
              </response_label>
            </render_choice>
          </response_lid>
        </presentation>
        <resprocessing>
          <outcomes>
            <decvar maxvalue="100" minvalue="0" varname="SCORE" vartype="Decimal"/>
          </outcomes>
          <respcondition continue="No">
            <conditionvar>
              <varequal respident="response1">text2qti_choice_8d49e4c850108fba82fb7ff0fb18175cf157328f49cbb387c68290a13a8d7ee4</varequal>
            </conditionvar>
            <setvar action="Set" varname="SCORE">100</setvar>
          </respcondition>
        </resprocessing>
      </item>
      <item ident="text2qti_question_ffafb63d96037728642c4b3bad306b9f4edfae2caf6c99cf78d721b3b2000a91" title="Question">
        <itemmetadata>
          <qtimetadata>
            <qtimetadatafield>
              <fieldlabel>question_type</fieldlabel>
              <fieldentry>multiple_choice_question</fieldentry>
            </qtimetadatafield>
            <qtimetadatafield>
              <fieldlabel>points_possible</fieldlabel>
              <fieldentry>1</fieldentry>
            </qtimetadatafield>
            <qtimetadatafield>
              <fieldlabel>original_answer_ids</fieldlabel>
              <fieldentry>text2qti_choice_a04c03eac12b88733663648e0a90e1ebe04f4fff2b6cf025c46668c879c842b4,text2qti_choice_7c4aaf16573a45b80c612ed540155f96477f5d3078e68ad6765a859e577ec944,text2qti_choice_b086aa29d25232ddef839441605149ec9a9559760760425afa08ee8c835b80f1,text2qti_choice_7f59699656a9a6ea4a128ced07d90a9ae62e6f4da53fdc9343f4a1213db1bf6b</fieldentry>
            </qtimetadatafield>
            <qtimetadatafield>
              <fieldlabel>assessment_question_identifierref</fieldlabel>
              <fieldentry>text2qti_question_ref_ffafb63d96037728642c4b3bad306b9f4edfae2caf6c99cf78d721b3b2000a91</fieldentry>
            </qtimetadatafield>
          </qtimetadata>
        </itemmetadata>
        <presentation>
          <material>
            <mattext texttype="text/html">&lt;p&gt;Which of these keywords is used to define various functions in JavaScript?&lt;/p&gt;</mattext>
          </material>
          <response_lid ident="response1" rcardinality="Single">
            <render_choice>
              <response_label ident="text2qti_choice_a04c03eac12b88733663648e0a90e1ebe04f4fff2b6cf025c46668c879c842b4">
                <material>
                  <mattext texttype="text/html">&lt;p&gt;function&lt;/p&gt;</mattext>
                </material>
              </response_label>
              <response_label ident="text2qti_choice_7c4aaf16573a45b80c612ed540155f96477f5d3078e68ad6765a859e577ec944">
                <material>
                  <mattext texttype="text/html">&lt;p&gt;main&lt;/p&gt;</mattext>
                </material>
              </response_label>
              <response_label ident="text2qti_choice_b086aa29d25232ddef839441605149ec9a9559760760425afa08ee8c835b80f1">
                <material>
                  <mattext texttype="text/html">&lt;p&gt;init&lt;/p&gt;</mattext>
                </material>
              </response_label>
              <response_label ident="text2qti_choice_7f59699656a9a6ea4a128ced07d90a9ae62e6f4da53fdc9343f4a1213db1bf6b">
                <material>
                  <mattext texttype="text/html">&lt;p&gt;Void&lt;/p&gt;</mattext>
                </material>
              </response_label>
            </render_choice>
          </response_lid>
        </presentation>
        <resprocessing>
          <outcomes>
            <decvar maxvalue="100" minvalue="0" varname="SCORE" vartype="Decimal"/>
          </outcomes>
          <respcondition continue="No">
            <conditionvar>
              <varequal respident="response1">text2qti_choice_a04c03eac12b88733663648e0a90e1ebe04f4fff2b6cf025c46668c879c842b4</varequal>
            </conditionvar>
            <setvar action="Set" varname="SCORE">100</setvar>
          </respcondition>
        </resprocessing>
      </item>
    </section>
  </assessment>
</questestinterop>
