<?xml version="1.0" encoding="UTF-8"?>
<questestinterop xmlns="http://www.imsglobal.org/xsd/ims_qtiasiv1p2" xmlns:xsi="http://www.w3.org/2001/XMLSchema-instance" xsi:schemaLocation="http://www.imsglobal.org/xsd/ims_qtiasiv1p2 http://www.imsglobal.org/xsd/ims_qtiasiv1p2p1.xsd">
  <assessment ident="text2qti_assessment_b4b1502079b1421ee748e418a2386eef4584ca6aa2cef2bc3b1e3cc8dc521aa6" title="Quiz">
    <qtimetadata>
      <qtimetadatafield>
        <fieldlabel>cc_maxattempts</fieldlabel>
        <fieldentry>1</fieldentry>
      </qtimetadatafield>
    </qtimetadata>
    <section ident="root_section">
      <item ident="text2qti_question_aa7d3d6674c8c6881d7d07fbaa709a7880e057f3edfc20fb934cd6ccae18d91a" title="Question">
        <itemmetadata>
          <qtimetadata>
            <qtimetadatafield>
              <fieldlabel>question_type</fieldlabel>
              <fieldentry>multiple_choice_question</fieldentry>
            </qtimetadatafield>
            <qtimetadatafield>
              <fieldlabel>points_possible</fieldlabel>
              <fieldentry>1</fieldentry>
            </qtimetadatafield>
            <qtimetadatafield>
              <fieldlabel>original_answer_ids</fieldlabel>
              <fieldentry>text2qti_choice_5dc4670401a70b9bacbdbc6f8917d590d8972e867ad6a0d6b7808dcd743800d4,text2qti_choice_61cbc015e99954f016fc7b8cd309e0a42f599d7d12310ac08ef38f4a14100f46,text2qti_choice_be08b1ed53f98e1f639710a1e718ab3c5ef147af16793da58771f8886706ab71,text2qti_choice_916182d657f8f69ba5dd5ed829fe19740a839a37112c4e22204e6307e20f7ab0</fieldentry>
            </qtimetadatafield>
            <qtimetadatafield>
              <fieldlabel>assessment_question_identifierref</fieldlabel>
              <fieldentry>text2qti_question_ref_aa7d3d6674c8c6881d7d07fbaa709a7880e057f3edfc20fb934cd6ccae18d91a</fieldentry>
            </qtimetadatafield>
          </qtimetadata>
        </itemmetadata>
        <presentation>
          <material>
            <mattext texttype="text/html">&lt;p&gt;What will be the value of VALUE?
 &lt;code&gt;
 &amp;lt;script &amp;gt;&lt;br&gt;
 const VALUE = 10;&lt;br&gt;
 VALUE = 20;&lt;br&gt;
 &amp;lt;/script &amp;gt;
 &lt;/code&gt;&lt;/p&gt;</mattext>
          </material>
          <response_lid ident="response1" rcardinality="Single">
            <render_choice>
              <response_label ident="text2qti_choice_5dc4670401a70b9bacbdbc6f8917d590d8972e867ad6a0d6b7808dcd743800d4">
                <material>
                  <mattext texttype="text/html">&lt;p&gt;10&lt;/p&gt;</mattext>
                </material>
              </response_label>
              <response_label ident="text2qti_choice_61cbc015e99954f016fc7b8cd309e0a42f599d7d12310ac08ef38f4a14100f46">
                <material>
                  <mattext texttype="text/html">&lt;p&gt;20&lt;/p&gt;</mattext>
                </material>
              </response_label>
              <response_label ident="text2qti_choice_be08b1ed53f98e1f639710a1e718ab3c5ef147af16793da58771f8886706ab71">
                <material>
                  <mattext texttype="text/html">&lt;p&gt;ValueError&lt;/p&gt;</mattext>
                </material>
              </response_label>
              <response_label ident="text2qti_choice_916182d657f8f69ba5dd5ed829fe19740a839a37112c4e22204e6307e20f7ab0">
                <material>
                  <mattext texttype="text/html">&lt;p&gt;TypeError&lt;/p&gt;</mattext>
                </material>
              </response_label>
            </render_choice>
          </response_lid>
        </presentation>
        <resprocessing>
          <outcomes>
            <decvar maxvalue="100" minvalue="0" varname="SCORE" vartype="Decimal"/>
          </outcomes>
          <respcondition continue="No">
            <conditionvar>
              <varequal respident="response1">text2qti_choice_916182d657f8f69ba5dd5ed829fe19740a839a37112c4e22204e6307e20f7ab0</varequal>
            </conditionvar>
            <setvar action="Set" varname="SCORE">100</setvar>
          </respcondition>
        </resprocessing>
      </item>
    </section>
  </assessment>
</questestinterop>
