<?xml version="1.0" encoding="UTF-8"?>
<manifest identifier="text2qti_manifest_013da5894e3bf3e7fca0655ce24bf2a523914b9bf1d6ec735746cebc2d48d628" xmlns="http://www.imsglobal.org/xsd/imsccv1p1/imscp_v1p1" xmlns:lom="http://ltsc.ieee.org/xsd/imsccv1p1/LOM/resource" xmlns:imsmd="http://www.imsglobal.org/xsd/imsmd_v1p2" xmlns:xsi="http://www.w3.org/2001/XMLSchema-instance" xsi:schemaLocation="http://www.imsglobal.org/xsd/imsccv1p1/imscp_v1p1 http://www.imsglobal.org/xsd/imscp_v1p1.xsd http://ltsc.ieee.org/xsd/imsccv1p1/LOM/resource http://www.imsglobal.org/profile/cc/ccv1p1/LOM/ccv1p1_lomresource_v1p0.xsd http://www.imsglobal.org/xsd/imsmd_v1p2 http://www.imsglobal.org/xsd/imsmd_v1p2p2.xsd">
  <metadata>
    <schema>IMS Content</schema>
    <schemaversion>1.1.3</schemaversion>
    <imsmd:lom>
      <imsmd:general>
        <imsmd:title>
          <imsmd:string>QTI assessment generated by text2qti</imsmd:string>
        </imsmd:title>
      </imsmd:general>
      <imsmd:lifeCycle>
        <imsmd:contribute>
          <imsmd:date>
            <imsmd:dateTime>2023-02-10</imsmd:dateTime>
          </imsmd:date>
        </imsmd:contribute>
      </imsmd:lifeCycle>
      <imsmd:rights>
        <imsmd:copyrightAndOtherRestrictions>
          <imsmd:value>yes</imsmd:value>
        </imsmd:copyrightAndOtherRestrictions>
        <imsmd:description>
          <imsmd:string>Private (Copyrighted) - http://en.wikipedia.org/wiki/Copyright</imsmd:string>
        </imsmd:description>
      </imsmd:rights>
    </imsmd:lom>
  </metadata>
  <organizations/>
  <resources>
    <resource identifier="text2qti_assessment_013da5894e3bf3e7fca0655ce24bf2a523914b9bf1d6ec735746cebc2d48d628" type="imsqti_xmlv1p2">
      <file href="text2qti_assessment_013da5894e3bf3e7fca0655ce24bf2a523914b9bf1d6ec735746cebc2d48d628/text2qti_assessment_013da5894e3bf3e7fca0655ce24bf2a523914b9bf1d6ec735746cebc2d48d628.xml"/>
      <dependency identifierref="text2qti_dependency_013da5894e3bf3e7fca0655ce24bf2a523914b9bf1d6ec735746cebc2d48d628"/>
    </resource>
    <resource identifier="text2qti_dependency_013da5894e3bf3e7fca0655ce24bf2a523914b9bf1d6ec735746cebc2d48d628" type="associatedcontent/imscc_xmlv1p1/learning-application-resource" href="text2qti_assessment_013da5894e3bf3e7fca0655ce24bf2a523914b9bf1d6ec735746cebc2d48d628/assessment_meta.xml">
      <file href="text2qti_assessment_013da5894e3bf3e7fca0655ce24bf2a523914b9bf1d6ec735746cebc2d48d628/assessment_meta.xml"/>
    </resource>
    <resource identifier="text2qti_image_de6e32992365bb5840b918d940071b5156fec82059ddfc4f1bc88f530246cd6c" type="webcontent" href="images/JS24.png">
      <file href="images/JS24.png"/>
    </resource>
  </resources>
</manifest>
