<?xml version="1.0" encoding="UTF-8"?>
<questestinterop xmlns="http://www.imsglobal.org/xsd/ims_qtiasiv1p2" xmlns:xsi="http://www.w3.org/2001/XMLSchema-instance" xsi:schemaLocation="http://www.imsglobal.org/xsd/ims_qtiasiv1p2 http://www.imsglobal.org/xsd/ims_qtiasiv1p2p1.xsd">
  <assessment ident="text2qti_assessment_fcb55ba27b3092f9235326bc94dde2c756cbed654edf212ad45d44865139074d" title="PHP echo and print Statements">
    <qtimetadata>
      <qtimetadatafield>
        <fieldlabel>cc_maxattempts</fieldlabel>
        <fieldentry>1</fieldentry>
      </qtimetadatafield>
    </qtimetadata>
    <section ident="root_section">
      <item ident="text2qti_question_76bca39fb272464b73e3bb73a02062f094dbcf09f0f13b1b7301c04026f685d4" title="Question">
        <itemmetadata>
          <qtimetadata>
            <qtimetadatafield>
              <fieldlabel>question_type</fieldlabel>
              <fieldentry>multiple_choice_question</fieldentry>
            </qtimetadatafield>
            <qtimetadatafield>
              <fieldlabel>points_possible</fieldlabel>
              <fieldentry>1</fieldentry>
            </qtimetadatafield>
            <qtimetadatafield>
              <fieldlabel>original_answer_ids</fieldlabel>
              <fieldentry>text2qti_choice_6898ed8e3b6b94bcd0dedba2f05ee09210ef9a13148a7ede0ca5a97b8b839a17,text2qti_choice_3e05799517fc131cae15395bb5afe9fa03137057734d0c55aecace678bb16489</fieldentry>
            </qtimetadatafield>
            <qtimetadatafield>
              <fieldlabel>assessment_question_identifierref</fieldlabel>
              <fieldentry>text2qti_question_ref_76bca39fb272464b73e3bb73a02062f094dbcf09f0f13b1b7301c04026f685d4</fieldentry>
            </qtimetadatafield>
          </qtimetadata>
        </itemmetadata>
        <presentation>
          <material>
            <mattext texttype="text/html">&lt;p&gt;Which statement is faster echo or print?&lt;/p&gt;</mattext>
          </material>
          <response_lid ident="response1" rcardinality="Single">
            <render_choice>
              <response_label ident="text2qti_choice_6898ed8e3b6b94bcd0dedba2f05ee09210ef9a13148a7ede0ca5a97b8b839a17">
                <material>
                  <mattext texttype="text/html">&lt;p&gt;echo&lt;/p&gt;</mattext>
                </material>
              </response_label>
              <response_label ident="text2qti_choice_3e05799517fc131cae15395bb5afe9fa03137057734d0c55aecace678bb16489">
                <material>
                  <mattext texttype="text/html">&lt;p&gt;print&lt;/p&gt;</mattext>
                </material>
              </response_label>
            </render_choice>
          </response_lid>
        </presentation>
        <resprocessing>
          <outcomes>
            <decvar maxvalue="100" minvalue="0" varname="SCORE" vartype="Decimal"/>
          </outcomes>
          <respcondition continue="No">
            <conditionvar>
              <varequal respident="response1">text2qti_choice_6898ed8e3b6b94bcd0dedba2f05ee09210ef9a13148a7ede0ca5a97b8b839a17</varequal>
            </conditionvar>
            <setvar action="Set" varname="SCORE">100</setvar>
          </respcondition>
        </resprocessing>
      </item>
      <item ident="text2qti_question_8fab7bf25cb19137406623067b72880d59b9f3075418cf24aedf5e1a0682bbe8" title="Question">
        <itemmetadata>
          <qtimetadata>
            <qtimetadatafield>
              <fieldlabel>question_type</fieldlabel>
              <fieldentry>multiple_choice_question</fieldentry>
            </qtimetadatafield>
            <qtimetadatafield>
              <fieldlabel>points_possible</fieldlabel>
              <fieldentry>1</fieldentry>
            </qtimetadatafield>
            <qtimetadatafield>
              <fieldlabel>original_answer_ids</fieldlabel>
              <fieldentry>text2qti_choice_ab5c91b22a634ea559f03d6d881b76c17b76dbc72aeac81123bd1a6d8baebc82,text2qti_choice_826a5b99847ee1325bb881845dc68573152fe7b7e5c723865e25f8a8a34e1cab,text2qti_choice_a19956fcafd923aad1f85e0269075bacc7ab4be17b4c8104f45837a4aeb61f59,text2qti_choice_4f518580bfba8ec5edc10a838bf4384c8b2f0253b916973fecffe401fd891e68</fieldentry>
            </qtimetadatafield>
            <qtimetadatafield>
              <fieldlabel>assessment_question_identifierref</fieldlabel>
              <fieldentry>text2qti_question_ref_8fab7bf25cb19137406623067b72880d59b9f3075418cf24aedf5e1a0682bbe8</fieldentry>
            </qtimetadatafield>
          </qtimetadata>
        </itemmetadata>
        <presentation>
          <material>
            <mattext texttype="text/html">&lt;p&gt;What is the correct syntax of echo statement in PHP?&lt;/p&gt;</mattext>
          </material>
          <response_lid ident="response1" rcardinality="Single">
            <render_choice>
              <response_label ident="text2qti_choice_ab5c91b22a634ea559f03d6d881b76c17b76dbc72aeac81123bd1a6d8baebc82">
                <material>
                  <mattext texttype="text/html">&lt;p&gt;echo&lt;/p&gt;</mattext>
                </material>
              </response_label>
              <response_label ident="text2qti_choice_826a5b99847ee1325bb881845dc68573152fe7b7e5c723865e25f8a8a34e1cab">
                <material>
                  <mattext texttype="text/html">&lt;p&gt;echo()&lt;/p&gt;</mattext>
                </material>
              </response_label>
              <response_label ident="text2qti_choice_a19956fcafd923aad1f85e0269075bacc7ab4be17b4c8104f45837a4aeb61f59">
                <material>
                  <mattext texttype="text/html">&lt;p&gt;echo = ()&lt;/p&gt;</mattext>
                </material>
              </response_label>
              <response_label ident="text2qti_choice_4f518580bfba8ec5edc10a838bf4384c8b2f0253b916973fecffe401fd891e68">
                <material>
                  <mattext texttype="text/html">&lt;p&gt;Both A. and B.&lt;/p&gt;</mattext>
                </material>
              </response_label>
            </render_choice>
          </response_lid>
        </presentation>
        <resprocessing>
          <outcomes>
            <decvar maxvalue="100" minvalue="0" varname="SCORE" vartype="Decimal"/>
          </outcomes>
          <respcondition continue="No">
            <conditionvar>
              <varequal respident="response1">text2qti_choice_4f518580bfba8ec5edc10a838bf4384c8b2f0253b916973fecffe401fd891e68</varequal>
            </conditionvar>
            <setvar action="Set" varname="SCORE">100</setvar>
          </respcondition>
        </resprocessing>
      </item>
      <item ident="text2qti_question_8eea6fe9ec94c2c1c2509fb2304dd37f182a710d84808ba8cd41b145af43777f" title="Question">
        <itemmetadata>
          <qtimetadata>
            <qtimetadatafield>
              <fieldlabel>question_type</fieldlabel>
              <fieldentry>multiple_choice_question</fieldentry>
            </qtimetadatafield>
            <qtimetadatafield>
              <fieldlabel>points_possible</fieldlabel>
              <fieldentry>1</fieldentry>
            </qtimetadatafield>
            <qtimetadatafield>
              <fieldlabel>original_answer_ids</fieldlabel>
              <fieldentry>text2qti_choice_c56a537fc557683f2852ca49d46e94a9aff785b3ba335d7f7fe23870077cbc68,text2qti_choice_93fdc3fdd68d088b6f2be90bb227590f2cb79640c196049a435436b857207c9e,text2qti_choice_01ea37ae3bdb6073cfbbf8bb1a12a25d9dc43748f6698bdf14cfafa0a8c74be3,text2qti_choice_bbac99ac553cde231cfdaba19bf40ca8a8a3ff6d571bdb50a5cfb2258b384989</fieldentry>
            </qtimetadatafield>
            <qtimetadatafield>
              <fieldlabel>assessment_question_identifierref</fieldlabel>
              <fieldentry>text2qti_question_ref_8eea6fe9ec94c2c1c2509fb2304dd37f182a710d84808ba8cd41b145af43777f</fieldentry>
            </qtimetadatafield>
          </qtimetadata>
        </itemmetadata>
        <presentation>
          <material>
            <mattext texttype="text/html">&lt;p&gt;There is a variable &amp;ldquo;name&amp;rdquo; that contains the name of a person, which is/are the correct echo statement(s) to print the &amp;ldquo;name&amp;rdquo; suffix with &amp;ldquo;Hello&amp;rdquo;.&lt;/p&gt;</mattext>
          </material>
          <response_lid ident="response1" rcardinality="Single">
            <render_choice>
              <response_label ident="text2qti_choice_c56a537fc557683f2852ca49d46e94a9aff785b3ba335d7f7fe23870077cbc68">
                <material>
                  <mattext texttype="text/html">&lt;p&gt;echo &amp;ldquo;Hello $name&amp;rdquo;;&lt;/p&gt;</mattext>
                </material>
              </response_label>
              <response_label ident="text2qti_choice_93fdc3fdd68d088b6f2be90bb227590f2cb79640c196049a435436b857207c9e">
                <material>
                  <mattext texttype="text/html">&lt;p&gt;echo &amp;ldquo;Hello &amp;rdquo; . $name;&lt;/p&gt;</mattext>
                </material>
              </response_label>
              <response_label ident="text2qti_choice_01ea37ae3bdb6073cfbbf8bb1a12a25d9dc43748f6698bdf14cfafa0a8c74be3">
                <material>
                  <mattext texttype="text/html">&lt;p&gt;echo (&amp;ldquo;Hello $name&amp;rdquo;);&lt;/p&gt;</mattext>
                </material>
              </response_label>
              <response_label ident="text2qti_choice_bbac99ac553cde231cfdaba19bf40ca8a8a3ff6d571bdb50a5cfb2258b384989">
                <material>
                  <mattext texttype="text/html">&lt;p&gt;All of the above&lt;/p&gt;</mattext>
                </material>
              </response_label>
            </render_choice>
          </response_lid>
        </presentation>
        <resprocessing>
          <outcomes>
            <decvar maxvalue="100" minvalue="0" varname="SCORE" vartype="Decimal"/>
          </outcomes>
          <respcondition continue="No">
            <conditionvar>
              <varequal respident="response1">text2qti_choice_bbac99ac553cde231cfdaba19bf40ca8a8a3ff6d571bdb50a5cfb2258b384989</varequal>
            </conditionvar>
            <setvar action="Set" varname="SCORE">100</setvar>
          </respcondition>
        </resprocessing>
      </item>
      <item ident="text2qti_question_ac7f2368c4732e1cf27f30ecac0bea5c094b6ca2d42f7f8554e98194aca5c947" title="Question">
        <itemmetadata>
          <qtimetadata>
            <qtimetadatafield>
              <fieldlabel>question_type</fieldlabel>
              <fieldentry>multiple_choice_question</fieldentry>
            </qtimetadatafield>
            <qtimetadatafield>
              <fieldlabel>points_possible</fieldlabel>
              <fieldentry>1</fieldentry>
            </qtimetadatafield>
            <qtimetadatafield>
              <fieldlabel>original_answer_ids</fieldlabel>
              <fieldentry>text2qti_choice_14c453567ad25a661f29f86862aa8063b09b522726e332b9a40f1e88771ad8c8,text2qti_choice_6c1c4e7475fb7bbbc74f7c11f68f08c7f449ad3c63ecc4cc8cf416410211fb98,text2qti_choice_64ecf5d6226bdab275413113867d2d137561f8e72f29d7974252d328aedb2e11,text2qti_choice_c84bd384d59e252bcf6308fc518e2bf998a43cd8ab1011db28a82f88f4dead18</fieldentry>
            </qtimetadatafield>
            <qtimetadatafield>
              <fieldlabel>assessment_question_identifierref</fieldlabel>
              <fieldentry>text2qti_question_ref_ac7f2368c4732e1cf27f30ecac0bea5c094b6ca2d42f7f8554e98194aca5c947</fieldentry>
            </qtimetadatafield>
          </qtimetadata>
        </itemmetadata>
        <presentation>
          <material>
            <mattext texttype="text/html">&lt;p&gt;What is the correct syntax of print statement in PHP?&lt;/p&gt;</mattext>
          </material>
          <response_lid ident="response1" rcardinality="Single">
            <render_choice>
              <response_label ident="text2qti_choice_14c453567ad25a661f29f86862aa8063b09b522726e332b9a40f1e88771ad8c8">
                <material>
                  <mattext texttype="text/html">&lt;p&gt;print&lt;/p&gt;</mattext>
                </material>
              </response_label>
              <response_label ident="text2qti_choice_6c1c4e7475fb7bbbc74f7c11f68f08c7f449ad3c63ecc4cc8cf416410211fb98">
                <material>
                  <mattext texttype="text/html">&lt;p&gt;print()&lt;/p&gt;</mattext>
                </material>
              </response_label>
              <response_label ident="text2qti_choice_64ecf5d6226bdab275413113867d2d137561f8e72f29d7974252d328aedb2e11">
                <material>
                  <mattext texttype="text/html">&lt;p&gt;print = ()&lt;/p&gt;</mattext>
                </material>
              </response_label>
              <response_label ident="text2qti_choice_c84bd384d59e252bcf6308fc518e2bf998a43cd8ab1011db28a82f88f4dead18">
                <material>
                  <mattext texttype="text/html">&lt;p&gt;Both A. and B.&lt;/p&gt;</mattext>
                </material>
              </response_label>
            </render_choice>
          </response_lid>
        </presentation>
        <resprocessing>
          <outcomes>
            <decvar maxvalue="100" minvalue="0" varname="SCORE" vartype="Decimal"/>
          </outcomes>
          <respcondition continue="No">
            <conditionvar>
              <varequal respident="response1">text2qti_choice_c84bd384d59e252bcf6308fc518e2bf998a43cd8ab1011db28a82f88f4dead18</varequal>
            </conditionvar>
            <setvar action="Set" varname="SCORE">100</setvar>
          </respcondition>
        </resprocessing>
      </item>
      <item ident="text2qti_question_7eca96a964008371da78b794cd126ab734898701653efd792d704c73d52fd39b" title="Question">
        <itemmetadata>
          <qtimetadata>
            <qtimetadatafield>
              <fieldlabel>question_type</fieldlabel>
              <fieldentry>multiple_choice_question</fieldentry>
            </qtimetadatafield>
            <qtimetadatafield>
              <fieldlabel>points_possible</fieldlabel>
              <fieldentry>1</fieldentry>
            </qtimetadatafield>
            <qtimetadatafield>
              <fieldlabel>original_answer_ids</fieldlabel>
              <fieldentry>text2qti_choice_0705b485e6eb1e51b7d27dc90612437b01dbfc1a37bf23e8ed1245a39abb36ff,text2qti_choice_15a64eabf9a12eba79f7a722e1ceeb0cd1b4692a876b5dbd34f3ea5298e146e3,text2qti_choice_b873416b3ad2ecf0c3939d3ae4fd5fcaafeabdfb7badcf9097fbfd65465e86f6,text2qti_choice_1ef89bc36ff98db128033945c57b2f3e2a0187a56fca7634d461aab872f95f75</fieldentry>
            </qtimetadatafield>
            <qtimetadatafield>
              <fieldlabel>assessment_question_identifierref</fieldlabel>
              <fieldentry>text2qti_question_ref_7eca96a964008371da78b794cd126ab734898701653efd792d704c73d52fd39b</fieldentry>
            </qtimetadatafield>
          </qtimetadata>
        </itemmetadata>
        <presentation>
          <material>
            <mattext texttype="text/html">&lt;p&gt;There is a variable &amp;ldquo;name&amp;rdquo; that contains the name of a person, which is/are the correct print statement(s) to print the &amp;ldquo;name&amp;rdquo; suffix with &amp;ldquo;Hello&amp;rdquo;.&lt;/p&gt;</mattext>
          </material>
          <response_lid ident="response1" rcardinality="Single">
            <render_choice>
              <response_label ident="text2qti_choice_0705b485e6eb1e51b7d27dc90612437b01dbfc1a37bf23e8ed1245a39abb36ff">
                <material>
                  <mattext texttype="text/html">&lt;p&gt;print &amp;ldquo;Hello $name&amp;rdquo;;&lt;/p&gt;</mattext>
                </material>
              </response_label>
              <response_label ident="text2qti_choice_15a64eabf9a12eba79f7a722e1ceeb0cd1b4692a876b5dbd34f3ea5298e146e3">
                <material>
                  <mattext texttype="text/html">&lt;p&gt;print &amp;ldquo;Hello &amp;rdquo; . $name;&lt;/p&gt;</mattext>
                </material>
              </response_label>
              <response_label ident="text2qti_choice_b873416b3ad2ecf0c3939d3ae4fd5fcaafeabdfb7badcf9097fbfd65465e86f6">
                <material>
                  <mattext texttype="text/html">&lt;p&gt;print (&amp;ldquo;Hello $name&amp;rdquo;);&lt;/p&gt;</mattext>
                </material>
              </response_label>
              <response_label ident="text2qti_choice_1ef89bc36ff98db128033945c57b2f3e2a0187a56fca7634d461aab872f95f75">
                <material>
                  <mattext texttype="text/html">&lt;p&gt;All of the above&lt;/p&gt;</mattext>
                </material>
              </response_label>
            </render_choice>
          </response_lid>
        </presentation>
        <resprocessing>
          <outcomes>
            <decvar maxvalue="100" minvalue="0" varname="SCORE" vartype="Decimal"/>
          </outcomes>
          <respcondition continue="No">
            <conditionvar>
              <varequal respident="response1">text2qti_choice_1ef89bc36ff98db128033945c57b2f3e2a0187a56fca7634d461aab872f95f75</varequal>
            </conditionvar>
            <setvar action="Set" varname="SCORE">100</setvar>
          </respcondition>
        </resprocessing>
      </item>
      <item ident="text2qti_question_fbaee9362191ce0657cd34474cfbb6618f04347fd02a35e4a194c21ab5c787e4" title="Question">
        <itemmetadata>
          <qtimetadata>
            <qtimetadatafield>
              <fieldlabel>question_type</fieldlabel>
              <fieldentry>multiple_choice_question</fieldentry>
            </qtimetadatafield>
            <qtimetadatafield>
              <fieldlabel>points_possible</fieldlabel>
              <fieldentry>1</fieldentry>
            </qtimetadatafield>
            <qtimetadatafield>
              <fieldlabel>original_answer_ids</fieldlabel>
              <fieldentry>text2qti_choice_c041b27f75c32d206a8080ebc5211ffdc3e461ec63e0b8cb9a10dd703f9c9315,text2qti_choice_cd8618a03e33a10c00dcb4b94296c9b72a4c56c60c0e190a0a81b52fa59132a3,text2qti_choice_2c1fbb76bdc8c3d592cea6b30751743b69eb11fef03545c77a3dd19f5d2b4529,text2qti_choice_addd534e13bcedbf0cf0583e46960a500ee979cb197e630885a1b7d47b49452e</fieldentry>
            </qtimetadatafield>
            <qtimetadatafield>
              <fieldlabel>assessment_question_identifierref</fieldlabel>
              <fieldentry>text2qti_question_ref_fbaee9362191ce0657cd34474cfbb6618f04347fd02a35e4a194c21ab5c787e4</fieldentry>
            </qtimetadatafield>
          </qtimetadata>
        </itemmetadata>
        <presentation>
          <material>
            <mattext texttype="text/html">&lt;p&gt;What will be the output of the following PHP code?&lt;/p&gt;</mattext>
          </material>
          <response_lid ident="response1" rcardinality="Single">
            <render_choice>
              <response_label ident="text2qti_choice_c041b27f75c32d206a8080ebc5211ffdc3e461ec63e0b8cb9a10dd703f9c9315">
                <material>
                  <mattext texttype="text/html">&lt;p&gt;5, 10+10&lt;/p&gt;</mattext>
                </material>
              </response_label>
              <response_label ident="text2qti_choice_cd8618a03e33a10c00dcb4b94296c9b72a4c56c60c0e190a0a81b52fa59132a3">
                <material>
                  <mattext texttype="text/html">&lt;p&gt;5, 20&lt;/p&gt;</mattext>
                </material>
              </response_label>
              <response_label ident="text2qti_choice_2c1fbb76bdc8c3d592cea6b30751743b69eb11fef03545c77a3dd19f5d2b4529">
                <material>
                  <mattext texttype="text/html">&lt;p&gt;5 10+10&lt;/p&gt;</mattext>
                </material>
              </response_label>
              <response_label ident="text2qti_choice_addd534e13bcedbf0cf0583e46960a500ee979cb197e630885a1b7d47b49452e">
                <material>
                  <mattext texttype="text/html">&lt;p&gt;5 20&lt;/p&gt;</mattext>
                </material>
              </response_label>
            </render_choice>
          </response_lid>
        </presentation>
        <resprocessing>
          <outcomes>
            <decvar maxvalue="100" minvalue="0" varname="SCORE" vartype="Decimal"/>
          </outcomes>
          <respcondition continue="No">
            <conditionvar>
              <varequal respident="response1">text2qti_choice_c041b27f75c32d206a8080ebc5211ffdc3e461ec63e0b8cb9a10dd703f9c9315</varequal>
            </conditionvar>
            <setvar action="Set" varname="SCORE">100</setvar>
          </respcondition>
        </resprocessing>
      </item>
      <item ident="text2qti_question_716708b47cb3a1782c51d096a3a92c6ff1efa51a269df3354090f46f4d106c93" title="Question">
        <itemmetadata>
          <qtimetadata>
            <qtimetadatafield>
              <fieldlabel>question_type</fieldlabel>
              <fieldentry>multiple_choice_question</fieldentry>
            </qtimetadatafield>
            <qtimetadatafield>
              <fieldlabel>points_possible</fieldlabel>
              <fieldentry>1</fieldentry>
            </qtimetadatafield>
            <qtimetadatafield>
              <fieldlabel>original_answer_ids</fieldlabel>
              <fieldentry>text2qti_choice_2bc48205abf9eb05398621b8fc79aa708d4a3eb82925504d006227b3188fff3a,text2qti_choice_3391e403e1cee1a2f94e9cd1ba3ab50fbb5fc7afb4096f6128c007c0c6608a1c,text2qti_choice_51d076605bddc3a77693864a70fd5fe13a3d39d44d69c8a7a17f96cb4e93044c,text2qti_choice_02a737c56a2d6b4ff70172ee4eb69a9e9457c0db5d7dbaa2f4280fbf819de237</fieldentry>
            </qtimetadatafield>
            <qtimetadatafield>
              <fieldlabel>assessment_question_identifierref</fieldlabel>
              <fieldentry>text2qti_question_ref_716708b47cb3a1782c51d096a3a92c6ff1efa51a269df3354090f46f4d106c93</fieldentry>
            </qtimetadatafield>
          </qtimetadata>
        </itemmetadata>
        <presentation>
          <material>
            <mattext texttype="text/html">&lt;p&gt;What will be the output of the following PHP code?&amp;lt;?phpvar_dump (print &amp;ldquo;Hello&amp;rdquo;);?&amp;gt;&lt;/p&gt;</mattext>
          </material>
          <response_lid ident="response1" rcardinality="Single">
            <render_choice>
              <response_label ident="text2qti_choice_2bc48205abf9eb05398621b8fc79aa708d4a3eb82925504d006227b3188fff3a">
                <material>
                  <mattext texttype="text/html">&lt;p&gt;Helloint(5)&lt;/p&gt;</mattext>
                </material>
              </response_label>
              <response_label ident="text2qti_choice_3391e403e1cee1a2f94e9cd1ba3ab50fbb5fc7afb4096f6128c007c0c6608a1c">
                <material>
                  <mattext texttype="text/html">&lt;p&gt;Helloint(6)&lt;/p&gt;</mattext>
                </material>
              </response_label>
              <response_label ident="text2qti_choice_51d076605bddc3a77693864a70fd5fe13a3d39d44d69c8a7a17f96cb4e93044c">
                <material>
                  <mattext texttype="text/html">&lt;p&gt;Helloint(1)&lt;/p&gt;</mattext>
                </material>
              </response_label>
              <response_label ident="text2qti_choice_02a737c56a2d6b4ff70172ee4eb69a9e9457c0db5d7dbaa2f4280fbf819de237">
                <material>
                  <mattext texttype="text/html">&lt;p&gt;Hellonumber(5)&lt;/p&gt;</mattext>
                </material>
              </response_label>
            </render_choice>
          </response_lid>
        </presentation>
        <resprocessing>
          <outcomes>
            <decvar maxvalue="100" minvalue="0" varname="SCORE" vartype="Decimal"/>
          </outcomes>
          <respcondition continue="No">
            <conditionvar>
              <varequal respident="response1">text2qti_choice_51d076605bddc3a77693864a70fd5fe13a3d39d44d69c8a7a17f96cb4e93044c</varequal>
            </conditionvar>
            <setvar action="Set" varname="SCORE">100</setvar>
          </respcondition>
        </resprocessing>
      </item>
    </section>
  </assessment>
</questestinterop>
