<?xml version="1.0" encoding="UTF-8"?>
<questestinterop xmlns="http://www.imsglobal.org/xsd/ims_qtiasiv1p2" xmlns:xsi="http://www.w3.org/2001/XMLSchema-instance" xsi:schemaLocation="http://www.imsglobal.org/xsd/ims_qtiasiv1p2 http://www.imsglobal.org/xsd/ims_qtiasiv1p2p1.xsd">
  <assessment ident="text2qti_assessment_91622b637a52f4528af3d25ce2ac95c36ef30976f348877683bed1a338aed35f" title="Data Types MCQs">
    <qtimetadata>
      <qtimetadatafield>
        <fieldlabel>cc_maxattempts</fieldlabel>
        <fieldentry>1</fieldentry>
      </qtimetadatafield>
    </qtimetadata>
    <section ident="root_section">
      <item ident="text2qti_question_0ceae550373820f655a80d3f7472d05aaacb090d506d0721445d3381d0714351" title="Question">
        <itemmetadata>
          <qtimetadata>
            <qtimetadatafield>
              <fieldlabel>question_type</fieldlabel>
              <fieldentry>multiple_choice_question</fieldentry>
            </qtimetadatafield>
            <qtimetadatafield>
              <fieldlabel>points_possible</fieldlabel>
              <fieldentry>1</fieldentry>
            </qtimetadatafield>
            <qtimetadatafield>
              <fieldlabel>original_answer_ids</fieldlabel>
              <fieldentry>text2qti_choice_f389b14d088f6723bfaa28faaccf2e88bdd112a65800501cd3193dd298545923,text2qti_choice_f862147af7845b7fe1a2afc873eab071e653b996675f0e5f8ff619d06879e9e5,text2qti_choice_3c6338cb9e4cd2813a29a43989e66b6f58fe83e50498e53d15c20d36711a4433,text2qti_choice_223cbc7593317fc08ab833a2d575d1c02782fc7d841fea597f34b69d808e5934</fieldentry>
            </qtimetadatafield>
            <qtimetadatafield>
              <fieldlabel>assessment_question_identifierref</fieldlabel>
              <fieldentry>text2qti_question_ref_0ceae550373820f655a80d3f7472d05aaacb090d506d0721445d3381d0714351</fieldentry>
            </qtimetadatafield>
          </qtimetadata>
        </itemmetadata>
        <presentation>
          <material>
            <mattext texttype="text/html">&lt;p&gt;Which data type is not supported by PHP?&lt;/p&gt;</mattext>
          </material>
          <response_lid ident="response1" rcardinality="Single">
            <render_choice>
              <response_label ident="text2qti_choice_f389b14d088f6723bfaa28faaccf2e88bdd112a65800501cd3193dd298545923">
                <material>
                  <mattext texttype="text/html">&lt;p&gt;Integer&lt;/p&gt;</mattext>
                </material>
              </response_label>
              <response_label ident="text2qti_choice_f862147af7845b7fe1a2afc873eab071e653b996675f0e5f8ff619d06879e9e5">
                <material>
                  <mattext texttype="text/html">&lt;p&gt;Complex&lt;/p&gt;</mattext>
                </material>
              </response_label>
              <response_label ident="text2qti_choice_3c6338cb9e4cd2813a29a43989e66b6f58fe83e50498e53d15c20d36711a4433">
                <material>
                  <mattext texttype="text/html">&lt;p&gt;Float&lt;/p&gt;</mattext>
                </material>
              </response_label>
              <response_label ident="text2qti_choice_223cbc7593317fc08ab833a2d575d1c02782fc7d841fea597f34b69d808e5934">
                <material>
                  <mattext texttype="text/html">&lt;p&gt;String&lt;/p&gt;</mattext>
                </material>
              </response_label>
            </render_choice>
          </response_lid>
        </presentation>
        <resprocessing>
          <outcomes>
            <decvar maxvalue="100" minvalue="0" varname="SCORE" vartype="Decimal"/>
          </outcomes>
          <respcondition continue="No">
            <conditionvar>
              <varequal respident="response1">text2qti_choice_f862147af7845b7fe1a2afc873eab071e653b996675f0e5f8ff619d06879e9e5</varequal>
            </conditionvar>
            <setvar action="Set" varname="SCORE">100</setvar>
          </respcondition>
        </resprocessing>
      </item>
      <item ident="text2qti_question_f23e7a7c747f4e1922038f5c53387ff16f2944107590017031b440f29c5ae81a" title="Question">
        <itemmetadata>
          <qtimetadata>
            <qtimetadatafield>
              <fieldlabel>question_type</fieldlabel>
              <fieldentry>multiple_choice_question</fieldentry>
            </qtimetadatafield>
            <qtimetadatafield>
              <fieldlabel>points_possible</fieldlabel>
              <fieldentry>1</fieldentry>
            </qtimetadatafield>
            <qtimetadatafield>
              <fieldlabel>original_answer_ids</fieldlabel>
              <fieldentry>text2qti_choice_22314c11f1004251866caf9afd22b74938b846f6045d01d51130df6fc4de0dff,text2qti_choice_1902a67ce545d5e90ddf0cad75ec5f20679342edd2a0d6292da318078990b620,text2qti_choice_b2efa0f1ed1c8f964effef74cf34b8e4f47c22c474f09ea8c098cc4dfc5bdfe9,text2qti_choice_12a2f5278869ebec046a69f1952885fc44eaf62a82700d56ac8a7cbacf13f0f7</fieldentry>
            </qtimetadatafield>
            <qtimetadatafield>
              <fieldlabel>assessment_question_identifierref</fieldlabel>
              <fieldentry>text2qti_question_ref_f23e7a7c747f4e1922038f5c53387ff16f2944107590017031b440f29c5ae81a</fieldentry>
            </qtimetadatafield>
          </qtimetadata>
        </itemmetadata>
        <presentation>
          <material>
            <mattext texttype="text/html">&lt;p&gt;String is placed within _____.&lt;/p&gt;</mattext>
          </material>
          <response_lid ident="response1" rcardinality="Single">
            <render_choice>
              <response_label ident="text2qti_choice_22314c11f1004251866caf9afd22b74938b846f6045d01d51130df6fc4de0dff">
                <material>
                  <mattext texttype="text/html">&lt;p&gt;Double quotes (&amp;ldquo;&amp;rdquo;)&lt;/p&gt;</mattext>
                </material>
              </response_label>
              <response_label ident="text2qti_choice_1902a67ce545d5e90ddf0cad75ec5f20679342edd2a0d6292da318078990b620">
                <material>
                  <mattext texttype="text/html">&lt;p&gt;Single quotes (&amp;lsquo;&amp;rsquo;)&lt;/p&gt;</mattext>
                </material>
              </response_label>
              <response_label ident="text2qti_choice_b2efa0f1ed1c8f964effef74cf34b8e4f47c22c474f09ea8c098cc4dfc5bdfe9">
                <material>
                  <mattext texttype="text/html">&lt;p&gt;Both A. and B.&lt;/p&gt;</mattext>
                </material>
              </response_label>
              <response_label ident="text2qti_choice_12a2f5278869ebec046a69f1952885fc44eaf62a82700d56ac8a7cbacf13f0f7">
                <material>
                  <mattext texttype="text/html">&lt;p&gt;None of the above&lt;/p&gt;</mattext>
                </material>
              </response_label>
            </render_choice>
          </response_lid>
        </presentation>
        <resprocessing>
          <outcomes>
            <decvar maxvalue="100" minvalue="0" varname="SCORE" vartype="Decimal"/>
          </outcomes>
          <respcondition continue="No">
            <conditionvar>
              <varequal respident="response1">text2qti_choice_12a2f5278869ebec046a69f1952885fc44eaf62a82700d56ac8a7cbacf13f0f7</varequal>
            </conditionvar>
            <setvar action="Set" varname="SCORE">100</setvar>
          </respcondition>
        </resprocessing>
      </item>
      <item ident="text2qti_question_720314eebfdfaca4e3f7d63b13b4225dcedc739420efa778cc38bb21251af255" title="Question">
        <itemmetadata>
          <qtimetadata>
            <qtimetadatafield>
              <fieldlabel>question_type</fieldlabel>
              <fieldentry>multiple_choice_question</fieldentry>
            </qtimetadatafield>
            <qtimetadatafield>
              <fieldlabel>points_possible</fieldlabel>
              <fieldentry>1</fieldentry>
            </qtimetadatafield>
            <qtimetadatafield>
              <fieldlabel>original_answer_ids</fieldlabel>
              <fieldentry>text2qti_choice_48ad1810894fef8db05e3b9cce1d4a4e0e1605639de2062eaa0816d8deb6c105,text2qti_choice_e7883a8e271d38921d4010b3d473ea33f90b558712e87f82bf4f92b4a6a58380,text2qti_choice_db8159e54dfc10dd8af33b8efa32156c022c998dca7dc65ad1a43e6de0677b55,text2qti_choice_23c06775bef4d077d005b29e7c61d7926d3c1407c0985b9c5297bac6a6cfb719</fieldentry>
            </qtimetadatafield>
            <qtimetadatafield>
              <fieldlabel>assessment_question_identifierref</fieldlabel>
              <fieldentry>text2qti_question_ref_720314eebfdfaca4e3f7d63b13b4225dcedc739420efa778cc38bb21251af255</fieldentry>
            </qtimetadatafield>
          </qtimetadata>
        </itemmetadata>
        <presentation>
          <material>
            <mattext texttype="text/html">&lt;p&gt;A PHP integer data type can store values between ____.&lt;/p&gt;</mattext>
          </material>
          <response_lid ident="response1" rcardinality="Single">
            <render_choice>
              <response_label ident="text2qti_choice_48ad1810894fef8db05e3b9cce1d4a4e0e1605639de2062eaa0816d8deb6c105">
                <material>
                  <mattext texttype="text/html">&lt;p&gt;-65,536 and 65,535&lt;/p&gt;</mattext>
                </material>
              </response_label>
              <response_label ident="text2qti_choice_e7883a8e271d38921d4010b3d473ea33f90b558712e87f82bf4f92b4a6a58380">
                <material>
                  <mattext texttype="text/html">&lt;p&gt;0 and 4,294,967,295&lt;/p&gt;</mattext>
                </material>
              </response_label>
              <response_label ident="text2qti_choice_db8159e54dfc10dd8af33b8efa32156c022c998dca7dc65ad1a43e6de0677b55">
                <material>
                  <mattext texttype="text/html">&lt;p&gt;-(2^63) and (2^63)-1&lt;/p&gt;</mattext>
                </material>
              </response_label>
              <response_label ident="text2qti_choice_23c06775bef4d077d005b29e7c61d7926d3c1407c0985b9c5297bac6a6cfb719">
                <material>
                  <mattext texttype="text/html">&lt;p&gt;-2,147,483,648 and 2,147,483,647&lt;/p&gt;</mattext>
                </material>
              </response_label>
            </render_choice>
          </response_lid>
        </presentation>
        <resprocessing>
          <outcomes>
            <decvar maxvalue="100" minvalue="0" varname="SCORE" vartype="Decimal"/>
          </outcomes>
          <respcondition continue="No">
            <conditionvar>
              <varequal respident="response1">text2qti_choice_23c06775bef4d077d005b29e7c61d7926d3c1407c0985b9c5297bac6a6cfb719</varequal>
            </conditionvar>
            <setvar action="Set" varname="SCORE">100</setvar>
          </respcondition>
        </resprocessing>
      </item>
      <item ident="text2qti_question_4ee7467bb446e4d6f2202f21e1116a48e7bbcc9f2a1c050f1d60d21826d44ee0" title="Question">
        <itemmetadata>
          <qtimetadata>
            <qtimetadatafield>
              <fieldlabel>question_type</fieldlabel>
              <fieldentry>multiple_choice_question</fieldentry>
            </qtimetadatafield>
            <qtimetadatafield>
              <fieldlabel>points_possible</fieldlabel>
              <fieldentry>1</fieldentry>
            </qtimetadatafield>
            <qtimetadatafield>
              <fieldlabel>original_answer_ids</fieldlabel>
              <fieldentry>text2qti_choice_1fff2b5aef97a30dd266e80476eeed5ac264149392a0e3a2d5a02c94e0beebdc,text2qti_choice_77d8fce424f1f60228d78b98c4a7b0a351b76f4263545c413bdd43bf9f53e6e5</fieldentry>
            </qtimetadatafield>
            <qtimetadatafield>
              <fieldlabel>assessment_question_identifierref</fieldlabel>
              <fieldentry>text2qti_question_ref_4ee7467bb446e4d6f2202f21e1116a48e7bbcc9f2a1c050f1d60d21826d44ee0</fieldentry>
            </qtimetadatafield>
          </qtimetadata>
        </itemmetadata>
        <presentation>
          <material>
            <mattext texttype="text/html">&lt;p&gt;&amp;ldquo;Array&amp;rdquo; is a data type in PHP?&lt;/p&gt;</mattext>
          </material>
          <response_lid ident="response1" rcardinality="Single">
            <render_choice>
              <response_label ident="text2qti_choice_1fff2b5aef97a30dd266e80476eeed5ac264149392a0e3a2d5a02c94e0beebdc">
                <material>
                  <mattext texttype="text/html">&lt;p&gt;Yes&lt;/p&gt;</mattext>
                </material>
              </response_label>
              <response_label ident="text2qti_choice_77d8fce424f1f60228d78b98c4a7b0a351b76f4263545c413bdd43bf9f53e6e5">
                <material>
                  <mattext texttype="text/html">&lt;p&gt;No&lt;/p&gt;</mattext>
                </material>
              </response_label>
            </render_choice>
          </response_lid>
        </presentation>
        <resprocessing>
          <outcomes>
            <decvar maxvalue="100" minvalue="0" varname="SCORE" vartype="Decimal"/>
          </outcomes>
          <respcondition continue="No">
            <conditionvar>
              <varequal respident="response1">text2qti_choice_1fff2b5aef97a30dd266e80476eeed5ac264149392a0e3a2d5a02c94e0beebdc</varequal>
            </conditionvar>
            <setvar action="Set" varname="SCORE">100</setvar>
          </respcondition>
        </resprocessing>
      </item>
      <item ident="text2qti_question_558d5d92aaeeaa20a86fa49695a4ae11a7d8c087dbddb540c6fa0de9d0066a90" title="Question">
        <itemmetadata>
          <qtimetadata>
            <qtimetadatafield>
              <fieldlabel>question_type</fieldlabel>
              <fieldentry>multiple_choice_question</fieldentry>
            </qtimetadatafield>
            <qtimetadatafield>
              <fieldlabel>points_possible</fieldlabel>
              <fieldentry>1</fieldentry>
            </qtimetadatafield>
            <qtimetadatafield>
              <fieldlabel>original_answer_ids</fieldlabel>
              <fieldentry>text2qti_choice_4edc02f677a61b3287e247c027f37c751f0c5dab71e61fd2888ee05947ac8c31,text2qti_choice_f5d6dd0a56b83d0ccff4702728a02500f79fd0d975011dafc86b63f0d134d2b3,text2qti_choice_921aa3341bd8ccebb1c775f35770cdbcebe49869fefc78079214120d90faeb6e,text2qti_choice_c7d0b8fddc255f42659f72f246f5afcdea35b1c9b8e6998088d25f04996094a6</fieldentry>
            </qtimetadatafield>
            <qtimetadatafield>
              <fieldlabel>assessment_question_identifierref</fieldlabel>
              <fieldentry>text2qti_question_ref_558d5d92aaeeaa20a86fa49695a4ae11a7d8c087dbddb540c6fa0de9d0066a90</fieldentry>
            </qtimetadatafield>
          </qtimetadata>
        </itemmetadata>
        <presentation>
          <material>
            <mattext texttype="text/html">&lt;p&gt;What will be the output of the following PHP code?1&lt;/p&gt;</mattext>
          </material>
          <response_lid ident="response1" rcardinality="Single">
            <render_choice>
              <response_label ident="text2qti_choice_4edc02f677a61b3287e247c027f37c751f0c5dab71e61fd2888ee05947ac8c31">
                <material>
                  <mattext texttype="text/html">&lt;p&gt;boolean(&amp;lsquo;true&amp;rsquo;)&lt;/p&gt;</mattext>
                </material>
              </response_label>
              <response_label ident="text2qti_choice_f5d6dd0a56b83d0ccff4702728a02500f79fd0d975011dafc86b63f0d134d2b3">
                <material>
                  <mattext texttype="text/html">&lt;p&gt;boolean(true)&lt;/p&gt;</mattext>
                </material>
              </response_label>
              <response_label ident="text2qti_choice_921aa3341bd8ccebb1c775f35770cdbcebe49869fefc78079214120d90faeb6e">
                <material>
                  <mattext texttype="text/html">&lt;p&gt;bool(true)&lt;/p&gt;</mattext>
                </material>
              </response_label>
              <response_label ident="text2qti_choice_c7d0b8fddc255f42659f72f246f5afcdea35b1c9b8e6998088d25f04996094a6">
                <material>
                  <mattext texttype="text/html">&lt;p&gt;bool(&amp;lsquo;true&amp;rsquo;)&lt;/p&gt;</mattext>
                </material>
              </response_label>
            </render_choice>
          </response_lid>
        </presentation>
        <resprocessing>
          <outcomes>
            <decvar maxvalue="100" minvalue="0" varname="SCORE" vartype="Decimal"/>
          </outcomes>
          <respcondition continue="No">
            <conditionvar>
              <varequal respident="response1">text2qti_choice_921aa3341bd8ccebb1c775f35770cdbcebe49869fefc78079214120d90faeb6e</varequal>
            </conditionvar>
            <setvar action="Set" varname="SCORE">100</setvar>
          </respcondition>
        </resprocessing>
      </item>
      <item ident="text2qti_question_da398b877301f486b5451a36f885c40b7dddbd473cd4a7c314f11c246bbe4f5d" title="Question">
        <itemmetadata>
          <qtimetadata>
            <qtimetadatafield>
              <fieldlabel>question_type</fieldlabel>
              <fieldentry>multiple_choice_question</fieldentry>
            </qtimetadatafield>
            <qtimetadatafield>
              <fieldlabel>points_possible</fieldlabel>
              <fieldentry>1</fieldentry>
            </qtimetadatafield>
            <qtimetadatafield>
              <fieldlabel>original_answer_ids</fieldlabel>
              <fieldentry>text2qti_choice_376e9abda6af61bef38da9bcee17324e143571ade1d354697f40f174d3fdade7,text2qti_choice_371409331934f71cec8cd963a1c199df857039e8deadd2563f725a8a8c243e16,text2qti_choice_0254a4073cfc653ad272b05945dca78577f851bca7c5ac0402f3abba1a43d0e5,text2qti_choice_03f162df75200ac337be74953a342f794b41b75caeaa12b84e33021c3034ba4b</fieldentry>
            </qtimetadatafield>
            <qtimetadatafield>
              <fieldlabel>assessment_question_identifierref</fieldlabel>
              <fieldentry>text2qti_question_ref_da398b877301f486b5451a36f885c40b7dddbd473cd4a7c314f11c246bbe4f5d</fieldentry>
            </qtimetadatafield>
          </qtimetadata>
        </itemmetadata>
        <presentation>
          <material>
            <mattext texttype="text/html">&lt;p&gt;What will be the output of the following PHP code?2&lt;/p&gt;</mattext>
          </material>
          <response_lid ident="response1" rcardinality="Single">
            <render_choice>
              <response_label ident="text2qti_choice_376e9abda6af61bef38da9bcee17324e143571ade1d354697f40f174d3fdade7">
                <material>
                  <mattext texttype="text/html">&lt;p&gt;array&lt;/p&gt;</mattext>
                </material>
              </response_label>
              <response_label ident="text2qti_choice_371409331934f71cec8cd963a1c199df857039e8deadd2563f725a8a8c243e16">
                <material>
                  <mattext texttype="text/html">&lt;p&gt;array(4)&lt;/p&gt;</mattext>
                </material>
              </response_label>
              <response_label ident="text2qti_choice_0254a4073cfc653ad272b05945dca78577f851bca7c5ac0402f3abba1a43d0e5">
                <material>
                  <mattext texttype="text/html">&lt;p&gt;object&lt;/p&gt;</mattext>
                </material>
              </response_label>
              <response_label ident="text2qti_choice_03f162df75200ac337be74953a342f794b41b75caeaa12b84e33021c3034ba4b">
                <material>
                  <mattext texttype="text/html">&lt;p&gt;string&lt;/p&gt;</mattext>
                </material>
              </response_label>
            </render_choice>
          </response_lid>
        </presentation>
        <resprocessing>
          <outcomes>
            <decvar maxvalue="100" minvalue="0" varname="SCORE" vartype="Decimal"/>
          </outcomes>
          <respcondition continue="No">
            <conditionvar>
              <varequal respident="response1">text2qti_choice_376e9abda6af61bef38da9bcee17324e143571ade1d354697f40f174d3fdade7</varequal>
            </conditionvar>
            <setvar action="Set" varname="SCORE">100</setvar>
          </respcondition>
        </resprocessing>
      </item>
      <item ident="text2qti_question_dc3a82c039c0a8e65fc3cd9536bd4fa1eed865be6f9bd7375c343572a5345683" title="Question">
        <itemmetadata>
          <qtimetadata>
            <qtimetadatafield>
              <fieldlabel>question_type</fieldlabel>
              <fieldentry>multiple_choice_question</fieldentry>
            </qtimetadatafield>
            <qtimetadatafield>
              <fieldlabel>points_possible</fieldlabel>
              <fieldentry>1</fieldentry>
            </qtimetadatafield>
            <qtimetadatafield>
              <fieldlabel>original_answer_ids</fieldlabel>
              <fieldentry>text2qti_choice_19e3a01f6ac1a8dda2bf8dace285cca6a5452fcac9bf50e3e4884c2fd7f534c8,text2qti_choice_30ea864654cb0b2c826f2656e035531e8fd60c6dba738381ea9f5356529b7cc6,text2qti_choice_16d1f69c350852215ee33dfd36b7aba4aa211d92242a87dc9363d6936550a298,text2qti_choice_94a1b08caba6e6ed38ff03b10a260073f586393a63fe5f8ebff323f888e3cc2c</fieldentry>
            </qtimetadatafield>
            <qtimetadatafield>
              <fieldlabel>assessment_question_identifierref</fieldlabel>
              <fieldentry>text2qti_question_ref_dc3a82c039c0a8e65fc3cd9536bd4fa1eed865be6f9bd7375c343572a5345683</fieldentry>
            </qtimetadatafield>
          </qtimetadata>
        </itemmetadata>
        <presentation>
          <material>
            <mattext texttype="text/html">&lt;p&gt;What is NULL in PHP?&lt;/p&gt;</mattext>
          </material>
          <response_lid ident="response1" rcardinality="Single">
            <render_choice>
              <response_label ident="text2qti_choice_19e3a01f6ac1a8dda2bf8dace285cca6a5452fcac9bf50e3e4884c2fd7f534c8">
                <material>
                  <mattext texttype="text/html">&lt;p&gt;Value&lt;/p&gt;</mattext>
                </material>
              </response_label>
              <response_label ident="text2qti_choice_30ea864654cb0b2c826f2656e035531e8fd60c6dba738381ea9f5356529b7cc6">
                <material>
                  <mattext texttype="text/html">&lt;p&gt;Keyword&lt;/p&gt;</mattext>
                </material>
              </response_label>
              <response_label ident="text2qti_choice_16d1f69c350852215ee33dfd36b7aba4aa211d92242a87dc9363d6936550a298">
                <material>
                  <mattext texttype="text/html">&lt;p&gt;Data Type&lt;/p&gt;</mattext>
                </material>
              </response_label>
              <response_label ident="text2qti_choice_94a1b08caba6e6ed38ff03b10a260073f586393a63fe5f8ebff323f888e3cc2c">
                <material>
                  <mattext texttype="text/html">&lt;p&gt;Function&lt;/p&gt;</mattext>
                </material>
              </response_label>
            </render_choice>
          </response_lid>
        </presentation>
        <resprocessing>
          <outcomes>
            <decvar maxvalue="100" minvalue="0" varname="SCORE" vartype="Decimal"/>
          </outcomes>
          <respcondition continue="No">
            <conditionvar>
              <varequal respident="response1">text2qti_choice_94a1b08caba6e6ed38ff03b10a260073f586393a63fe5f8ebff323f888e3cc2c</varequal>
            </conditionvar>
            <setvar action="Set" varname="SCORE">100</setvar>
          </respcondition>
        </resprocessing>
      </item>
      <item ident="text2qti_question_908417a1cdf75835e8fae76a1c5491c49b304fcd03acc446465e1a36f959b764" title="Question">
        <itemmetadata>
          <qtimetadata>
            <qtimetadatafield>
              <fieldlabel>question_type</fieldlabel>
              <fieldentry>multiple_choice_question</fieldentry>
            </qtimetadatafield>
            <qtimetadatafield>
              <fieldlabel>points_possible</fieldlabel>
              <fieldentry>1</fieldentry>
            </qtimetadatafield>
            <qtimetadatafield>
              <fieldlabel>original_answer_ids</fieldlabel>
              <fieldentry>text2qti_choice_77385349021eae6b4231854593c92a7b55fcc8b63592f0f601195036025f349c,text2qti_choice_758278723a9cabad10af7fe363c356bfd509552613823098afbde9b6ea8928e4,text2qti_choice_ff5f36bbb48839f84540adb1e4b3d21df7694c9137ab6a20673289eb366b3ff0,text2qti_choice_89f87cee14cf44a070c7d2949b7e15fdbb1843c609d4b3771389c077f86c2dba</fieldentry>
            </qtimetadatafield>
            <qtimetadatafield>
              <fieldlabel>assessment_question_identifierref</fieldlabel>
              <fieldentry>text2qti_question_ref_908417a1cdf75835e8fae76a1c5491c49b304fcd03acc446465e1a36f959b764</fieldentry>
            </qtimetadatafield>
          </qtimetadata>
        </itemmetadata>
        <presentation>
          <material>
            <mattext texttype="text/html">&lt;p&gt;What will be the output of the following PHP code?3&lt;/p&gt;</mattext>
          </material>
          <response_lid ident="response1" rcardinality="Single">
            <render_choice>
              <response_label ident="text2qti_choice_77385349021eae6b4231854593c92a7b55fcc8b63592f0f601195036025f349c">
                <material>
                  <mattext texttype="text/html">&lt;p&gt;Error&lt;/p&gt;</mattext>
                </material>
              </response_label>
              <response_label ident="text2qti_choice_758278723a9cabad10af7fe363c356bfd509552613823098afbde9b6ea8928e4">
                <material>
                  <mattext texttype="text/html">&lt;p&gt;NULL undefined&lt;/p&gt;</mattext>
                </material>
              </response_label>
              <response_label ident="text2qti_choice_ff5f36bbb48839f84540adb1e4b3d21df7694c9137ab6a20673289eb366b3ff0">
                <material>
                  <mattext texttype="text/html">&lt;p&gt;NULL object&lt;/p&gt;</mattext>
                </material>
              </response_label>
              <response_label ident="text2qti_choice_89f87cee14cf44a070c7d2949b7e15fdbb1843c609d4b3771389c077f86c2dba">
                <material>
                  <mattext texttype="text/html">&lt;p&gt;NULL NULL&lt;/p&gt;</mattext>
                </material>
              </response_label>
            </render_choice>
          </response_lid>
        </presentation>
        <resprocessing>
          <outcomes>
            <decvar maxvalue="100" minvalue="0" varname="SCORE" vartype="Decimal"/>
          </outcomes>
          <respcondition continue="No">
            <conditionvar>
              <varequal respident="response1">text2qti_choice_89f87cee14cf44a070c7d2949b7e15fdbb1843c609d4b3771389c077f86c2dba</varequal>
            </conditionvar>
            <setvar action="Set" varname="SCORE">100</setvar>
          </respcondition>
        </resprocessing>
      </item>
      <item ident="text2qti_question_00fa4383537a4ec1a7ed8e850629666b1f525fe4f8b0fb76d18fd2433ff89785" title="Question">
        <itemmetadata>
          <qtimetadata>
            <qtimetadatafield>
              <fieldlabel>question_type</fieldlabel>
              <fieldentry>multiple_choice_question</fieldentry>
            </qtimetadatafield>
            <qtimetadatafield>
              <fieldlabel>points_possible</fieldlabel>
              <fieldentry>1</fieldentry>
            </qtimetadatafield>
            <qtimetadatafield>
              <fieldlabel>original_answer_ids</fieldlabel>
              <fieldentry>text2qti_choice_c79d60e822fbc4c568fff5f14f260675160b3e324b1d819795ee559199ef1cd4,text2qti_choice_108193ecef97a1966e87f2b83abf0a2fa5b740748f74c7d69ec30e22234a389b,text2qti_choice_02fd5ccd6288f4967daa57ddd8b0913b868ad6f257851db0104fd1207adf9a63,text2qti_choice_84c97143645957099beddfd90d8c93f9c5fb19482b74837469f619ca5f248008</fieldentry>
            </qtimetadatafield>
            <qtimetadatafield>
              <fieldlabel>assessment_question_identifierref</fieldlabel>
              <fieldentry>text2qti_question_ref_00fa4383537a4ec1a7ed8e850629666b1f525fe4f8b0fb76d18fd2433ff89785</fieldentry>
            </qtimetadatafield>
          </qtimetadata>
        </itemmetadata>
        <presentation>
          <material>
            <mattext texttype="text/html">&lt;p&gt;Which type is used to store the database call?&lt;/p&gt;</mattext>
          </material>
          <response_lid ident="response1" rcardinality="Single">
            <render_choice>
              <response_label ident="text2qti_choice_c79d60e822fbc4c568fff5f14f260675160b3e324b1d819795ee559199ef1cd4">
                <material>
                  <mattext texttype="text/html">&lt;p&gt;object&lt;/p&gt;</mattext>
                </material>
              </response_label>
              <response_label ident="text2qti_choice_108193ecef97a1966e87f2b83abf0a2fa5b740748f74c7d69ec30e22234a389b">
                <material>
                  <mattext texttype="text/html">&lt;p&gt;class&lt;/p&gt;</mattext>
                </material>
              </response_label>
              <response_label ident="text2qti_choice_02fd5ccd6288f4967daa57ddd8b0913b868ad6f257851db0104fd1207adf9a63">
                <material>
                  <mattext texttype="text/html">&lt;p&gt;resource&lt;/p&gt;</mattext>
                </material>
              </response_label>
              <response_label ident="text2qti_choice_84c97143645957099beddfd90d8c93f9c5fb19482b74837469f619ca5f248008">
                <material>
                  <mattext texttype="text/html">&lt;p&gt;string&lt;/p&gt;</mattext>
                </material>
              </response_label>
            </render_choice>
          </response_lid>
        </presentation>
        <resprocessing>
          <outcomes>
            <decvar maxvalue="100" minvalue="0" varname="SCORE" vartype="Decimal"/>
          </outcomes>
          <respcondition continue="No">
            <conditionvar>
              <varequal respident="response1">text2qti_choice_02fd5ccd6288f4967daa57ddd8b0913b868ad6f257851db0104fd1207adf9a63</varequal>
            </conditionvar>
            <setvar action="Set" varname="SCORE">100</setvar>
          </respcondition>
        </resprocessing>
      </item>
    </section>
  </assessment>
</questestinterop>
